1 / 766 contact pairs 0 SAT 148913
21 / 766 contact pairs 0 SAT 2894737
41 / 766 contact pairs 0 SAT 5565580
61 / 766 contact pairs 0 SAT 8158437
81 / 766 contact pairs 0 SAT 10681429
101 / 766 contact pairs 0 SAT 13118741
121 / 766 contact pairs 0 SAT 15484206
141 / 766 contact pairs 0 SAT 17756871
161 / 766 contact pairs 0 SAT 19951482
181 / 766 contact pairs 0 SAT 22048582
201 / 766 contact pairs 0 SAT 24056567
221 / 766 contact pairs 0 SAT 25959093
241 / 766 contact pairs 0 SAT 27777527
261 / 766 contact pairs 0 SAT 29491594
281 / 766 contact pairs 0 SAT 31123161
301 / 766 contact pairs 0 SAT 32649815
321 / 766 contact pairs 0 SAT 34082236
341 / 766 contact pairs 0 SAT 35426780
361 / 766 contact pairs 0 SAT 36546460
381 / 766 contact pairs 0 SAT 36554292
401 / 766 contact pairs 0 SAT 36554559
421 / 766 contact pairs 0 SAT 36554559
441 / 766 contact pairs 0 SAT 36554559
461 / 766 contact pairs 0 SAT 36554559
481 / 766 contact pairs 0 SAT 36554559
501 / 766 contact pairs 0 SAT 36554559
521 / 766 contact pairs 0 SAT 36554559
541 / 766 contact pairs 0 SAT 36554559
561 / 766 contact pairs 0 SAT 36554559
581 / 766 contact pairs 0 SAT 36554559
601 / 766 contact pairs 0 SAT 36554559
621 / 766 contact pairs 0 SAT 36554559
641 / 766 contact pairs 0 SAT 36554559
661 / 766 contact pairs 0 SAT 36554559
681 / 766 contact pairs 0 SAT 36554559
701 / 766 contact pairs 0 SAT 36554559
721 / 766 contact pairs 0 SAT 36554559
741 / 766 contact pairs 0 SAT 36554559
761 / 766 contact pairs 0 SAT 36554559
{
  "passed": true,
  "contacts": [],
  "fixedContacts": [
    {
      "names": [
        "Fuselage",
        "Dorsal_hatch_main"
      ],
      "groups": [
        "固定机体",
        "固定机体"
      ],
      "unfold": 0,
      "state": {
        "label": "full wing conversion",
        "wing": 0,
        "fold": [
          0,
          0.25,
          0.75,
          1
        ],
        "phase": [
          0,
          0,
          0,
          0
        ]
      },
      "surface": true,
      "contained": 0,
      "witness": {
        "meshA": "Fuselage",
        "meshB": "Dorsal_hatch_main",
        "triangleA": {
          "triangleIndex": 575,
          "vertexIndices": [
            875,
            942,
            876
          ],
          "vertices": [
            [
              0.27320021390914917,
              0.6015284061431885,
              0.7300000190734863
            ],
            [
              0.22380076348781586,
              0.5951426029205322,
              0.6208000183105469
            ],
            [
              0.22978787124156952,
              0.6167187690734863,
              0.7300000190734863
            ]
          ],
          "bounds": {
            "min": [
              0.22380076348781586,
              0.5951426029205322,
              0.6208000183105469
            ],
            "max": [
              0.27320021390914917,
              0.6167187690734863,
              0.7300000190734863
            ]
          }
        },
        "triangleB": {
          "triangleIndex": 710,
          "vertexIndices": [
            482,
            492,
            490
          ],
          "vertices": [
            [
              0.22748740017414093,
              0.6081173419952393,
              0.6880630254745483
            ],
            [
              0.240549236536026,
              0.6013439297676086,
              0.6779403686523438
            ],
            [
              0.24291962385177612,
              0.6041924953460693,
              0.678587019443512
            ]
          ],
          "bounds": {
            "min": [
              0.22748740017414093,
              0.6013439297676086,
              0.6779403686523438
            ],
            "max": [
              0.24291962385177612,
              0.6081173419952393,
              0.6880630254745483
            ]
          }
        },
        "coplanar": false,
        "epsilon": 1e-9,
        "maxSeparatingGap": -0.0003000332956656533,
        "toleranceOnly": false,
        "testedAxes": 17
      }
    },
    {
      "names": [
        "Fuselage",
        "Hatch_fastener_main"
      ],
      "groups": [
        "固定机体",
        "固定机体"
      ],
      "unfold": 0,
      "state": {
        "label": "full wing conversion",
        "wing": 0,
        "fold": [
          0,
          0.25,
          0.75,
          1
        ],
        "phase": [
          0,
          0,
          0,
          0
        ]
      },
      "surface": true,
      "contained": 0,
      "witness": {
        "meshA": "Fuselage",
        "meshB": "Hatch_fastener_main",
        "triangleA": {
          "triangleIndex": 3635,
          "vertexIndices": [
            942,
            1006,
            1007
          ],
          "vertices": [
            [
              0.22380076348781586,
              0.5951426029205322,
              0.6208000183105469
            ],
            [
              0.2169630080461502,
              0.5705267786979675,
              0.5123999714851379
            ],
            [
              0.17249351739883423,
              0.5814592242240906,
              0.5123999714851379
            ]
          ],
          "bounds": {
            "min": [
              0.17249351739883423,
              0.5705267786979675,
              0.5123999714851379
            ],
            "max": [
              0.22380076348781586,
              0.5951426029205322,
              0.6208000183105469
            ]
          }
        },
        "triangleB": {
          "triangleIndex": 22,
          "vertexIndices": [
            8,
            7,
            10
          ],
          "vertices": [
            [
              0.20970680225640537,
              0.5791802922335921,
              0.541999999769032
            ],
            [
              0.2117778699009627,
              0.5820087194442749,
              0.5440710674135893
            ],
            [
              0.2047068029642105,
              0.5820087194442749,
              0.5469999990612269
            ]
          ],
          "bounds": {
            "min": [
              0.2047068029642105,
              0.5791802922335921,
              0.541999999769032
            ],
            "max": [
              0.2117778699009627,
              0.5820087194442749,
              0.5469999990612269
            ]
          }
        },
        "coplanar": false,
        "epsilon": 1e-9,
        "maxSeparatingGap": -0.0002940083650578365,
        "toleranceOnly": false,
        "testedAxes": 17
      }
    },
    {
      "names": [
        "Fuselage",
        "Hatch_fastener_main001"
      ],
      "groups": [
        "固定机体",
        "固定机体"
      ],
      "unfold": 0,
      "state": {
        "label": "full wing conversion",
        "wing": 0,
        "fold": [
          0,
          0.25,
          0.75,
          1
        ],
        "phase": [
          0,
          0,
          0,
          0
        ]
      },
      "surface": true,
      "contained": 0,
      "witness": {
        "meshA": "Fuselage",
        "meshB": "Hatch_fastener_main001",
        "triangleA": {
          "triangleIndex": 3642,
          "vertexIndices": [
            1013,
            1014,
            950
          ],
          "vertices": [
            [
              -0.17249351739883423,
              0.5814592242240906,
              0.5123999714851379
            ],
            [
              -0.2169630080461502,
              0.5705267786979675,
              0.5123999714851379
            ],
            [
              -0.22380076348781586,
              0.5951426029205322,
              0.6208000183105469
            ]
          ],
          "bounds": {
            "min": [
              -0.22380076348781586,
              0.5705267786979675,
              0.5123999714851379
            ],
            "max": [
              -0.17249351739883423,
              0.5951426029205322,
              0.6208000183105469
            ]
          }
        },
        "triangleB": {
          "triangleIndex": 18,
          "vertexIndices": [
            8,
            7,
            10
          ],
          "vertices": [
            [
              -0.19970680367201565,
              0.5791802922335921,
              0.541999999769032
            ],
            [
              -0.19763573602745832,
              0.5820087194442749,
              0.5440710674135893
            ],
            [
              -0.2047068029642105,
              0.5820087194442749,
              0.5469999990612269
            ]
          ],
          "bounds": {
            "min": [
              -0.2047068029642105,
              0.5791802922335921,
              0.541999999769032
            ],
            "max": [
              -0.19763573602745832,
              0.5820087194442749,
              0.5469999990612269
            ]
          }
        },
        "coplanar": false,
        "epsilon": 1e-9,
        "maxSeparatingGap": -0.00007109599578325292,
        "toleranceOnly": false,
        "testedAxes": 17
      }
    },
    {
      "names": [
        "Fuselage",
        "Hatch_fastener_main002"
      ],
      "groups": [
        "固定机体",
        "固定机体"
      ],
      "unfold": 0,
      "state": {
        "label": "full wing conversion",
        "wing": 0,
        "fold": [
          0,
          0.25,
          0.75,
          1
        ],
        "phase": [
          0,
          0,
          0,
          0
        ]
      },
      "surface": true,
      "contained": 0,
      "witness": {
        "meshA": "Fuselage",
        "meshB": "Hatch_fastener_main002",
        "triangleA": {
          "triangleIndex": 4019,
          "vertexIndices": [
            1390,
            1391,
            1327
          ],
          "vertices": [
            [
              0.16569598019123077,
              0.41631531715393066,
              -0.17975999414920807
            ],
            [
              0.13173435628414154,
              0.4240202307701111,
              -0.17975999414920807
            ],
            [
              0.1393629014492035,
              0.4496133029460907,
              -0.057840000838041306
            ]
          ],
          "bounds": {
            "min": [
              0.13173435628414154,
              0.41631531715393066,
              -0.17975999414920807
            ],
            "max": [
              0.16569598019123077,
              0.4496133029460907,
              -0.057840000838041306
            ]
          }
        },
        "triangleB": {
          "triangleIndex": 21,
          "vertexIndices": [
            8,
            7,
            10
          ],
          "vertices": [
            [
              0.16059874404221774,
              0.4187363604155837,
              -0.17200000178068875
            ],
            [
              0.16266981168677508,
              0.4215647876262665,
              -0.16992893413613142
            ],
            [
              0.1555987447500229,
              0.4215647876262665,
              -0.1670000024884939
            ]
          ],
          "bounds": {
            "min": [
              0.1555987447500229,
              0.4187363604155837,
              -0.17200000178068875
            ],
            "max": [
              0.16266981168677508,
              0.4215647876262665,
              -0.1670000024884939
            ]
          }
        },
        "coplanar": false,
        "epsilon": 1e-9,
        "maxSeparatingGap": -0.00045205267281633096,
        "toleranceOnly": false,
        "testedAxes": 17
      }
    },
    {
      "names": [
        "Fuselage",
        "Hatch_fastener_main003"
      ],
      "groups": [
        "固定机体",
        "固定机体"
      ],
      "unfold": 0,
      "state": {
        "label": "full wing conversion",
        "wing": 0,
        "fold": [
          0,
          0.25,
          0.75,
          1
        ],
        "phase": [
          0,
          0,
          0,
          0
        ]
      },
      "surface": true,
      "contained": 0,
      "witness": {
        "meshA": "Fuselage",
        "meshB": "Hatch_fastener_main003",
        "triangleA": {
          "triangleIndex": 4026,
          "vertexIndices": [
            1333,
            1397,
            1398
          ],
          "vertices": [
            [
              -0.1393629014492035,
              0.4496133029460907,
              -0.057840000838041306
            ],
            [
              -0.13173435628414154,
              0.4240202307701111,
              -0.17975999414920807
            ],
            [
              -0.16569598019123077,
              0.41631531715393066,
              -0.17975999414920807
            ]
          ],
          "bounds": {
            "min": [
              -0.16569598019123077,
              0.41631531715393066,
              -0.17975999414920807
            ],
            "max": [
              -0.13173435628414154,
              0.4496133029460907,
              -0.057840000838041306
            ]
          }
        },
        "triangleB": {
          "triangleIndex": 21,
          "vertexIndices": [
            8,
            7,
            10
          ],
          "vertices": [
            [
              -0.15059874545782803,
              0.4187363604155837,
              -0.17200000178068875
            ],
            [
              -0.1485276778132707,
              0.4215647876262665,
              -0.16992893413613142
            ],
            [
              -0.1555987447500229,
              0.4215647876262665,
              -0.1670000024884939
            ]
          ],
          "bounds": {
            "min": [
              -0.1555987447500229,
              0.4187363604155837,
              -0.17200000178068875
            ],
            "max": [
              -0.1485276778132707,
              0.4215647876262665,
              -0.1670000024884939
            ]
          }
        },
        "coplanar": false,
        "epsilon": 1e-9,
        "maxSeparatingGap": -0.00009434655369717007,
        "toleranceOnly": false,
        "testedAxes": 17
      }
    },
    {
      "names": [
        "Fuselage",
        "Tail_boom_join"
      ],
      "groups": [
        "固定机体",
        "固定机体"
      ],
      "unfold": 0,
      "state": {
        "label": "full wing conversion",
        "wing": 0,
        "fold": [
          0,
          0.25,
          0.75,
          1
        ],
        "phase": [
          0,
          0,
          0,
          0
        ]
      },
      "surface": true,
      "contained": 0,
      "witness": {
        "meshA": "Fuselage",
        "meshB": "Tail_boom_join",
        "triangleA": {
          "triangleIndex": 13016,
          "vertexIndices": [
            6923,
            6924,
            6775
          ],
          "vertices": [
            [
              0.086412712931633,
              0.15390242636203766,
              -2.0999999046325684
            ],
            [
              0.08025208860635757,
              0.15904654562473297,
              -2.0999999046325684
            ],
            [
              0.08709826320409775,
              0.16390210390090942,
              -1.9972000122070312
            ]
          ],
          "bounds": {
            "min": [
              0.08025208860635757,
              0.15390242636203766,
              -2.0999999046325684
            ],
            "max": [
              0.08709826320409775,
              0.16390210390090942,
              -1.9972000122070312
            ]
          }
        },
        "triangleB": {
          "triangleIndex": 43,
          "vertexIndices": [
            29,
            34,
            33
          ],
          "vertices": [
            [
              0.08999896049499512,
              0.15264169871807098,
              -2.0799999237060547
            ],
            [
              0.0837053507566452,
              0.1621125340461731,
              -2.0769999027252197
            ],
            [
              0.08190488815307617,
              0.15971288084983826,
              -2.0799999237060547
            ]
          ],
          "bounds": {
            "min": [
              0.08190488815307617,
              0.15264169871807098,
              -2.0799999237060547
            ],
            "max": [
              0.08999896049499512,
              0.1621125340461731,
              -2.0769999027252197
            ]
          }
        },
        "coplanar": false,
        "epsilon": 1e-9,
        "maxSeparatingGap": -0.00014241430600612517,
        "toleranceOnly": false,
        "testedAxes": 17
      }
    },
    {
      "names": [
        "Fuselage",
        "Dorsal_small_receiver"
      ],
      "groups": [
        "固定机体",
        "固定机体"
      ],
      "unfold": 0,
      "state": {
        "label": "full wing conversion",
        "wing": 0,
        "fold": [
          0,
          0.25,
          0.75,
          1
        ],
        "phase": [
          0,
          0,
          0,
          0
        ]
      },
      "surface": true,
      "contained": 0,
      "witness": {
        "meshA": "Fuselage",
        "meshB": "Dorsal_small_receiver",
        "triangleA": {
          "triangleIndex": 328,
          "vertexIndices": [
            615,
            616,
            557
          ],
          "vertices": [
            [
              0.0784049853682518,
              0.6942580938339233,
              1.063599944114685
            ],
            [
              1.9058170162454188e-14,
              0.7085279822349548,
              1.173200011253357
            ],
            [
              0.07937208563089371,
              0.7066544890403748,
              1.173200011253357
            ]
          ],
          "bounds": {
            "min": [
              1.9058170162454188e-14,
              0.6942580938339233,
              1.063599944114685
            ],
            "max": [
              0.07937208563089371,
              0.7085279822349548,
              1.173200011253357
            ]
          }
        },
        "triangleB": {
          "triangleIndex": 110,
          "vertexIndices": [
            49,
            48,
            55
          ],
          "vertices": [
            [
              0.019899523072737235,
              0.7062302231788635,
              1.1618999601524251
            ],
            [
              0.018384765527484248,
              0.7119704748897198,
              1.1571881040274796
            ],
            [
              -1.2397766369076635e-8,
              0.7119704748897198,
              1.1618999481718912
            ]
          ],
          "bounds": {
            "min": [
              -1.2397766369076635e-8,
              0.7062302231788635,
              1.1571881040274796
            ],
            "max": [
              0.019899523072737235,
              0.7119704748897198,
              1.1618999601524251
            ]
          }
        },
        "coplanar": false,
        "epsilon": 1e-9,
        "maxSeparatingGap": -0.0005439663548650765,
        "toleranceOnly": false,
        "testedAxes": 17
      }
    },
    {
      "names": [
        "Fuselage",
        "Tail_receiver"
      ],
      "groups": [
        "固定机体",
        "固定机体"
      ],
      "unfold": 0,
      "state": {
        "label": "full wing conversion",
        "wing": 0,
        "fold": [
          0,
          0.25,
          0.75,
          1
        ],
        "phase": [
          0,
          0,
          0,
          0
        ]
      },
      "surface": true,
      "contained": 0,
      "witness": {
        "meshA": "Fuselage",
        "meshB": "Tail_receiver",
        "triangleA": {
          "triangleIndex": 12078,
          "vertexIndices": [
            5813,
            5717,
            5716
          ],
          "vertices": [
            [
              8.03381697240613e-15,
              0.2759999930858612,
              -0.9900000095367432
            ],
            [
              -0.0334586575627327,
              0.27533233165740967,
              -0.9900000095367432
            ],
            [
              8.655844087551798e-15,
              0.2943840026855469,
              -0.8771200180053711
            ]
          ],
          "bounds": {
            "min": [
              -0.0334586575627327,
              0.27533233165740967,
              -0.9900000095367432
            ],
            "max": [
              8.655844087551798e-15,
              0.2943840026855469,
              -0.8771200180053711
            ]
          }
        },
        "triangleB": {
          "triangleIndex": 107,
          "vertexIndices": [
            50,
            56,
            57
          ],
          "vertices": [
            [
              0.012727913785434808,
              0.27758083601774597,
              -0.9656152120015644
            ],
            [
              -1.2874602717261041e-8,
              0.2821730375289917,
              -0.9579999893903732
            ],
            [
              -8.583068478174027e-9,
              0.27758083601774597,
              -0.9619582583528858
            ]
          ],
          "bounds": {
            "min": [
              -1.2874602717261041e-8,
              0.27758083601774597,
              -0.9656152120015644
            ],
            "max": [
              0.012727913785434808,
              0.2821730375289917,
              -0.9579999893903732
            ]
          }
        },
        "coplanar": false,
        "epsilon": 1e-9,
        "maxSeparatingGap": -1.1829418005741809e-8,
        "toleranceOnly": false,
        "testedAxes": 17
      }
    },
    {
      "names": [
        "Fuselage",
        "Dorsal_antenna"
      ],
      "groups": [
        "固定机体",
        "固定机体"
      ],
      "unfold": 0,
      "state": {
        "label": "full wing conversion",
        "wing": 0,
        "fold": [
          0,
          0.25,
          0.75,
          1
        ],
        "phase": [
          0,
          0,
          0,
          0
        ]
      },
      "surface": true,
      "contained": 0,
      "witness": {
        "meshA": "Fuselage",
        "meshB": "Dorsal_antenna",
        "triangleA": {
          "triangleIndex": 3446,
          "vertexIndices": [
            791,
            880,
            792
          ],
          "vertices": [
            [
              0.07583535462617874,
              0.6617847084999084,
              0.8407999873161316
            ],
            [
              1.8208960340525444e-14,
              0.6635519862174988,
              0.8407999873161316
            ],
            [
              1.8544564958622965e-14,
              0.6810160279273987,
              0.9524000287055969
            ]
          ],
          "bounds": {
            "min": [
              1.8208960340525444e-14,
              0.6617847084999084,
              0.8407999873161316
            ],
            "max": [
              0.07583535462617874,
              0.6810160279273987,
              0.9524000287055969
            ]
          }
        },
        "triangleB": {
          "triangleIndex": 15,
          "vertexIndices": [
            15,
            34,
            33
          ],
          "vertices": [
            [
              1.835587312302902e-14,
              0.6709818243980408,
              0.8959473371505737
            ],
            [
              1.835587312302902e-14,
              0.8230441808700562,
              0.8759473562240601
            ],
            [
              -0.0042426404543221,
              0.8228119015693665,
              0.8742054104804993
            ]
          ],
          "bounds": {
            "min": [
              -0.0042426404543221,
              0.6709818243980408,
              0.8742054104804993
            ],
            "max": [
              1.835587312302902e-14,
              0.8230441808700562,
              0.8959473371505737
            ]
          }
        },
        "coplanar": false,
        "epsilon": 1e-9,
        "maxSeparatingGap": 0,
        "toleranceOnly": false,
        "testedAxes": 17
      }
    },
    {
      "names": [
        "Fuselage",
        "Ventral_antenna"
      ],
      "groups": [
        "固定机体",
        "固定机体"
      ],
      "unfold": 0,
      "state": {
        "label": "full wing conversion",
        "wing": 0,
        "fold": [
          0,
          0.25,
          0.75,
          1
        ],
        "phase": [
          0,
          0,
          0,
          0
        ]
      },
      "surface": true,
      "contained": 0,
      "witness": {
        "meshA": "Fuselage",
        "meshB": "Ventral_antenna",
        "triangleA": {
          "triangleIndex": 7868,
          "vertexIndices": [
            4449,
            4467,
            4468
          ],
          "vertices": [
            [
              -0.09000000357627869,
              -0.23128639161586761,
              1.6845158338546753
            ],
            [
              -0.04500000178813934,
              -0.22791635990142822,
              1.681963562965393
            ],
            [
              -0.04500000178813934,
              -0.22347113490104675,
              1.7180306911468506
            ]
          ],
          "bounds": {
            "min": [
              -0.09000000357627869,
              -0.23128639161586761,
              1.681963562965393
            ],
            "max": [
              -0.04500000178813934,
              -0.22347113490104675,
              1.7180306911468506
            ]
          }
        },
        "triangleB": {
          "triangleIndex": 0,
          "vertexIndices": [
            0,
            1,
            9
          ],
          "vertices": [
            [
              -0.05742558836936951,
              -0.21276473999023438,
              1.6799999475479126
            ],
            [
              -0.05962228775024414,
              -0.21276473999023438,
              1.6853032112121582
            ],
            [
              -0.05962228775024414,
              -0.45276474952697754,
              1.6853032112121582
            ]
          ],
          "bounds": {
            "min": [
              -0.05962228775024414,
              -0.45276474952697754,
              1.6799999475479126
            ],
            "max": [
              -0.05742558836936951,
              -0.21276473999023438,
              1.6853032112121582
            ]
          }
        },
        "coplanar": false,
        "epsilon": 1e-9,
        "maxSeparatingGap": -0.0025062862580583455,
        "toleranceOnly": false,
        "testedAxes": 17
      }
    },
    {
      "names": [
        "Fuselage",
        "Ventral_antenna001"
      ],
      "groups": [
        "固定机体",
        "固定机体"
      ],
      "unfold": 0,
      "state": {
        "label": "full wing conversion",
        "wing": 0,
        "fold": [
          0,
          0.25,
          0.75,
          1
        ],
        "phase": [
          0,
          0,
          0,
          0
        ]
      },
      "surface": true,
      "contained": 0,
      "witness": {
        "meshA": "Fuselage",
        "meshB": "Ventral_antenna001",
        "triangleA": {
          "triangleIndex": 2957,
          "vertexIndices": [
            97,
            98,
            42
          ],
          "vertices": [
            [
              -1.4339600335052868e-14,
              -0.1953119933605194,
              1.8762400150299072
            ],
            [
              0.07419560104608536,
              -0.1937352418899536,
              1.8762400150299072
            ],
            [
              0.06986403465270996,
              -0.17860376834869385,
              1.9727200269699097
            ]
          ],
          "bounds": {
            "min": [
              -1.4339600335052868e-14,
              -0.1953119933605194,
              1.8762400150299072
            ],
            "max": [
              0.07419560104608536,
              -0.17860376834869385,
              1.9727200269699097
            ]
          }
        },
        "triangleB": {
          "triangleIndex": 2,
          "vertexIndices": [
            1,
            2,
            10
          ],
          "vertices": [
            [
              0.0746416375041008,
              -0.1937367022037506,
              1.8753032684326172
            ],
            [
              0.06933833658695221,
              -0.1937367022037506,
              1.877500057220459
            ],
            [
              0.06933833658695221,
              -0.36373668909072876,
              1.877500057220459
            ]
          ],
          "bounds": {
            "min": [
              0.06933833658695221,
              -0.36373668909072876,
              1.8753032684326172
            ],
            "max": [
              0.0746416375041008,
              -0.1937367022037506,
              1.877500057220459
            ]
          }
        },
        "coplanar": false,
        "epsilon": 1e-9,
        "maxSeparatingGap": -0.00003706168568424448,
        "toleranceOnly": false,
        "testedAxes": 17
      }
    },
    {
      "names": [
        "Fuselage",
        "Ventral_small_sensor"
      ],
      "groups": [
        "固定机体",
        "固定机体"
      ],
      "unfold": 0,
      "state": {
        "label": "full wing conversion",
        "wing": 0,
        "fold": [
          0,
          0.25,
          0.75,
          1
        ],
        "phase": [
          0,
          0,
          0,
          0
        ]
      },
      "surface": true,
      "contained": 0,
      "witness": {
        "meshA": "Fuselage",
        "meshB": "Ventral_small_sensor",
        "triangleA": {
          "triangleIndex": 6110,
          "vertexIndices": [
            35,
            34,
            1754
          ],
          "vertices": [
            [
              -0.06580906361341476,
              -0.16533911228179932,
              2.041734218597412
            ],
            [
              -0.000027816908186650835,
              -0.1668936312198639,
              2.0420000553131104
            ],
            [
              -0.06247420981526375,
              -0.1394820511341095,
              2.0417308807373047
            ]
          ],
          "bounds": {
            "min": [
              -0.06580906361341476,
              -0.1668936312198639,
              2.0417308807373047
            ],
            "max": [
              -0.000027816908186650835,
              -0.1394820511341095,
              2.0420000553131104
            ]
          }
        },
        "triangleB": {
          "triangleIndex": 90,
          "vertexIndices": [
            192,
            138,
            159
          ],
          "vertices": [
            [
              -0.04816480353474617,
              -0.16430348064750433,
              1.966999989002943
            ],
            [
              -0.04816480353474617,
              -0.16430348064750433,
              2.0529999919235706
            ],
            [
              -0.043215058743953705,
              -0.1663537323474884,
              2.052999995648861
            ]
          ],
          "bounds": {
            "min": [
              -0.04816480353474617,
              -0.1663537323474884,
              1.966999989002943
            ],
            "max": [
              -0.043215058743953705,
              -0.16430348064750433,
              2.052999995648861
            ]
          }
        },
        "coplanar": false,
        "epsilon": 1e-9,
        "maxSeparatingGap": -0.0014521890552311066,
        "toleranceOnly": false,
        "testedAxes": 17
      }
    },
    {
      "names": [
        "Fuselage",
        "Ventral_tail_tab"
      ],
      "groups": [
        "固定机体",
        "固定机体"
      ],
      "unfold": 0,
      "state": {
        "label": "full wing conversion",
        "wing": 0,
        "fold": [
          0,
          0.25,
          0.75,
          1
        ],
        "phase": [
          0,
          0,
          0,
          0
        ]
      },
      "surface": true,
      "contained": 0,
      "witness": {
        "meshA": "Fuselage",
        "meshB": "Ventral_tail_tab",
        "triangleA": {
          "triangleIndex": 17289,
          "vertexIndices": [
            11414,
            11351,
            11415
          ],
          "vertices": [
            [
              -0.01630531996488571,
              0.02229214832186699,
              -1.9972000122070312
            ],
            [
              -1.0833337096046846e-14,
              0.0180479995906353,
              -1.8883999586105347
            ],
            [
              -1.009472013087636e-14,
              0.02205600030720234,
              -1.9972000122070312
            ]
          ],
          "bounds": {
            "min": [
              -0.01630531996488571,
              0.0180479995906353,
              -1.9972000122070312
            ],
            "max": [
              -1.009472013087636e-14,
              0.02229214832186699,
              -1.8883999586105347
            ]
          }
        },
        "triangleB": {
          "triangleIndex": 9,
          "vertexIndices": [
            11,
            14,
            2
          ],
          "vertices": [
            [
              -0.01600000075995922,
              0.02500000037252903,
              -2.2300000190734863
            ],
            [
              -0.013000000268220901,
              -0.23000000417232513,
              -2
            ],
            [
              -0.01600000075995922,
              0.02500000037252903,
              -1.9600000381469727
            ]
          ],
          "bounds": {
            "min": [
              -0.01600000075995922,
              -0.23000000417232513,
              -2.2300000190734863
            ],
            "max": [
              -0.013000000268220901,
              0.02500000037252903,
              -1.9600000381469727
            ]
          }
        },
        "coplanar": false,
        "epsilon": 1e-9,
        "maxSeparatingGap": -0.00033715296094508713,
        "toleranceOnly": false,
        "testedAxes": 17
      }
    },
    {
      "names": [
        "Fuselage",
        "ActuatorSideSlot_L"
      ],
      "groups": [
        "固定机体",
        "固定机体"
      ],
      "unfold": 0,
      "state": {
        "label": "full wing conversion",
        "wing": 0,
        "fold": [
          0,
          0.25,
          0.75,
          1
        ],
        "phase": [
          0,
          0,
          0,
          0
        ]
      },
      "surface": true,
      "contained": 0,
      "witness": {
        "meshA": "Fuselage",
        "meshB": "ActuatorSideSlot_L",
        "triangleA": {
          "triangleIndex": 13763,
          "vertexIndices": [
            9818,
            9820,
            9821
          ],
          "vertices": [
            [
              -0.1367071270942688,
              0.10599999874830246,
              -1.6624000072479248
            ],
            [
              -0.14796024560928345,
              0.10599999874830246,
              -1.5499999523162842
            ],
            [
              -0.1487376093864441,
              0.10599999874830246,
              -1.5433772802352905
            ]
          ],
          "bounds": {
            "min": [
              -0.1487376093864441,
              0.10599999874830246,
              -1.6624000072479248
            ],
            "max": [
              -0.1367071270942688,
              0.10599999874830246,
              -1.5433772802352905
            ]
          }
        },
        "triangleB": {
          "triangleIndex": 347,
          "vertexIndices": [
            392,
            334,
            119
          ],
          "vertices": [
            [
              -0.1445000022649765,
              0.11324622482061386,
              -1.6216269731521606
            ],
            [
              -0.1445000022649765,
              0.10599999874830246,
              -1.6245113611221313
            ],
            [
              -0.1445000022649765,
              0.10599999874830246,
              -1.3949999809265137
            ]
          ],
          "bounds": {
            "min": [
              -0.1445000022649765,
              0.10599999874830246,
              -1.6245113611221313
            ],
            "max": [
              -0.1445000022649765,
              0.11324622482061386,
              -1.3949999809265137
            ]
          }
        },
        "coplanar": false,
        "epsilon": 1e-9,
        "maxSeparatingGap": 0,
        "toleranceOnly": false,
        "testedAxes": 17
      }
    },
    {
      "names": [
        "Fuselage",
        "ActuatorSideSlot_R"
      ],
      "groups": [
        "固定机体",
        "固定机体"
      ],
      "unfold": 0,
      "state": {
        "label": "full wing conversion",
        "wing": 0,
        "fold": [
          0,
          0.25,
          0.75,
          1
        ],
        "phase": [
          0,
          0,
          0,
          0
        ]
      },
      "surface": true,
      "contained": 0,
      "witness": {
        "meshA": "Fuselage",
        "meshB": "ActuatorSideSlot_R",
        "triangleA": {
          "triangleIndex": 14177,
          "vertexIndices": [
            10005,
            10008,
            10010
          ],
          "vertices": [
            [
              0.15127569437026978,
              0.10599999874830246,
              -1.5217530727386475
            ],
            [
              0.14706361293792725,
              0.10599999874830246,
              -1.5589574575424194
            ],
            [
              0.13495004177093506,
              0.10599999874830246,
              -1.6832414865493774
            ]
          ],
          "bounds": {
            "min": [
              0.13495004177093506,
              0.10599999874830246,
              -1.6832414865493774
            ],
            "max": [
              0.15127569437026978,
              0.10599999874830246,
              -1.5217530727386475
            ]
          }
        },
        "triangleB": {
          "triangleIndex": 348,
          "vertexIndices": [
            119,
            334,
            392
          ],
          "vertices": [
            [
              0.1445000022649765,
              0.10599999874830246,
              -1.3949999809265137
            ],
            [
              0.1445000022649765,
              0.10599999874830246,
              -1.6245113611221313
            ],
            [
              0.1445000022649765,
              0.11324622482061386,
              -1.6216269731521606
            ]
          ],
          "bounds": {
            "min": [
              0.1445000022649765,
              0.10599999874830246,
              -1.6245113611221313
            ],
            "max": [
              0.1445000022649765,
              0.11324622482061386,
              -1.3949999809265137
            ]
          }
        },
        "coplanar": false,
        "epsilon": 1e-9,
        "maxSeparatingGap": 0,
        "toleranceOnly": false,
        "testedAxes": 17
      }
    },
    {
      "names": [
        "Fuselage",
        "Lower_fuselage_join"
      ],
      "groups": [
        "固定机体",
        "固定机体"
      ],
      "unfold": 0,
      "state": {
        "label": "full wing conversion",
        "wing": 0,
        "fold": [
          0,
          0.25,
          0.75,
          1
        ],
        "phase": [
          0,
          0,
          0,
          0
        ]
      },
      "surface": true,
      "contained": 0,
      "witness": {
        "meshA": "Fuselage",
        "meshB": "Lower_fuselage_join",
        "triangleA": {
          "triangleIndex": 3291,
          "vertexIndices": [
            580,
            581,
            515
          ],
          "vertices": [
            [
              -0.46812257170677185,
              -0.07046671211719513,
              1.173200011253357
            ],
            [
              -0.4406369924545288,
              -0.09892633557319641,
              1.173200011253357
            ],
            [
              -0.4449850916862488,
              -0.0981600433588028,
              1.2799999713897705
            ]
          ],
          "bounds": {
            "min": [
              -0.46812257170677185,
              -0.09892633557319641,
              1.173200011253357
            ],
            "max": [
              -0.4406369924545288,
              -0.07046671211719513,
              1.2799999713897705
            ]
          }
        },
        "triangleB": {
          "triangleIndex": 4,
          "vertexIndices": [
            2,
            3,
            7
          ],
          "vertices": [
            [
              -0.46075600385665894,
              -0.09208357334136963,
              1.3398470878601074
            ],
            [
              -0.4577594995498657,
              -0.08908358216285706,
              1.339991807937622
            ],
            [
              -0.43530479073524475,
              -0.09030156582593918,
              0.9000562429428101
            ]
          ],
          "bounds": {
            "min": [
              -0.46075600385665894,
              -0.09208357334136963,
              0.9000562429428101
            ],
            "max": [
              -0.43530479073524475,
              -0.08908358216285706,
              1.339991807937622
            ]
          }
        },
        "coplanar": false,
        "epsilon": 1e-9,
        "maxSeparatingGap": -0.0003239320589919891,
        "toleranceOnly": false,
        "testedAxes": 17
      }
    },
    {
      "names": [
        "Fuselage",
        "Lower_fuselage_join001"
      ],
      "groups": [
        "固定机体",
        "固定机体"
      ],
      "unfold": 0,
      "state": {
        "label": "full wing conversion",
        "wing": 0,
        "fold": [
          0,
          0.25,
          0.75,
          1
        ],
        "phase": [
          0,
          0,
          0,
          0
        ]
      },
      "surface": true,
      "contained": 0,
      "witness": {
        "meshA": "Fuselage",
        "meshB": "Lower_fuselage_join001",
        "triangleA": {
          "triangleIndex": 12831,
          "vertexIndices": [
            8491,
            6839,
            8497
          ],
          "vertices": [
            [
              -0.09558522701263428,
              0.034675970673561096,
              -1.933644413948059
            ],
            [
              -0.09549999982118607,
              0.03997534140944481,
              -1.9972000122070312
            ],
            [
              -0.09557739645242691,
              0.03463488817214966,
              -1.9333759546279907
            ]
          ],
          "bounds": {
            "min": [
              -0.09558522701263428,
              0.03463488817214966,
              -1.9972000122070312
            ],
            "max": [
              -0.09549999982118607,
              0.03997534140944481,
              -1.9333759546279907
            ]
          }
        },
        "triangleB": {
          "triangleIndex": 40,
          "vertexIndices": [
            6,
            2,
            10
          ],
          "vertices": [
            [
              -0.09977784752845764,
              0.034425318241119385,
              -1.9512879848480225
            ],
            [
              -0.09377820789813995,
              0.034425318241119385,
              -1.9512214660644531
            ],
            [
              -0.09678059071302414,
              0.03741636127233505,
              -1.9510231018066406
            ]
          ],
          "bounds": {
            "min": [
              -0.09977784752845764,
              0.034425318241119385,
              -1.9512879848480225
            ],
            "max": [
              -0.09377820789813995,
              0.03741636127233505,
              -1.9510231018066406
            ]
          }
        },
        "coplanar": false,
        "epsilon": 1e-9,
        "maxSeparatingGap": -0.00005501751698662417,
        "toleranceOnly": false,
        "testedAxes": 17
      }
    },
    {
      "names": [
        "Fuselage",
        "Lower_fuselage_join002"
      ],
      "groups": [
        "固定机体",
        "固定机体"
      ],
      "unfold": 0,
      "state": {
        "label": "full wing conversion",
        "wing": 0,
        "fold": [
          0,
          0.25,
          0.75,
          1
        ],
        "phase": [
          0,
          0,
          0,
          0
        ]
      },
      "surface": true,
      "contained": 0,
      "witness": {
        "meshA": "Fuselage",
        "meshB": "Lower_fuselage_join002",
        "triangleA": {
          "triangleIndex": 3300,
          "vertexIndices": [
            535,
            593,
            594
          ],
          "vertices": [
            [
              0.4449850916862488,
              -0.0981600433588028,
              1.2799999713897705
            ],
            [
              0.4406369924545288,
              -0.09892633557319641,
              1.173200011253357
            ],
            [
              0.46812257170677185,
              -0.07046671211719513,
              1.173200011253357
            ]
          ],
          "bounds": {
            "min": [
              0.4406369924545288,
              -0.09892633557319641,
              1.173200011253357
            ],
            "max": [
              0.46812257170677185,
              -0.07046671211719513,
              1.2799999713897705
            ]
          }
        },
        "triangleB": {
          "triangleIndex": 7,
          "vertexIndices": [
            3,
            4,
            7
          ],
          "vertices": [
            [
              0.4577594995498657,
              -0.08908358216285706,
              1.339991807937622
            ],
            [
              0.4382916986942291,
              -0.09330103546380997,
              0.8997705578804016
            ],
            [
              0.43530479073524475,
              -0.09030156582593918,
              0.9000562429428101
            ]
          ],
          "bounds": {
            "min": [
              0.43530479073524475,
              -0.09330103546380997,
              0.8997705578804016
            ],
            "max": [
              0.4577594995498657,
              -0.08908358216285706,
              1.339991807937622
            ]
          }
        },
        "coplanar": false,
        "epsilon": 1e-9,
        "maxSeparatingGap": -0.00032393205899198564,
        "toleranceOnly": false,
        "testedAxes": 17
      }
    },
    {
      "names": [
        "Fuselage",
        "Lower_fuselage_join003"
      ],
      "groups": [
        "固定机体",
        "固定机体"
      ],
      "unfold": 0,
      "state": {
        "label": "full wing conversion",
        "wing": 0,
        "fold": [
          0,
          0.25,
          0.75,
          1
        ],
        "phase": [
          0,
          0,
          0,
          0
        ]
      },
      "surface": true,
      "contained": 0,
      "witness": {
        "meshA": "Fuselage",
        "meshB": "Lower_fuselage_join003",
        "triangleA": {
          "triangleIndex": 12915,
          "vertexIndices": [
            9503,
            6866,
            6876
          ],
          "vertices": [
            [
              0.09557739645242691,
              0.034747928380966187,
              -1.9333759546279907
            ],
            [
              0.09549999982118607,
              0.03416638821363449,
              -1.9299999475479126
            ],
            [
              0.09549999982118607,
              0.03997534140944481,
              -1.9972000122070312
            ]
          ],
          "bounds": {
            "min": [
              0.09549999982118607,
              0.03416638821363449,
              -1.9972000122070312
            ],
            "max": [
              0.09557739645242691,
              0.03997534140944481,
              -1.9299999475479126
            ]
          }
        },
        "triangleB": {
          "triangleIndex": 2,
          "vertexIndices": [
            11,
            16,
            7
          ],
          "vertices": [
            [
              0.09678059071302414,
              0.03741636127233505,
              -1.9510231018066406
            ],
            [
              0.0937146544456482,
              0.03522726520895958,
              -1.9610984325408936
            ],
            [
              0.09377820789813995,
              0.034425318241119385,
              -1.9512214660644531
            ]
          ],
          "bounds": {
            "min": [
              0.0937146544456482,
              0.034425318241119385,
              -1.9610984325408936
            ],
            "max": [
              0.09678059071302414,
              0.03741636127233505,
              -1.9510231018066406
            ]
          }
        },
        "coplanar": false,
        "epsilon": 1e-9,
        "maxSeparatingGap": -0.0000025558982751703978,
        "toleranceOnly": false,
        "testedAxes": 17
      }
    },
    {
      "names": [
        "Fuselage",
        "V_tail_L"
      ],
      "groups": [
        "固定机体",
        "固定机体"
      ],
      "unfold": 0,
      "state": {
        "label": "full wing conversion",
        "wing": 0,
        "fold": [
          0,
          0.25,
          0.75,
          1
        ],
        "phase": [
          0,
          0,
          0,
          0
        ]
      },
      "surface": true,
      "contained": 0,
      "witness": {
        "meshA": "Fuselage",
        "meshB": "V_tail_L",
        "triangleA": {
          "triangleIndex": 12715,
          "vertexIndices": [
            6722,
            6635,
            6721
          ],
          "vertices": [
            [
              -0.08541994541883469,
              0.17372137308120728,
              -1.8883999586105347
            ],
            [
              -0.08181258291006088,
              0.18368183076381683,
              -1.7760000228881836
            ],
            [
              -0.07651296257972717,
              0.17827647924423218,
              -1.8883999586105347
            ]
          ],
          "bounds": {
            "min": [
              -0.08541994541883469,
              0.17372137308120728,
              -1.8883999586105347
            ],
            "max": [
              -0.07651296257972717,
              0.18368183076381683,
              -1.7760000228881836
            ]
          }
        },
        "triangleB": {
          "triangleIndex": 115,
          "vertexIndices": [
            7,
            62,
            61
          ],
          "vertices": [
            [
              -0.06499999761581421,
              0.1657858043909073,
              -1.862721562385559
            ],
            [
              -0.30000001192092896,
              0.35172128677368164,
              -1.9605399370193481
            ],
            [
              -0.30000001192092896,
              0.3445877730846405,
              -1.9110978841781616
            ]
          ],
          "bounds": {
            "min": [
              -0.30000001192092896,
              0.1657858043909073,
              -1.9605399370193481
            ],
            "max": [
              -0.06499999761581421,
              0.35172128677368164,
              -1.862721562385559
            ]
          }
        },
        "coplanar": false,
        "epsilon": 1e-9,
        "maxSeparatingGap": -0.0031896382714583687,
        "toleranceOnly": false,
        "testedAxes": 17
      }
    },
    {
      "names": [
        "Fuselage",
        "V_tail_blue_leading_L"
      ],
      "groups": [
        "固定机体",
        "固定机体"
      ],
      "unfold": 0,
      "state": {
        "label": "full wing conversion",
        "wing": 0,
        "fold": [
          0,
          0.25,
          0.75,
          1
        ],
        "phase": [
          0,
          0,
          0,
          0
        ]
      },
      "surface": true,
      "contained": 0,
      "witness": {
        "meshA": "Fuselage",
        "meshB": "V_tail_blue_leading_L",
        "triangleA": {
          "triangleIndex": 12714,
          "vertexIndices": [
            6721,
            6634,
            6720
          ],
          "vertices": [
            [
              -0.07651296257972717,
              0.17827647924423218,
              -1.8883999586105347
            ],
            [
              -0.07138346880674362,
              0.18779043853282928,
              -1.7760000228881836
            ],
            [
              -0.06675941497087479,
              0.18216648697853088,
              -1.8883999586105347
            ]
          ],
          "bounds": {
            "min": [
              -0.07651296257972717,
              0.17827647924423218,
              -1.8883999586105347
            ],
            "max": [
              -0.06675941497087479,
              0.18779043853282928,
              -1.7760000228881836
            ]
          }
        },
        "triangleB": {
          "triangleIndex": 14,
          "vertexIndices": [
            7,
            8,
            17
          ],
          "vertices": [
            [
              -0.06499999761581421,
              0.16923274099826813,
              -1.866687536239624
            ],
            [
              -0.06499999761581421,
              0.17063558101654053,
              -1.8804999589920044
            ],
            [
              -0.30000001192092896,
              0.3563268482685089,
              -1.9779000282287598
            ]
          ],
          "bounds": {
            "min": [
              -0.30000001192092896,
              0.16923274099826813,
              -1.9779000282287598
            ],
            "max": [
              -0.06499999761581421,
              0.3563268482685089,
              -1.866687536239624
            ]
          }
        },
        "coplanar": false,
        "epsilon": 1e-9,
        "maxSeparatingGap": -0.000816365397374787,
        "toleranceOnly": false,
        "testedAxes": 17
      }
    },
    {
      "names": [
        "Fuselage",
        "Fixed_root_L"
      ],
      "groups": [
        "固定机体",
        "固定机体"
      ],
      "unfold": 0,
      "state": {
        "label": "full wing conversion",
        "wing": 0,
        "fold": [
          0,
          0.25,
          0.75,
          1
        ],
        "phase": [
          0,
          0,
          0,
          0
        ]
      },
      "surface": true,
      "contained": 0,
      "witness": {
        "meshA": "Fuselage",
        "meshB": "Fixed_root_L",
        "triangleA": {
          "triangleIndex": 7367,
          "vertexIndices": [
            3893,
            4062,
            3898
          ],
          "vertices": [
            [
              -0.6200000047683716,
              -0.20490697026252747,
              1.8151390552520752
            ],
            [
              -0.5600000023841858,
              -0.20161496102809906,
              1.8224200010299683
            ],
            [
              -0.5600000023841858,
              -0.1927425116300583,
              1.8137166500091553
            ]
          ],
          "bounds": {
            "min": [
              -0.6200000047683716,
              -0.20490697026252747,
              1.8137166500091553
            ],
            "max": [
              -0.5600000023841858,
              -0.1927425116300583,
              1.8224200010299683
            ]
          }
        },
        "triangleB": {
          "triangleIndex": 2408,
          "vertexIndices": [
            7,
            4,
            101
          ],
          "vertices": [
            [
              -0.6200000047683716,
              -0.19631057977676392,
              1.8065922260284424
            ],
            [
              -0.6200000047683716,
              -0.20490697026252747,
              1.8151390552520752
            ],
            [
              -0.6200000047683716,
              -0.2316894233226776,
              1.8065922260284424
            ]
          ],
          "bounds": {
            "min": [
              -0.6200000047683716,
              -0.2316894233226776,
              1.8065922260284424
            ],
            "max": [
              -0.6200000047683716,
              -0.19631057977676392,
              1.8151390552520752
            ]
          }
        },
        "coplanar": false,
        "epsilon": 1e-9,
        "maxSeparatingGap": 0,
        "toleranceOnly": false,
        "testedAxes": 17
      }
    },
    {
      "names": [
        "Fuselage",
        "V_tail_R"
      ],
      "groups": [
        "固定机体",
        "固定机体"
      ],
      "unfold": 0,
      "state": {
        "label": "full wing conversion",
        "wing": 0,
        "fold": [
          0,
          0.25,
          0.75,
          1
        ],
        "phase": [
          0,
          0,
          0,
          0
        ]
      },
      "surface": true,
      "contained": 0,
      "witness": {
        "meshA": "Fuselage",
        "meshB": "V_tail_R",
        "triangleA": {
          "triangleIndex": 10191,
          "vertexIndices": [
            6619,
            6618,
            6705
          ],
          "vertices": [
            [
              0.1143297553062439,
              0.16041269898414612,
              -1.7760000228881836
            ],
            [
              0.12005867063999176,
              0.1529715210199356,
              -1.7760000228881836
            ],
            [
              0.10692375153303146,
              0.1562454104423523,
              -1.8883999586105347
            ]
          ],
          "bounds": {
            "min": [
              0.10692375153303146,
              0.1529715210199356,
              -1.8883999586105347
            ],
            "max": [
              0.12005867063999176,
              0.16041269898414612,
              -1.7760000228881836
            ]
          }
        },
        "triangleB": {
          "triangleIndex": 141,
          "vertexIndices": [
            54,
            80,
            81
          ],
          "vertices": [
            [
              0.06499999761581421,
              0.11243274807929993,
              -1.8120882511138916
            ],
            [
              0.30000001192092896,
              0.3054122030735016,
              -1.9110978841781616
            ],
            [
              0.30000001192092896,
              0.3145061433315277,
              -1.8804049491882324
            ]
          ],
          "bounds": {
            "min": [
              0.06499999761581421,
              0.11243274807929993,
              -1.9110978841781616
            ],
            "max": [
              0.30000001192092896,
              0.3145061433315277,
              -1.8120882511138916
            ]
          }
        },
        "coplanar": false,
        "epsilon": 1e-9,
        "maxSeparatingGap": -0.00021147463876262235,
        "toleranceOnly": false,
        "testedAxes": 17
      }
    },
    {
      "names": [
        "Fuselage",
        "V_tail_blue_leading_R"
      ],
      "groups": [
        "固定机体",
        "固定机体"
      ],
      "unfold": 0,
      "state": {
        "label": "full wing conversion",
        "wing": 0,
        "fold": [
          0,
          0.25,
          0.75,
          1
        ],
        "phase": [
          0,
          0,
          0,
          0
        ]
      },
      "surface": true,
      "contained": 0,
      "witness": {
        "meshA": "Fuselage",
        "meshB": "V_tail_blue_leading_R",
        "triangleA": {
          "triangleIndex": 12702,
          "vertexIndices": [
            6709,
            6623,
            6708
          ],
          "vertices": [
            [
              0.07651296257972717,
              0.17827647924423218,
              -1.8883999586105347
            ],
            [
              0.08181258291006088,
              0.18368183076381683,
              -1.7760000228881836
            ],
            [
              0.08541994541883469,
              0.17372137308120728,
              -1.8883999586105347
            ]
          ],
          "bounds": {
            "min": [
              0.07651296257972717,
              0.17372137308120728,
              -1.8883999586105347
            ],
            "max": [
              0.08541994541883469,
              0.18368183076381683,
              -1.7760000228881836
            ]
          }
        },
        "triangleB": {
          "triangleIndex": 8,
          "vertexIndices": [
            4,
            5,
            14
          ],
          "vertices": [
            [
              0.06499999761581421,
              0.16328158974647522,
              -1.8252500295639038
            ],
            [
              0.06499999761581421,
              0.1656237244606018,
              -1.8390624523162842
            ],
            [
              0.30000001192092896,
              0.3519766628742218,
              -1.9374375343322754
            ]
          ],
          "bounds": {
            "min": [
              0.06499999761581421,
              0.16328158974647522,
              -1.9374375343322754
            ],
            "max": [
              0.30000001192092896,
              0.3519766628742218,
              -1.8252500295639038
            ]
          }
        },
        "coplanar": false,
        "epsilon": 1e-9,
        "maxSeparatingGap": -0.0025755837777685165,
        "toleranceOnly": false,
        "testedAxes": 17
      }
    },
    {
      "names": [
        "Fuselage",
        "Fixed_root_R"
      ],
      "groups": [
        "固定机体",
        "固定机体"
      ],
      "unfold": 0,
      "state": {
        "label": "full wing conversion",
        "wing": 0,
        "fold": [
          0,
          0.25,
          0.75,
          1
        ],
        "phase": [
          0,
          0,
          0,
          0
        ]
      },
      "surface": true,
      "contained": 0,
      "witness": {
        "meshA": "Fuselage",
        "meshB": "Fixed_root_R",
        "triangleA": {
          "triangleIndex": 8516,
          "vertexIndices": [
            5070,
            4965,
            5072
          ],
          "vertices": [
            [
              0.6200000047683716,
              -0.2316894233226776,
              1.8065922260284424
            ],
            [
              0.6200000047683716,
              -0.20490697026252747,
              1.8151390552520752
            ],
            [
              0.6200000047683716,
              -0.22309303283691406,
              1.8151390552520752
            ]
          ],
          "bounds": {
            "min": [
              0.6200000047683716,
              -0.2316894233226776,
              1.8065922260284424
            ],
            "max": [
              0.6200000047683716,
              -0.20490697026252747,
              1.8151390552520752
            ]
          }
        },
        "triangleB": {
          "triangleIndex": 51,
          "vertexIndices": [
            104,
            106,
            0
          ],
          "vertices": [
            [
              0.6200000047683716,
              -0.22309303283691406,
              1.8151390552520752
            ],
            [
              0.6650000214576721,
              -0.21525000035762787,
              1.8142499923706055
            ],
            [
              0.6200000047683716,
              -0.21400000154972076,
              1.8179999589920044
            ]
          ],
          "bounds": {
            "min": [
              0.6200000047683716,
              -0.22309303283691406,
              1.8142499923706055
            ],
            "max": [
              0.6650000214576721,
              -0.21400000154972076,
              1.8179999589920044
            ]
          }
        },
        "coplanar": false,
        "epsilon": 1e-9,
        "maxSeparatingGap": 0,
        "toleranceOnly": false,
        "testedAxes": 17
      }
    },
    {
      "names": [
        "Fuselage",
        "CargoOpeningLip"
      ],
      "groups": [
        "固定机体",
        "固定机体"
      ],
      "unfold": 0,
      "state": {
        "label": "full wing conversion",
        "wing": 0,
        "fold": [
          0,
          0.25,
          0.75,
          1
        ],
        "phase": [
          0,
          0,
          0,
          0
        ]
      },
      "surface": true,
      "contained": 0,
      "witness": {
        "meshA": "Fuselage",
        "meshB": "CargoOpeningLip",
        "triangleA": {
          "triangleIndex": 4690,
          "vertexIndices": [
            2208,
            2211,
            2209
          ],
          "vertices": [
            [
              0.45900505781173706,
              0.530637264251709,
              1.5464450120925903
            ],
            [
              0.4329921007156372,
              0.5618824362754822,
              1.5490890741348267
            ],
            [
              0.432760626077652,
              0.5617588758468628,
              1.5364285707473755
            ]
          ],
          "bounds": {
            "min": [
              0.432760626077652,
              0.530637264251709,
              1.5364285707473755
            ],
            "max": [
              0.45900505781173706,
              0.5618824362754822,
              1.5490890741348267
            ]
          }
        },
        "triangleB": {
          "triangleIndex": 53,
          "vertexIndices": [
            7,
            134,
            135
          ],
          "vertices": [
            [
              0.4337306618690491,
              0.5624984502792358,
              1.547203779220581
            ],
            [
              0.4480037987232208,
              0.5220269560813904,
              1.5444449186325073
            ],
            [
              0.42213550209999084,
              0.5529825091362,
              1.547203779220581
            ]
          ],
          "bounds": {
            "min": [
              0.42213550209999084,
              0.5220269560813904,
              1.5444449186325073
            ],
            "max": [
              0.4480037987232208,
              0.5624984502792358,
              1.547203779220581
            ]
          }
        },
        "coplanar": false,
        "epsilon": 1e-9,
        "maxSeparatingGap": -0.000940275211097583,
        "toleranceOnly": false,
        "testedAxes": 17
      }
    },
    {
      "names": [
        "Fuselage",
        "CargoLatchFixed_R"
      ],
      "groups": [
        "固定机体",
        "固定机体"
      ],
      "unfold": 0,
      "state": {
        "label": "full wing conversion",
        "wing": 0,
        "fold": [
          0,
          0.25,
          0.75,
          1
        ],
        "phase": [
          0,
          0,
          0,
          0
        ]
      },
      "surface": true,
      "contained": 0,
      "witness": {
        "meshA": "Fuselage",
        "meshB": "CargoLatchFixed_R",
        "triangleA": {
          "triangleIndex": 3004,
          "vertexIndices": [
            185,
            183,
            181
          ],
          "vertices": [
            [
              0.5345379710197449,
              0.06441286206245422,
              1.8219120502471924
            ],
            [
              0.5345050096511841,
              0.06434845179319382,
              1.8220701217651367
            ],
            [
              0.5376254320144653,
              0.05774817243218422,
              1.7799999713897705
            ]
          ],
          "bounds": {
            "min": [
              0.5345050096511841,
              0.05774817243218422,
              1.7799999713897705
            ],
            "max": [
              0.5376254320144653,
              0.06441286206245422,
              1.8220701217651367
            ]
          }
        },
        "triangleB": {
          "triangleIndex": 56,
          "vertexIndices": [
            77,
            39,
            14
          ],
          "vertices": [
            [
              0.5291805463332939,
              0.05000004895056198,
              1.813026583487286
            ],
            [
              0.5501170435279297,
              0.06832826829228658,
              1.811708948571991
            ],
            [
              0.5390558938314164,
              0.06765089112508406,
              1.7785168393099064
            ]
          ],
          "bounds": {
            "min": [
              0.5291805463332939,
              0.05000004895056198,
              1.7785168393099064
            ],
            "max": [
              0.5501170435279297,
              0.06832826829228658,
              1.813026583487286
            ]
          }
        },
        "coplanar": false,
        "epsilon": 1e-9,
        "maxSeparatingGap": -0.0017931498651888773,
        "toleranceOnly": false,
        "testedAxes": 17
      }
    },
    {
      "names": [
        "Fuselage",
        "CargoLatchFixed_L"
      ],
      "groups": [
        "固定机体",
        "固定机体"
      ],
      "unfold": 0,
      "state": {
        "label": "full wing conversion",
        "wing": 0,
        "fold": [
          0,
          0.25,
          0.75,
          1
        ],
        "phase": [
          0,
          0,
          0,
          0
        ]
      },
      "surface": true,
      "contained": 0,
      "witness": {
        "meshA": "Fuselage",
        "meshB": "CargoLatchFixed_L",
        "triangleA": {
          "triangleIndex": 49,
          "vertexIndices": [
            79,
            125,
            126
          ],
          "vertices": [
            [
              -0.5146273970603943,
              0.031717512756586075,
              1.8762400150299072
            ],
            [
              -0.534505307674408,
              0.06434781849384308,
              1.822066068649292
            ],
            [
              -0.5218856334686279,
              0.016275644302368164,
              1.7799999713897705
            ]
          ],
          "bounds": {
            "min": [
              -0.534505307674408,
              0.016275644302368164,
              1.7799999713897705
            ],
            "max": [
              -0.5146273970603943,
              0.06434781849384308,
              1.8762400150299072
            ]
          }
        },
        "triangleB": {
          "triangleIndex": 58,
          "vertexIndices": [
            30,
            41,
            83
          ],
          "vertices": [
            [
              -0.5470034169441996,
              0.04485565196758448,
              1.819215060455705
            ],
            [
              -0.5288789266475988,
              0.050620426619545814,
              1.8169666653132006
            ],
            [
              -0.5536099931806586,
              0.06774172642808307,
              1.8161197631755686
            ]
          ],
          "bounds": {
            "min": [
              -0.5536099931806586,
              0.04485565196758448,
              1.8161197631755686
            ],
            "max": [
              -0.5288789266475988,
              0.06774172642808307,
              1.819215060455705
            ]
          }
        },
        "coplanar": false,
        "epsilon": 1e-9,
        "maxSeparatingGap": -0.0009983710905787655,
        "toleranceOnly": false,
        "testedAxes": 17
      }
    },
    {
      "names": [
        "Fuselage",
        "Drive_FrontFoot_L"
      ],
      "groups": [
        "固定机体",
        "固定机体"
      ],
      "unfold": 0,
      "state": {
        "label": "full wing conversion",
        "wing": 0,
        "fold": [
          0,
          0.25,
          0.75,
          1
        ],
        "phase": [
          0,
          0,
          0,
          0
        ]
      },
      "surface": true,
      "contained": 0,
      "witness": {
        "meshA": "Fuselage",
        "meshB": "Drive_FrontFoot_L",
        "triangleA": {
          "triangleIndex": 14966,
          "vertexIndices": [
            10309,
            10246,
            10310
          ],
          "vertices": [
            [
              -0.08702688664197922,
              -0.05205291882157326,
              -0.8771200180053711
            ],
            [
              -0.06750386208295822,
              -0.06271282583475113,
              -0.7641599774360657
            ],
            [
              -0.0626574233174324,
              -0.05470898374915123,
              -0.8771200180053711
            ]
          ],
          "bounds": {
            "min": [
              -0.08702688664197922,
              -0.06271282583475113,
              -0.8771200180053711
            ],
            "max": [
              -0.0626574233174324,
              -0.05205291882157326,
              -0.7641599774360657
            ]
          }
        },
        "triangleB": {
          "triangleIndex": 21,
          "vertexIndices": [
            32,
            106,
            104
          ],
          "vertices": [
            [
              -0.07006217539310455,
              -0.05779661610722542,
              -0.8335000276565552
            ],
            [
              -0.07076147943735123,
              0.050999999046325684,
              -0.8318117260932922
            ],
            [
              -0.07006217539310455,
              0.050999999046325684,
              -0.8335000276565552
            ]
          ],
          "bounds": {
            "min": [
              -0.07076147943735123,
              -0.05779661610722542,
              -0.8335000276565552
            ],
            "max": [
              -0.07006217539310455,
              0.050999999046325684,
              -0.8318117260932922
            ]
          }
        },
        "coplanar": false,
        "epsilon": 1e-9,
        "maxSeparatingGap": -0.000594789298388969,
        "toleranceOnly": false,
        "testedAxes": 17
      }
    },
    {
      "names": [
        "Fuselage",
        "Drive_FrontFoot_R"
      ],
      "groups": [
        "固定机体",
        "固定机体"
      ],
      "unfold": 0,
      "state": {
        "label": "full wing conversion",
        "wing": 0,
        "fold": [
          0,
          0.25,
          0.75,
          1
        ],
        "phase": [
          0,
          0,
          0,
          0
        ]
      },
      "surface": true,
      "contained": 0,
      "witness": {
        "meshA": "Fuselage",
        "meshB": "Drive_FrontFoot_R",
        "triangleA": {
          "triangleIndex": 14975,
          "vertexIndices": [
            10314,
            10250,
            10251
          ],
          "vertices": [
            [
              0.0626574233174324,
              -0.05470898374915123,
              -0.8771200180053711
            ],
            [
              0.06750386208295822,
              -0.06271282583475113,
              -0.7641599774360657
            ],
            [
              0.09376706182956696,
              -0.05983145907521248,
              -0.7641599774360657
            ]
          ],
          "bounds": {
            "min": [
              0.0626574233174324,
              -0.06271282583475113,
              -0.8771200180053711
            ],
            "max": [
              0.09376706182956696,
              -0.05470898374915123,
              -0.7641599774360657
            ]
          }
        },
        "triangleB": {
          "triangleIndex": 5,
          "vertexIndices": [
            7,
            83,
            79
          ],
          "vertices": [
            [
              0.07006217539310455,
              -0.05779263749718666,
              -0.8335000276565552
            ],
            [
              0.06894974410533905,
              0.050999999046325684,
              -0.8349497318267822
            ],
            [
              0.07006217539310455,
              0.050999999046325684,
              -0.8335000276565552
            ]
          ],
          "bounds": {
            "min": [
              0.06894974410533905,
              -0.05779263749718666,
              -0.8349497318267822
            ],
            "max": [
              0.07006217539310455,
              0.050999999046325684,
              -0.8335000276565552
            ]
          }
        },
        "coplanar": false,
        "epsilon": 1e-9,
        "maxSeparatingGap": -0.0005947453899166045,
        "toleranceOnly": false,
        "testedAxes": 17
      }
    },
    {
      "names": [
        "Fuselage",
        "Drive_RearFoot_L"
      ],
      "groups": [
        "固定机体",
        "固定机体"
      ],
      "unfold": 0,
      "state": {
        "label": "full wing conversion",
        "wing": 0,
        "fold": [
          0,
          0.25,
          0.75,
          1
        ],
        "phase": [
          0,
          0,
          0,
          0
        ]
      },
      "surface": true,
      "contained": 0,
      "witness": {
        "meshA": "Fuselage",
        "meshB": "Drive_RearFoot_L",
        "triangleA": {
          "triangleIndex": 17280,
          "vertexIndices": [
            11410,
            11346,
            11347
          ],
          "vertices": [
            [
              -0.05937984213232994,
              0.02798314392566681,
              -1.9972000122070312
            ],
            [
              -0.06393104046583176,
              0.024362264201045036,
              -1.8883999586105347
            ],
            [
              -0.0538550429046154,
              0.022082898765802383,
              -1.8883999586105347
            ]
          ],
          "bounds": {
            "min": [
              -0.06393104046583176,
              0.022082898765802383,
              -1.9972000122070312
            ],
            "max": [
              -0.0538550429046154,
              0.02798314392566681,
              -1.8883999586105347
            ]
          }
        },
        "triangleB": {
          "triangleIndex": 6,
          "vertexIndices": [
            9,
            13,
            86
          ],
          "vertices": [
            [
              -0.05905025079846382,
              0.02687045745551586,
              -1.9869498014450073
            ],
            [
              -0.060499999672174454,
              0.027304822579026222,
              -1.9880621433258057
            ],
            [
              -0.060499999672174454,
              0.050999999046325684,
              -1.9880621433258057
            ]
          ],
          "bounds": {
            "min": [
              -0.060499999672174454,
              0.02687045745551586,
              -1.9880621433258057
            ],
            "max": [
              -0.05905025079846382,
              0.050999999046325684,
              -1.9869498014450073
            ]
          }
        },
        "coplanar": false,
        "epsilon": 1e-9,
        "maxSeparatingGap": -0.0005847074587958287,
        "toleranceOnly": false,
        "testedAxes": 17
      }
    },
    {
      "names": [
        "Fuselage",
        "Drive_RearFoot_R"
      ],
      "groups": [
        "固定机体",
        "固定机体"
      ],
      "unfold": 0,
      "state": {
        "label": "full wing conversion",
        "wing": 0,
        "fold": [
          0,
          0.25,
          0.75,
          1
        ],
        "phase": [
          0,
          0,
          0,
          0
        ]
      },
      "surface": true,
      "contained": 0,
      "witness": {
        "meshA": "Fuselage",
        "meshB": "Drive_RearFoot_R",
        "triangleA": {
          "triangleIndex": 17303,
          "vertexIndices": [
            11421,
            11358,
            11422
          ],
          "vertices": [
            [
              0.06796342134475708,
              0.030609577894210815,
              -1.9972000122070312
            ],
            [
              0.08161358535289764,
              0.03048453852534294,
              -1.8883999586105347
            ],
            [
              0.07579024881124496,
              0.033731915056705475,
              -1.9972000122070312
            ]
          ],
          "bounds": {
            "min": [
              0.06796342134475708,
              0.03048453852534294,
              -1.9972000122070312
            ],
            "max": [
              0.08161358535289764,
              0.033731915056705475,
              -1.8883999586105347
            ]
          }
        },
        "triangleB": {
          "triangleIndex": 1,
          "vertexIndices": [
            2,
            77,
            74
          ],
          "vertices": [
            [
              0.07100000232458115,
              0.030442731454968452,
              -1.9819999933242798
            ],
            [
              0.07076147943735123,
              0.050999999046325684,
              -1.9838117361068726
            ],
            [
              0.07100000232458115,
              0.050999999046325684,
              -1.9819999933242798
            ]
          ],
          "bounds": {
            "min": [
              0.07076147943735123,
              0.030442731454968452,
              -1.9838117361068726
            ],
            "max": [
              0.07100000232458115,
              0.050999999046325684,
              -1.9819999933242798
            ]
          }
        },
        "coplanar": false,
        "epsilon": 1e-9,
        "maxSeparatingGap": -0.0005566579901153208,
        "toleranceOnly": false,
        "testedAxes": 17
      }
    },
    {
      "names": [
        "Fuselage",
        "Drive_MotorFoot_L"
      ],
      "groups": [
        "固定机体",
        "固定机体"
      ],
      "unfold": 0,
      "state": {
        "label": "full wing conversion",
        "wing": 0,
        "fold": [
          0,
          0.25,
          0.75,
          1
        ],
        "phase": [
          0,
          0,
          0,
          0
        ]
      },
      "surface": true,
      "contained": 0,
      "witness": {
        "meshA": "Fuselage",
        "meshB": "Drive_MotorFoot_L",
        "triangleA": {
          "triangleIndex": 8884,
          "vertexIndices": [
            5362,
            5298,
            5299
          ],
          "vertices": [
            [
              -0.04393111541867256,
              -0.08049597591161728,
              -0.536080002784729
            ],
            [
              -0.04683590680360794,
              -0.08927707374095917,
              -0.41999998688697815
            ],
            [
              -2.8340367162413282e-14,
              -0.09000000357627869,
              -0.41999998688697815
            ]
          ],
          "bounds": {
            "min": [
              -0.04683590680360794,
              -0.09000000357627869,
              -0.536080002784729
            ],
            "max": [
              -2.8340367162413282e-14,
              -0.08049597591161728,
              -0.41999998688697815
            ]
          }
        },
        "triangleB": {
          "triangleIndex": 15,
          "vertexIndices": [
            23,
            97,
            95
          ],
          "vertices": [
            [
              -0.03981173411011696,
              -0.08719039708375931,
              -0.4567614793777466
            ],
            [
              -0.04149999842047691,
              0.03400000184774399,
              -0.4560621678829193
            ],
            [
              -0.03981173411011696,
              0.03400000184774399,
              -0.4567614793777466
            ]
          ],
          "bounds": {
            "min": [
              -0.04149999842047691,
              -0.08719039708375931,
              -0.4567614793777466
            ],
            "max": [
              -0.03981173411011696,
              0.03400000184774399,
              -0.4560621678829193
            ]
          }
        },
        "coplanar": false,
        "epsilon": 1e-9,
        "maxSeparatingGap": -0.0005981986220349265,
        "toleranceOnly": false,
        "testedAxes": 17
      }
    },
    {
      "names": [
        "Fuselage",
        "Drive_MotorFoot_R"
      ],
      "groups": [
        "固定机体",
        "固定机体"
      ],
      "unfold": 0,
      "state": {
        "label": "full wing conversion",
        "wing": 0,
        "fold": [
          0,
          0.25,
          0.75,
          1
        ],
        "phase": [
          0,
          0,
          0,
          0
        ]
      },
      "surface": true,
      "contained": 0,
      "witness": {
        "meshA": "Fuselage",
        "meshB": "Drive_MotorFoot_R",
        "triangleA": {
          "triangleIndex": 8887,
          "vertexIndices": [
            5363,
            5300,
            5364
          ],
          "vertices": [
            [
              -2.660440871239938e-14,
              -0.08116800338029861,
              -0.536080002784729
            ],
            [
              0.04683590680360794,
              -0.08927707374095917,
              -0.41999998688697815
            ],
            [
              0.04393111541867256,
              -0.08049597591161728,
              -0.536080002784729
            ]
          ],
          "bounds": {
            "min": [
              -2.660440871239938e-14,
              -0.08927707374095917,
              -0.536080002784729
            ],
            "max": [
              0.04683590680360794,
              -0.08049597591161728,
              -0.41999998688697815
            ]
          }
        },
        "triangleB": {
          "triangleIndex": 11,
          "vertexIndices": [
            16,
            91,
            88
          ],
          "vertices": [
            [
              0.03981173411011696,
              -0.08718957751989365,
              -0.4567614793777466
            ],
            [
              0.03799999877810478,
              0.03400000184774399,
              -0.4569999873638153
            ],
            [
              0.03981173411011696,
              0.03400000184774399,
              -0.4567614793777466
            ]
          ],
          "bounds": {
            "min": [
              0.03799999877810478,
              -0.08718957751989365,
              -0.4569999873638153
            ],
            "max": [
              0.03981173411011696,
              0.03400000184774399,
              -0.4567614793777466
            ]
          }
        },
        "coplanar": false,
        "epsilon": 1e-9,
        "maxSeparatingGap": -0.0005982232550433434,
        "toleranceOnly": false,
        "testedAxes": 17
      }
    },
    {
      "names": [
        "Fuselage",
        "CargoHingeFixedSeat"
      ],
      "groups": [
        "固定机体",
        "固定机体"
      ],
      "unfold": 0,
      "state": {
        "label": "full wing conversion",
        "wing": 0,
        "fold": [
          0,
          0.25,
          0.75,
          1
        ],
        "phase": [
          0,
          0,
          0,
          0
        ]
      },
      "surface": true,
      "contained": 0,
      "witness": {
        "meshA": "Fuselage",
        "meshB": "CargoHingeFixedSeat",
        "triangleA": {
          "triangleIndex": 2918,
          "vertexIndices": [
            37,
            42,
            39
          ],
          "vertices": [
            [
              -7.278200903017198e-15,
              -0.1802159994840622,
              1.9727200269699097
            ],
            [
              0.06986403465270996,
              -0.17860376834869385,
              1.9727200269699097
            ],
            [
              0.06661887466907501,
              -0.16532109677791595,
              2.0417308807373047
            ]
          ],
          "bounds": {
            "min": [
              -7.278200903017198e-15,
              -0.1802159994840622,
              1.9727200269699097
            ],
            "max": [
              0.06986403465270996,
              -0.16532109677791595,
              2.0417308807373047
            ]
          }
        },
        "triangleB": {
          "triangleIndex": 335,
          "vertexIndices": [
            59,
            72,
            68
          ],
          "vertices": [
            [
              0.05220000073313713,
              -0.17135600745677948,
              2.0360000133514404
            ],
            [
              0.05220000073313713,
              -0.16829220950603485,
              2.0250000953674316
            ],
            [
              0.03500000014901161,
              -0.16870947182178497,
              2.0250000953674316
            ]
          ],
          "bounds": {
            "min": [
              0.03500000014901161,
              -0.17135600745677948,
              2.0250000953674316
            ],
            "max": [
              0.05220000073313713,
              -0.16829220950603485,
              2.0360000133514404
            ]
          }
        },
        "coplanar": false,
        "epsilon": 1e-9,
        "maxSeparatingGap": -0.0002134069600696637,
        "toleranceOnly": false,
        "testedAxes": 17
      }
    },
    {
      "names": [
        "Tail_boom_join",
        "Ventral_tail_tab"
      ],
      "groups": [
        "固定机体",
        "固定机体"
      ],
      "unfold": 0,
      "state": {
        "label": "full wing conversion",
        "wing": 0,
        "fold": [
          0,
          0.25,
          0.75,
          1
        ],
        "phase": [
          0,
          0,
          0,
          0
        ]
      },
      "surface": true,
      "contained": 0,
      "witness": {
        "meshA": "Tail_boom_join",
        "meshB": "Ventral_tail_tab",
        "triangleA": {
          "triangleIndex": 291,
          "vertexIndices": [
            217,
            222,
            221
          ],
          "vertices": [
            [
              -9.457201630158358e-15,
              0.01403813250362873,
              -2.0799999237060547
            ],
            [
              0.020462239161133766,
              0.017509840428829193,
              -2.0829999446868896
            ],
            [
              0.020618384703993797,
              0.01451390702277422,
              -2.0799999237060547
            ]
          ],
          "bounds": {
            "min": [
              -9.457201630158358e-15,
              0.01403813250362873,
              -2.0829999446868896
            ],
            "max": [
              0.020618384703993797,
              0.017509840428829193,
              -2.0799999237060547
            ]
          }
        },
        "triangleB": {
          "triangleIndex": 5,
          "vertexIndices": [
            5,
            20,
            8
          ],
          "vertices": [
            [
              0.01600000075995922,
              0.02500000037252903,
              -1.9600000381469727
            ],
            [
              0.013000000268220901,
              -0.23000000417232513,
              -2.2100000381469727
            ],
            [
              0.01600000075995922,
              0.02500000037252903,
              -2.2300000190734863
            ]
          ],
          "bounds": {
            "min": [
              0.013000000268220901,
              -0.23000000417232513,
              -2.2300000190734863
            ],
            "max": [
              0.01600000075995922,
              0.02500000037252903,
              -1.9600000381469727
            ]
          }
        },
        "coplanar": false,
        "epsilon": 1e-9,
        "maxSeparatingGap": -0.004741421651363181,
        "toleranceOnly": false,
        "testedAxes": 17
      }
    },
    {
      "names": [
        "Tail_boom_join",
        "V_tail_L"
      ],
      "groups": [
        "固定机体",
        "固定机体"
      ],
      "unfold": 0,
      "state": {
        "label": "full wing conversion",
        "wing": 0,
        "fold": [
          0,
          0.25,
          0.75,
          1
        ],
        "phase": [
          0,
          0,
          0,
          0
        ]
      },
      "surface": true,
      "contained": 0,
      "witness": {
        "meshA": "Tail_boom_join",
        "meshB": "V_tail_L",
        "triangleA": {
          "triangleIndex": 131,
          "vertexIndices": [
            73,
            78,
            77
          ],
          "vertices": [
            [
              -0.06158508360385895,
              0.1709136962890625,
              -2.0799999237060547
            ],
            [
              -0.0738745778799057,
              0.16844727098941803,
              -2.0769999027252197
            ],
            [
              -0.07242577522993088,
              0.16582030057907104,
              -2.0799999237060547
            ]
          ],
          "bounds": {
            "min": [
              -0.0738745778799057,
              0.16582030057907104,
              -2.0799999237060547
            ],
            "max": [
              -0.06158508360385895,
              0.1709136962890625,
              -2.0769999027252197
            ]
          }
        },
        "triangleB": {
          "triangleIndex": 240,
          "vertexIndices": [
            14,
            12,
            46
          ],
          "vertices": [
            [
              -0.06499999761581421,
              0.17223072052001953,
              -2.100428581237793
            ],
            [
              -0.06499999761581421,
              0.17321433126926422,
              -2.010599374771118
            ],
            [
              -0.06499999761581421,
              0.09776928275823593,
              -2.100428581237793
            ]
          ],
          "bounds": {
            "min": [
              -0.06499999761581421,
              0.09776928275823593,
              -2.100428581237793
            ],
            "max": [
              -0.06499999761581421,
              0.17321433126926422,
              -2.010599374771118
            ]
          }
        },
        "coplanar": false,
        "epsilon": 1e-9,
        "maxSeparatingGap": -0.0028464961133719798,
        "toleranceOnly": false,
        "testedAxes": 17
      }
    },
    {
      "names": [
        "Tail_boom_join",
        "V_tail_R"
      ],
      "groups": [
        "固定机体",
        "固定机体"
      ],
      "unfold": 0,
      "state": {
        "label": "full wing conversion",
        "wing": 0,
        "fold": [
          0,
          0.25,
          0.75,
          1
        ],
        "phase": [
          0,
          0,
          0,
          0
        ]
      },
      "surface": true,
      "contained": 0,
      "witness": {
        "meshA": "Tail_boom_join",
        "meshB": "V_tail_R",
        "triangleA": {
          "triangleIndex": 18,
          "vertexIndices": [
            17,
            18,
            22
          ],
          "vertices": [
            [
              0.10570568591356277,
              0.12580816447734833,
              -2.0799999237060547
            ],
            [
              0.10858827084302902,
              0.126639261841774,
              -2.0769999027252197
            ],
            [
              0.10462921112775803,
              0.13701844215393066,
              -2.0769999027252197
            ]
          ],
          "bounds": {
            "min": [
              0.10462921112775803,
              0.12580816447734833,
              -2.0799999237060547
            ],
            "max": [
              0.10858827084302902,
              0.13701844215393066,
              -2.0769999027252197
            ]
          }
        },
        "triangleB": {
          "triangleIndex": 22,
          "vertexIndices": [
            46,
            77,
            48
          ],
          "vertices": [
            [
              0.06499999761581421,
              0.09776928275823593,
              -2.100428581237793
            ],
            [
              0.30000001192092896,
              0.29183095693588257,
              -2.104938268661499
            ],
            [
              0.06499999761581421,
              0.09678566455841064,
              -2.010599374771118
            ]
          ],
          "bounds": {
            "min": [
              0.06499999761581421,
              0.09678566455841064,
              -2.104938268661499
            ],
            "max": [
              0.30000001192092896,
              0.29183095693588257,
              -2.010599374771118
            ]
          }
        },
        "coplanar": false,
        "epsilon": 1e-9,
        "maxSeparatingGap": -0.005234739814677183,
        "toleranceOnly": false,
        "testedAxes": 17
      }
    },
    {
      "names": [
        "BraceBallPin_L_Body",
        "BraceBodyCarriage_L"
      ],
      "groups": [
        "BraceSpreader",
        "BraceSpreader"
      ],
      "unfold": 0,
      "state": {
        "label": "full wing conversion",
        "wing": 0,
        "fold": [
          0,
          0.25,
          0.75,
          1
        ],
        "phase": [
          0,
          0,
          0,
          0
        ]
      },
      "surface": true,
      "contained": 0,
      "witness": {
        "meshA": "BraceBallPin_L_Body",
        "meshB": "BraceBodyCarriage_L",
        "triangleA": {
          "triangleIndex": 63,
          "vertexIndices": [
            33,
            45,
            39
          ],
          "vertices": [
            [
              -0.13693510557331573,
              0.004983332279620299,
              -0.9040904338238376
            ],
            [
              -0.13529273691477126,
              0.0033342285581734778,
              -0.9039952915411767
            ],
            [
              -0.16895540441709034,
              -0.031088878322054838,
              -0.9195591994335649
            ]
          ],
          "bounds": {
            "min": [
              -0.16895540441709034,
              -0.031088878322054838,
              -0.9195591994335649
            ],
            "max": [
              -0.13529273691477126,
              0.004983332279620299,
              -0.9039952915411767
            ]
          }
        },
        "triangleB": {
          "triangleIndex": 283,
          "vertexIndices": [
            114,
            242,
            370
          ],
          "vertices": [
            [
              -0.13868324849672603,
              -0.00020383691275088767,
              -0.9070364408149425
            ],
            [
              -0.13610233464178964,
              -0.0012652309544051756,
              -0.8970413454417475
            ],
            [
              -0.14534011290968898,
              0.002695941696590147,
              -0.8996224632305403
            ]
          ],
          "bounds": {
            "min": [
              -0.14534011290968898,
              -0.0012652309544051756,
              -0.9070364408149425
            ],
            "max": [
              -0.13610233464178964,
              0.002695941696590147,
              -0.8970413454417475
            ]
          }
        },
        "coplanar": false,
        "epsilon": 1e-9,
        "maxSeparatingGap": -0.0008693783165159821,
        "toleranceOnly": false,
        "testedAxes": 17
      }
    },
    {
      "names": [
        "BraceBallPin_R_Body",
        "BraceBodyCarriage_R"
      ],
      "groups": [
        "BraceSpreader",
        "BraceSpreader"
      ],
      "unfold": 0,
      "state": {
        "label": "full wing conversion",
        "wing": 0,
        "fold": [
          0,
          0.25,
          0.75,
          1
        ],
        "phase": [
          0,
          0,
          0,
          0
        ]
      },
      "surface": true,
      "contained": 0,
      "witness": {
        "meshA": "BraceBallPin_R_Body",
        "meshB": "BraceBodyCarriage_R",
        "triangleA": {
          "triangleIndex": 63,
          "vertexIndices": [
            27,
            33,
            45
          ],
          "vertices": [
            [
              0.17386873672657863,
              -0.029439774870963113,
              -0.912579684325011
            ],
            [
              0.140206069365394,
              0.004983331944828841,
              -0.8970157759848522
            ],
            [
              0.13906972036532045,
              0.003334228177110172,
              -0.8958261807729925
            ]
          ],
          "bounds": {
            "min": [
              0.13906972036532045,
              -0.029439774870963113,
              -0.912579684325011
            ],
            "max": [
              0.17386873672657863,
              0.004983331944828841,
              -0.8958261807729925
            ]
          }
        },
        "triangleB": {
          "triangleIndex": 280,
          "vertexIndices": [
            370,
            50,
            114
          ],
          "vertices": [
            [
              0.14537533261567526,
              0.0026959421030170044,
              -0.9027236269200685
            ],
            [
              0.14388524145805837,
              0.0020831460370150344,
              -0.8969529549771766
            ],
            [
              0.13855180682986012,
              -0.00020383842955581238,
              -0.8954627461130523
            ]
          ],
          "bounds": {
            "min": [
              0.13855180682986012,
              -0.00020383842955581238,
              -0.9027236269200685
            ],
            "max": [
              0.14537533261567526,
              0.0026959421030170044,
              -0.8954627461130523
            ]
          }
        },
        "coplanar": false,
        "epsilon": 1e-9,
        "maxSeparatingGap": -0.0014793802565538933,
        "toleranceOnly": false,
        "testedAxes": 17
      }
    },
    {
      "names": [
        "BraceBodyCarriage_L",
        "Drive_Crossbeam"
      ],
      "groups": [
        "BraceSpreader",
        "BraceSpreader"
      ],
      "unfold": 0,
      "state": {
        "label": "full wing conversion",
        "wing": 0,
        "fold": [
          0,
          0.25,
          0.75,
          1
        ],
        "phase": [
          0,
          0,
          0,
          0
        ]
      },
      "surface": true,
      "contained": 0,
      "witness": {
        "meshA": "BraceBodyCarriage_L",
        "meshB": "Drive_Crossbeam",
        "triangleA": {
          "triangleIndex": 210,
          "vertexIndices": [
            301,
            285,
            288
          ],
          "vertices": [
            [
              -0.12031565297504764,
              0.04608139715565843,
              -0.894456985797099
            ],
            [
              -0.11865420245169853,
              0.045365439449016096,
              -0.8947143894607064
            ],
            [
              -0.11844825930715805,
              0.04604520797277415,
              -0.8950021010991028
            ]
          ],
          "bounds": {
            "min": [
              -0.12031565297504764,
              0.045365439449016096,
              -0.8950021010991028
            ],
            "max": [
              -0.11844825930715805,
              0.04608139715565843,
              -0.894456985797099
            ]
          }
        },
        "triangleB": {
          "triangleIndex": 33,
          "vertexIndices": [
            277,
            301,
            293
          ],
          "vertices": [
            [
              -0.11939999461174011,
              0.045188268763013184,
              -0.894699524156749
            ],
            [
              0.11939999461174011,
              0.04700000211596489,
              -0.8944610049948094
            ],
            [
              -0.11939999461174011,
              0.04700000211596489,
              -0.8944610049948094
            ]
          ],
          "bounds": {
            "min": [
              -0.11939999461174011,
              0.045188268763013184,
              -0.894699524156749
            ],
            "max": [
              0.11939999461174011,
              0.04700000211596489,
              -0.8944610049948094
            ]
          }
        },
        "coplanar": false,
        "epsilon": 1e-9,
        "maxSeparatingGap": -0.00003457948846534895,
        "toleranceOnly": false,
        "testedAxes": 17
      }
    },
    {
      "names": [
        "BraceBodyCarriage_R",
        "Drive_Crossbeam"
      ],
      "groups": [
        "BraceSpreader",
        "BraceSpreader"
      ],
      "unfold": 0,
      "state": {
        "label": "full wing conversion",
        "wing": 0,
        "fold": [
          0,
          0.25,
          0.75,
          1
        ],
        "phase": [
          0,
          0,
          0,
          0
        ]
      },
      "surface": true,
      "contained": 0,
      "witness": {
        "meshA": "BraceBodyCarriage_R",
        "meshB": "Drive_Crossbeam",
        "triangleA": {
          "triangleIndex": 56,
          "vertexIndices": [
            106,
            90,
            74
          ],
          "vertices": [
            [
              0.11993195425795701,
              0.04700000187223902,
              -0.8954700377672784
            ],
            [
              0.1213586440318079,
              0.04761279767239063,
              -0.8956579990730575
            ],
            [
              0.12269274328640548,
              0.0481838321912486,
              -0.896241426908245
            ]
          ],
          "bounds": {
            "min": [
              0.11993195425795701,
              0.04700000187223902,
              -0.896241426908245
            ],
            "max": [
              0.12269274328640548,
              0.0481838321912486,
              -0.8954700377672784
            ]
          }
        },
        "triangleB": {
          "triangleIndex": 67,
          "vertexIndices": [
            298,
            170,
            42
          ],
          "vertices": [
            [
              0.11999999731779099,
              0.04700000211596489,
              -0.8950661825947461
            ],
            [
              0.11999999731779099,
              0.041461923625320196,
              -0.9046584172174332
            ],
            [
              0.11999999731779099,
              0.05253808060660958,
              -0.9046584172174332
            ]
          ],
          "bounds": {
            "min": [
              0.11999999731779099,
              0.041461923625320196,
              -0.9046584172174332
            ],
            "max": [
              0.11999999731779099,
              0.05253808060660958,
              -0.8950661825947461
            ]
          }
        },
        "coplanar": false,
        "epsilon": 1e-9,
        "maxSeparatingGap": -0.00006804305983397485,
        "toleranceOnly": false,
        "testedAxes": 17
      }
    },
    {
      "names": [
        "Drive_Crossbeam",
        "Drive_GuideBridge_L"
      ],
      "groups": [
        "BraceSpreader",
        "BraceSpreader"
      ],
      "unfold": 0,
      "state": {
        "label": "full wing conversion",
        "wing": 0,
        "fold": [
          0,
          0.25,
          0.75,
          1
        ],
        "phase": [
          0,
          0,
          0,
          0
        ]
      },
      "surface": true,
      "contained": 0,
      "witness": {
        "meshA": "Drive_Crossbeam",
        "meshB": "Drive_GuideBridge_L",
        "triangleA": {
          "triangleIndex": 36,
          "vertexIndices": [
            309,
            317,
            333
          ],
          "vertices": [
            [
              -0.11939999461174011,
              0.048811735468916595,
              -0.894699524156749
            ],
            [
              0.11939999461174011,
              0.048811735468916595,
              -0.894699524156749
            ],
            [
              0.11939999461174011,
              0.05050000222399831,
              -0.8953988272696731
            ]
          ],
          "bounds": {
            "min": [
              -0.11939999461174011,
              0.048811735468916595,
              -0.8953988272696731
            ],
            "max": [
              0.11939999461174011,
              0.05050000222399831,
              -0.894699524156749
            ]
          }
        },
        "triangleB": {
          "triangleIndex": 2,
          "vertexIndices": [
            173,
            196,
            146
          ],
          "vertices": [
            [
              -0.004999998956918716,
              0.04400000348687172,
              -0.9164610058069227
            ],
            [
              -0.004999998956918716,
              0.05100000277161598,
              -0.9164610058069227
            ],
            [
              -0.004999998956918716,
              0.05100000277161598,
              -0.8864610046148298
            ]
          ],
          "bounds": {
            "min": [
              -0.004999998956918716,
              0.04400000348687172,
              -0.9164610058069227
            ],
            "max": [
              -0.004999998956918716,
              0.05100000277161598,
              -0.8864610046148298
            ]
          }
        },
        "coplanar": false,
        "epsilon": 1e-9,
        "maxSeparatingGap": -0.000604744922485987,
        "toleranceOnly": false,
        "testedAxes": 17
      }
    },
    {
      "names": [
        "Drive_Crossbeam",
        "Drive_GuideBridge_R"
      ],
      "groups": [
        "BraceSpreader",
        "BraceSpreader"
      ],
      "unfold": 0,
      "state": {
        "label": "full wing conversion",
        "wing": 0,
        "fold": [
          0,
          0.25,
          0.75,
          1
        ],
        "phase": [
          0,
          0,
          0,
          0
        ]
      },
      "surface": true,
      "contained": 0,
      "witness": {
        "meshA": "Drive_Crossbeam",
        "meshB": "Drive_GuideBridge_R",
        "triangleA": {
          "triangleIndex": 36,
          "vertexIndices": [
            309,
            317,
            333
          ],
          "vertices": [
            [
              -0.11939999461174011,
              0.048811735468916595,
              -0.894699524156749
            ],
            [
              0.11939999461174011,
              0.048811735468916595,
              -0.894699524156749
            ],
            [
              0.11939999461174011,
              0.05050000222399831,
              -0.8953988272696731
            ]
          ],
          "bounds": {
            "min": [
              -0.11939999461174011,
              0.048811735468916595,
              -0.8953988272696731
            ],
            "max": [
              0.11939999461174011,
              0.05050000222399831,
              -0.894699524156749
            ]
          }
        },
        "triangleB": {
          "triangleIndex": 2,
          "vertexIndices": [
            173,
            196,
            146
          ],
          "vertices": [
            [
              0.054999999701976776,
              0.04400000348687172,
              -0.9164610058069227
            ],
            [
              0.054999999701976776,
              0.05100000277161598,
              -0.9164610058069227
            ],
            [
              0.054999999701976776,
              0.05100000277161598,
              -0.8864610046148298
            ]
          ],
          "bounds": {
            "min": [
              0.054999999701976776,
              0.04400000348687172,
              -0.9164610058069227
            ],
            "max": [
              0.054999999701976776,
              0.05100000277161598,
              -0.8864610046148298
            ]
          }
        },
        "coplanar": false,
        "epsilon": 1e-9,
        "maxSeparatingGap": -0.0010577486307520845,
        "toleranceOnly": false,
        "testedAxes": 17
      }
    },
    {
      "names": [
        "Drive_Crossbeam",
        "Drive_GuideBushing_L"
      ],
      "groups": [
        "BraceSpreader",
        "BraceSpreader"
      ],
      "unfold": 0,
      "state": {
        "label": "full wing conversion",
        "wing": 0,
        "fold": [
          0,
          0.25,
          0.75,
          1
        ],
        "phase": [
          0,
          0,
          0,
          0
        ]
      },
      "surface": true,
      "contained": 0,
      "witness": {
        "meshA": "Drive_Crossbeam",
        "meshB": "Drive_GuideBushing_L",
        "triangleA": {
          "triangleIndex": 45,
          "vertexIndices": [
            21,
            45,
            37
          ],
          "vertices": [
            [
              -0.11939999461174011,
              0.053761483170092106,
              -0.903272738563828
            ],
            [
              0.11939999461174011,
              0.05306218005716801,
              -0.9049610053189097
            ],
            [
              -0.11939999461174011,
              0.05306218005716801,
              -0.9049610053189097
            ]
          ],
          "bounds": {
            "min": [
              -0.11939999461174011,
              0.05306218005716801,
              -0.9049610053189097
            ],
            "max": [
              0.11939999461174011,
              0.053761483170092106,
              -0.903272738563828
            ]
          }
        },
        "triangleB": {
          "triangleIndex": 97,
          "vertexIndices": [
            12,
            49,
            48
          ],
          "vertices": [
            [
              -0.052000001072883606,
              0.05287564918398857,
              -0.8774610087275503
            ],
            [
              -0.053999029099941254,
              0.05427537485957146,
              -0.9254610091447828
            ],
            [
              -0.052000001072883606,
              0.05287564918398857,
              -0.9254610091447828
            ]
          ],
          "bounds": {
            "min": [
              -0.053999029099941254,
              0.05287564918398857,
              -0.9254610091447828
            ],
            "max": [
              -0.052000001072883606,
              0.05427537485957146,
              -0.8774610087275503
            ]
          }
        },
        "coplanar": false,
        "epsilon": 1e-9,
        "maxSeparatingGap": -0.0006151337014513247,
        "toleranceOnly": false,
        "testedAxes": 17
      }
    },
    {
      "names": [
        "Drive_Crossbeam",
        "Drive_GuideBushing_R"
      ],
      "groups": [
        "BraceSpreader",
        "BraceSpreader"
      ],
      "unfold": 0,
      "state": {
        "label": "full wing conversion",
        "wing": 0,
        "fold": [
          0,
          0.25,
          0.75,
          1
        ],
        "phase": [
          0,
          0,
          0,
          0
        ]
      },
      "surface": true,
      "contained": 0,
      "witness": {
        "meshA": "Drive_Crossbeam",
        "meshB": "Drive_GuideBushing_R",
        "triangleA": {
          "triangleIndex": 45,
          "vertexIndices": [
            21,
            45,
            37
          ],
          "vertices": [
            [
              -0.11939999461174011,
              0.053761483170092106,
              -0.903272738563828
            ],
            [
              0.11939999461174011,
              0.05306218005716801,
              -0.9049610053189097
            ],
            [
              -0.11939999461174011,
              0.05306218005716801,
              -0.9049610053189097
            ]
          ],
          "bounds": {
            "min": [
              -0.11939999461174011,
              0.05306218005716801,
              -0.9049610053189097
            ],
            "max": [
              0.11939999461174011,
              0.053761483170092106,
              -0.903272738563828
            ]
          }
        },
        "triangleB": {
          "triangleIndex": 97,
          "vertexIndices": [
            12,
            49,
            48
          ],
          "vertices": [
            [
              0.03800000250339508,
              0.05287564918398857,
              -0.8774610087275503
            ],
            [
              0.03600097447633743,
              0.05427537485957146,
              -0.9254610091447828
            ],
            [
              0.03800000250339508,
              0.05287564918398857,
              -0.9254610091447828
            ]
          ],
          "bounds": {
            "min": [
              0.03600097447633743,
              0.05287564918398857,
              -0.9254610091447828
            ],
            "max": [
              0.03800000250339508,
              0.05427537485957146,
              -0.8774610087275503
            ]
          }
        },
        "coplanar": false,
        "epsilon": 1e-9,
        "maxSeparatingGap": -0.0004249012055816813,
        "toleranceOnly": false,
        "testedAxes": 17
      }
    },
    {
      "names": [
        "Drive_Crossbeam",
        "Drive_NutCarriage"
      ],
      "groups": [
        "BraceSpreader",
        "BraceSpreader"
      ],
      "unfold": 0,
      "state": {
        "label": "full wing conversion",
        "wing": 0,
        "fold": [
          0,
          0.25,
          0.75,
          1
        ],
        "phase": [
          0,
          0,
          0,
          0
        ]
      },
      "surface": true,
      "contained": 0,
      "witness": {
        "meshA": "Drive_Crossbeam",
        "meshB": "Drive_NutCarriage",
        "triangleA": {
          "triangleIndex": 68,
          "vertexIndices": [
            3,
            12,
            29
          ],
          "vertices": [
            [
              -0.11939999461174011,
              0.05400000233203173,
              -0.9014610052108762
            ],
            [
              0.11939999461174011,
              0.05400000233203173,
              -0.9014610052108762
            ],
            [
              0.11939999461174011,
              0.053761483170092106,
              -0.903272738563828
            ]
          ],
          "bounds": {
            "min": [
              -0.11939999461174011,
              0.053761483170092106,
              -0.903272738563828
            ],
            "max": [
              0.11939999461174011,
              0.05400000233203173,
              -0.9014610052108762
            ]
          }
        },
        "triangleB": {
          "triangleIndex": 89,
          "vertexIndices": [
            11,
            48,
            47
          ],
          "vertices": [
            [
              -0.008550504222512245,
              0.053507689386606216,
              -0.8724610097706316
            ],
            [
              -0.012500000186264515,
              0.05534936860203743,
              -0.9304610081017015
            ],
            [
              -0.008550504222512245,
              0.053507689386606216,
              -0.9304610081017015
            ]
          ],
          "bounds": {
            "min": [
              -0.012500000186264515,
              0.053507689386606216,
              -0.9304610081017015
            ],
            "max": [
              -0.008550504222512245,
              0.05534936860203743,
              -0.8724610097706316
            ]
          }
        },
        "coplanar": false,
        "epsilon": 1e-9,
        "maxSeparatingGap": -0.0004923129454255104,
        "toleranceOnly": false,
        "testedAxes": 17
      }
    },
    {
      "names": [
        "Drive_Crossbeam",
        "Drive_OutputWeb"
      ],
      "groups": [
        "BraceSpreader",
        "BraceSpreader"
      ],
      "unfold": 0,
      "state": {
        "label": "full wing conversion",
        "wing": 0,
        "fold": [
          0,
          0.25,
          0.75,
          1
        ],
        "phase": [
          0,
          0,
          0,
          0
        ]
      },
      "surface": true,
      "contained": 0,
      "witness": {
        "meshA": "Drive_Crossbeam",
        "meshB": "Drive_OutputWeb",
        "triangleA": {
          "triangleIndex": 45,
          "vertexIndices": [
            21,
            45,
            37
          ],
          "vertices": [
            [
              -0.11939999461174011,
              0.053761483170092106,
              -0.903272738563828
            ],
            [
              0.11939999461174011,
              0.05306218005716801,
              -0.9049610053189097
            ],
            [
              -0.11939999461174011,
              0.05306218005716801,
              -0.9049610053189097
            ]
          ],
          "bounds": {
            "min": [
              -0.11939999461174011,
              0.05306218005716801,
              -0.9049610053189097
            ],
            "max": [
              0.11939999461174011,
              0.053761483170092106,
              -0.903272738563828
            ]
          }
        },
        "triangleB": {
          "triangleIndex": 3,
          "vertexIndices": [
            173,
            146,
            115
          ],
          "vertices": [
            [
              0.013000000268220901,
              0.04900000337511301,
              -0.9154610047116873
            ],
            [
              0.013000000268220901,
              0.06100000347942114,
              -0.8874610057100651
            ],
            [
              0.013000000268220901,
              0.04900000337511301,
              -0.8874610057100651
            ]
          ],
          "bounds": {
            "min": [
              0.013000000268220901,
              0.04900000337511301,
              -0.9154610047116873
            ],
            "max": [
              0.013000000268220901,
              0.06100000347942114,
              -0.8874610057100651
            ]
          }
        },
        "coplanar": false,
        "epsilon": 1e-9,
        "maxSeparatingGap": -0.0004123501259771104,
        "toleranceOnly": false,
        "testedAxes": 17
      }
    },
    {
      "names": [
        "Drive_GuideBridge_L",
        "Drive_GuideBushing_L"
      ],
      "groups": [
        "BraceSpreader",
        "BraceSpreader"
      ],
      "unfold": 0,
      "state": {
        "label": "full wing conversion",
        "wing": 0,
        "fold": [
          0,
          0.25,
          0.75,
          1
        ],
        "phase": [
          0,
          0,
          0,
          0
        ]
      },
      "surface": true,
      "contained": 0,
      "witness": {
        "meshA": "Drive_GuideBridge_L",
        "meshB": "Drive_GuideBushing_L",
        "triangleA": {
          "triangleIndex": 102,
          "vertexIndices": [
            135,
            31,
            40
          ],
          "vertices": [
            [
              -0.0059999991208314896,
              0.052000002935528755,
              -0.8864610046148298
            ],
            [
              -0.053999999538064,
              0.052000002935528755,
              -0.8864610046148298
            ],
            [
              -0.053999999538064,
              0.05170710990205407,
              -0.8857538960874078
            ]
          ],
          "bounds": {
            "min": [
              -0.053999999538064,
              0.05170710990205407,
              -0.8864610046148298
            ],
            "max": [
              -0.0059999991208314896,
              0.052000002935528755,
              -0.8857538960874078
            ]
          }
        },
        "triangleB": {
          "triangleIndex": 89,
          "vertexIndices": [
            11,
            48,
            47
          ],
          "vertices": [
            [
              -0.04978828504681587,
              0.05184430256485939,
              -0.8774610087275503
            ],
            [
              -0.052000001072883606,
              0.05287564918398857,
              -0.9254610091447828
            ],
            [
              -0.04978828504681587,
              0.05184430256485939,
              -0.9254610091447828
            ]
          ],
          "bounds": {
            "min": [
              -0.052000001072883606,
              0.05184430256485939,
              -0.9254610091447828
            ],
            "max": [
              -0.04978828504681587,
              0.05287564918398857,
              -0.8774610087275503
            ]
          }
        },
        "coplanar": false,
        "epsilon": 1e-9,
        "maxSeparatingGap": -0.00015570037066936493,
        "toleranceOnly": false,
        "testedAxes": 17
      }
    },
    {
      "names": [
        "Drive_GuideBridge_L",
        "Drive_OutputWeb"
      ],
      "groups": [
        "BraceSpreader",
        "BraceSpreader"
      ],
      "unfold": 0,
      "state": {
        "label": "full wing conversion",
        "wing": 0,
        "fold": [
          0,
          0.25,
          0.75,
          1
        ],
        "phase": [
          0,
          0,
          0,
          0
        ]
      },
      "surface": true,
      "contained": 0,
      "witness": {
        "meshA": "Drive_GuideBridge_L",
        "meshB": "Drive_OutputWeb",
        "triangleA": {
          "triangleIndex": 44,
          "vertexIndices": [
            143,
            160,
            153
          ],
          "vertices": [
            [
              -0.004999998956918716,
              0.05100000277161598,
              -0.8864610046148298
            ],
            [
              -0.0052928924560546875,
              0.05170710990205407,
              -0.8864610036835072
            ],
            [
              -0.005422648042440414,
              0.05157735338434577,
              -0.8858836535364387
            ]
          ],
          "bounds": {
            "min": [
              -0.005422648042440414,
              0.05100000277161598,
              -0.8864610046148298
            ],
            "max": [
              -0.004999998956918716,
              0.05170710990205407,
              -0.8858836535364387
            ]
          }
        },
        "triangleB": {
          "triangleIndex": 1,
          "vertexIndices": [
            116,
            27,
            4
          ],
          "vertices": [
            [
              0.012000000104308128,
              0.04900000337511301,
              -0.8864610055461524
            ],
            [
              -0.012000000104308128,
              0.06100000347942114,
              -0.8864610055461524
            ],
            [
              -0.012000000104308128,
              0.04900000337511301,
              -0.8864610055461524
            ]
          ],
          "bounds": {
            "min": [
              -0.012000000104308128,
              0.04900000337511301,
              -0.8864610055461524
            ],
            "max": [
              0.012000000104308128,
              0.06100000347942114,
              -0.8864610055461524
            ]
          }
        },
        "coplanar": false,
        "epsilon": 1e-9,
        "maxSeparatingGap": 9.313225746154785e-10,
        "toleranceOnly": true,
        "testedAxes": 17
      }
    },
    {
      "names": [
        "Drive_GuideBridge_R",
        "Drive_GuideBushing_R"
      ],
      "groups": [
        "BraceSpreader",
        "BraceSpreader"
      ],
      "unfold": 0,
      "state": {
        "label": "full wing conversion",
        "wing": 0,
        "fold": [
          0,
          0.25,
          0.75,
          1
        ],
        "phase": [
          0,
          0,
          0,
          0
        ]
      },
      "surface": true,
      "contained": 0,
      "witness": {
        "meshA": "Drive_GuideBridge_R",
        "meshB": "Drive_GuideBushing_R",
        "triangleA": {
          "triangleIndex": 102,
          "vertexIndices": [
            135,
            31,
            40
          ],
          "vertices": [
            [
              0.053999999538064,
              0.052000002935528755,
              -0.8864610046148298
            ],
            [
              0.0059999991208314896,
              0.052000002935528755,
              -0.8864610046148298
            ],
            [
              0.0059999991208314896,
              0.05170710990205407,
              -0.8857538960874078
            ]
          ],
          "bounds": {
            "min": [
              0.0059999991208314896,
              0.05170710990205407,
              -0.8864610046148298
            ],
            "max": [
              0.053999999538064,
              0.052000002935528755,
              -0.8857538960874078
            ]
          }
        },
        "triangleB": {
          "triangleIndex": 89,
          "vertexIndices": [
            11,
            48,
            47
          ],
          "vertices": [
            [
              0.040211718529462814,
              0.05184430256485939,
              -0.8774610087275503
            ],
            [
              0.03800000250339508,
              0.05287564918398857,
              -0.9254610091447828
            ],
            [
              0.040211718529462814,
              0.05184430256485939,
              -0.9254610091447828
            ]
          ],
          "bounds": {
            "min": [
              0.03800000250339508,
              0.05184430256485939,
              -0.9254610091447828
            ],
            "max": [
              0.040211718529462814,
              0.05287564918398857,
              -0.8774610087275503
            ]
          }
        },
        "coplanar": false,
        "epsilon": 1e-9,
        "maxSeparatingGap": -0.00011976105090492467,
        "toleranceOnly": false,
        "testedAxes": 17
      }
    },
    {
      "names": [
        "Drive_GuideBridge_R",
        "Drive_OutputWeb"
      ],
      "groups": [
        "BraceSpreader",
        "BraceSpreader"
      ],
      "unfold": 0,
      "state": {
        "label": "full wing conversion",
        "wing": 0,
        "fold": [
          0,
          0.25,
          0.75,
          1
        ],
        "phase": [
          0,
          0,
          0,
          0
        ]
      },
      "surface": true,
      "contained": 0,
      "witness": {
        "meshA": "Drive_GuideBridge_R",
        "meshB": "Drive_OutputWeb",
        "triangleA": {
          "triangleIndex": 102,
          "vertexIndices": [
            135,
            31,
            40
          ],
          "vertices": [
            [
              0.053999999538064,
              0.052000002935528755,
              -0.8864610046148298
            ],
            [
              0.0059999991208314896,
              0.052000002935528755,
              -0.8864610046148298
            ],
            [
              0.0059999991208314896,
              0.05170710990205407,
              -0.8857538960874078
            ]
          ],
          "bounds": {
            "min": [
              0.0059999991208314896,
              0.05170710990205407,
              -0.8864610046148298
            ],
            "max": [
              0.053999999538064,
              0.052000002935528755,
              -0.8857538960874078
            ]
          }
        },
        "triangleB": {
          "triangleIndex": 94,
          "vertexIndices": [
            142,
            119,
            128
          ],
          "vertices": [
            [
              0.012000000104308128,
              0.06100000347942114,
              -0.8864610055461524
            ],
            [
              0.012000000104308128,
              0.04900000337511301,
              -0.8864610055461524
            ],
            [
              0.01270710676908493,
              0.04900000290945172,
              -0.8867538999766109
            ]
          ],
          "bounds": {
            "min": [
              0.012000000104308128,
              0.04900000290945172,
              -0.8867538999766109
            ],
            "max": [
              0.01270710676908493,
              0.06100000347942114,
              -0.8864610055461524
            ]
          }
        },
        "coplanar": false,
        "epsilon": 1e-9,
        "maxSeparatingGap": 9.313225746154785e-10,
        "toleranceOnly": true,
        "testedAxes": 17
      }
    },
    {
      "names": [
        "Drive_NutCarriage",
        "Drive_NutInternalThread"
      ],
      "groups": [
        "BraceSpreader",
        "BraceSpreader"
      ],
      "unfold": 0,
      "state": {
        "label": "full wing conversion",
        "wing": 0,
        "fold": [
          0,
          0.25,
          0.75,
          1
        ],
        "phase": [
          0,
          0,
          0,
          0
        ]
      },
      "surface": true,
      "contained": 0,
      "witness": {
        "meshA": "Drive_NutCarriage",
        "meshB": "Drive_NutInternalThread",
        "triangleA": {
          "triangleIndex": 275,
          "vertexIndices": [
            107,
            142,
            143
          ],
          "vertices": [
            [
              0.011817692779004574,
              0.07908378168940544,
              -0.8724610097706316
            ],
            [
              0.011276311241090298,
              0.08110424503684044,
              -0.9304610081017015
            ],
            [
              0.011817692779004574,
              0.07908378168940544,
              -0.9304610081017015
            ]
          ],
          "bounds": {
            "min": [
              0.011276311241090298,
              0.07908378168940544,
              -0.9304610081017015
            ],
            "max": [
              0.011817692779004574,
              0.08110424503684044,
              -0.8724610097706316
            ]
          }
        },
        "triangleB": {
          "triangleIndex": 176,
          "vertexIndices": [
            348,
            365,
            369
          ],
          "vertices": [
            [
              0.008350604213774204,
              0.08086101338267326,
              -0.904994342010468
            ],
            [
              0.00906536728143692,
              0.07856815680861473,
              -0.9063276750966904
            ],
            [
              0.012612685561180115,
              0.07918177917599678,
              -0.9086276752641422
            ]
          ],
          "bounds": {
            "min": [
              0.008350604213774204,
              0.07856815680861473,
              -0.9086276752641422
            ],
            "max": [
              0.012612685561180115,
              0.08086101338267326,
              -0.904994342010468
            ]
          }
        },
        "coplanar": false,
        "epsilon": 1e-9,
        "maxSeparatingGap": -0.00038259525714965205,
        "toleranceOnly": false,
        "testedAxes": 17
      }
    },
    {
      "names": [
        "Drive_NutCarriage",
        "Drive_OutputWeb"
      ],
      "groups": [
        "BraceSpreader",
        "BraceSpreader"
      ],
      "unfold": 0,
      "state": {
        "label": "full wing conversion",
        "wing": 0,
        "fold": [
          0,
          0.25,
          0.75,
          1
        ],
        "phase": [
          0,
          0,
          0,
          0
        ]
      },
      "surface": true,
      "contained": 0,
      "witness": {
        "meshA": "Drive_NutCarriage",
        "meshB": "Drive_OutputWeb",
        "triangleA": {
          "triangleIndex": 97,
          "vertexIndices": [
            12,
            49,
            48
          ],
          "vertices": [
            [
              -0.012500000186264515,
              0.05534936860203743,
              -0.8724610097706316
            ],
            [
              -0.016069691628217697,
              0.057848889380693436,
              -0.9304610081017015
            ],
            [
              -0.012500000186264515,
              0.05534936860203743,
              -0.9304610081017015
            ]
          ],
          "bounds": {
            "min": [
              -0.016069691628217697,
              0.05534936860203743,
              -0.9304610081017015
            ],
            "max": [
              -0.012500000186264515,
              0.057848889380693436,
              -0.8724610097706316
            ]
          }
        },
        "triangleB": {
          "triangleIndex": 64,
          "vertexIndices": [
            22,
            53,
            36
          ],
          "vertices": [
            [
              -0.01270710676908493,
              0.04900000290945172,
              -0.8867538999766109
            ],
            [
              -0.01270710676908493,
              0.061000003945082426,
              -0.8867538999766109
            ],
            [
              -0.013000000268220901,
              0.06100000347942114,
              -0.8874610057100651
            ]
          ],
          "bounds": {
            "min": [
              -0.013000000268220901,
              0.04900000290945172,
              -0.8874610057100651
            ],
            "max": [
              -0.01270710676908493,
              0.061000003945082426,
              -0.8867538999766109
            ]
          }
        },
        "coplanar": false,
        "epsilon": 1e-9,
        "maxSeparatingGap": -0.000361972765226098,
        "toleranceOnly": false,
        "testedAxes": 17
      }
    },
    {
      "names": [
        "Drive_CouplingWitness",
        "Drive_OutputCoupling"
      ],
      "groups": [
        "Drive_ScrewRotor",
        "Drive_ScrewRotor"
      ],
      "unfold": 0,
      "state": {
        "label": "full wing conversion",
        "wing": 0,
        "fold": [
          0,
          0.25,
          0.75,
          1
        ],
        "phase": [
          0,
          0,
          0,
          0
        ]
      },
      "surface": true,
      "contained": 0,
      "witness": {
        "meshA": "Drive_CouplingWitness",
        "meshB": "Drive_OutputCoupling",
        "triangleA": {
          "triangleIndex": 233,
          "vertexIndices": [
            326,
            340,
            323
          ],
          "vertices": [
            [
              0.015680260420176464,
              0.0779702187918212,
              -0.6450585575924779
            ],
            [
              0.015271563959357946,
              0.07827168566614509,
              -0.6449999791989395
            ],
            [
              0.015557346003218052,
              0.0778992530316009,
              -0.6449999792614711
            ]
          ],
          "bounds": {
            "min": [
              0.015271563959357946,
              0.0778992530316009,
              -0.6450585575924779
            ],
            "max": [
              0.015680260420176464,
              0.07827168566614509,
              -0.6449999791989395
            ]
          }
        },
        "triangleB": {
          "triangleIndex": 284,
          "vertexIndices": [
            0,
            35,
            107
          ],
          "vertices": [
            [
              0.016000000759525918,
              0.07700011733547342,
              -0.6449999809265137
            ],
            [
              0.015756903257369004,
              0.07977848664398195,
              -0.6449999809265137
            ],
            [
              0.007681490198270439,
              0.07835451183011284,
              -0.6449999809265137
            ]
          ],
          "bounds": {
            "min": [
              0.007681490198270439,
              0.07700011733547342,
              -0.6449999809265137
            ],
            "max": [
              0.016000000759525918,
              0.07977848664398195,
              -0.6449999809265137
            ]
          }
        },
        "coplanar": false,
        "epsilon": 1e-9,
        "maxSeparatingGap": -1.7275741948097334e-9,
        "toleranceOnly": false,
        "testedAxes": 17
      }
    },
    {
      "names": [
        "Drive_LeadScrewCore",
        "Drive_LeadScrewThread"
      ],
      "groups": [
        "Drive_ScrewRotor",
        "Drive_ScrewRotor"
      ],
      "unfold": 0,
      "state": {
        "label": "full wing conversion",
        "wing": 0,
        "fold": [
          0,
          0.25,
          0.75,
          1
        ],
        "phase": [
          0,
          0,
          0,
          0
        ]
      },
      "surface": true,
      "contained": 0,
      "witness": {
        "meshA": "Drive_LeadScrewCore",
        "meshB": "Drive_LeadScrewThread",
        "triangleA": {
          "triangleIndex": 69,
          "vertexIndices": [
            3,
            29,
            21
          ],
          "vertices": [
            [
              -2.799054322673399e-8,
              0.08500009490072502,
              -0.6003999356749783
            ],
            [
              -0.0020706400615206253,
              0.08472729852866916,
              -1.9976001117124629
            ],
            [
              -0.0020705789892685104,
              0.08472748625531135,
              -0.6003999356210967
            ]
          ],
          "bounds": {
            "min": [
              -0.0020706400615206253,
              0.08472729852866916,
              -1.9976001117124629
            ],
            "max": [
              -2.799054322673399e-8,
              0.08500009490072502,
              -0.6003999356210967
            ]
          }
        },
        "triangleB": {
          "triangleIndex": 184,
          "vertexIndices": [
            366,
            381,
            385
          ],
          "vertices": [
            [
              -0.001980967272269231,
              0.08423365498530846,
              -0.8818386793136597
            ],
            [
              -0.00004305120845149583,
              0.08449987616391542,
              -0.8831707835197449
            ],
            [
              -0.00006027169328660027,
              0.08749982670324234,
              -0.8854708075523376
            ]
          ],
          "bounds": {
            "min": [
              -0.001980967272269231,
              0.08423365498530846,
              -0.8854708075523376
            ],
            "max": [
              -0.00004305120845149583,
              0.08749982670324234,
              -0.8818386793136597
            ]
          }
        },
        "coplanar": false,
        "epsilon": 1e-9,
        "maxSeparatingGap": -0.0005012674453772516,
        "toleranceOnly": false,
        "testedAxes": 17
      }
    },
    {
      "names": [
        "Drive_LeadScrewCore",
        "Drive_OutputCoupling"
      ],
      "groups": [
        "Drive_ScrewRotor",
        "Drive_ScrewRotor"
      ],
      "unfold": 0,
      "state": {
        "label": "full wing conversion",
        "wing": 0,
        "fold": [
          0,
          0.25,
          0.75,
          1
        ],
        "phase": [
          0,
          0,
          0,
          0
        ]
      },
      "surface": true,
      "contained": 0,
      "witness": {
        "meshA": "Drive_LeadScrewCore",
        "meshB": "Drive_OutputCoupling",
        "triangleA": {
          "triangleIndex": 44,
          "vertexIndices": [
            21,
            29,
            45
          ],
          "vertices": [
            [
              -0.0020705789892685104,
              0.08472748625531135,
              -0.6003999356210967
            ],
            [
              -0.0020706400615206253,
              0.08472729852866916,
              -1.9976001117124629
            ],
            [
              -0.004000082486462624,
              0.08392808101425507,
              -1.997600111735504
            ]
          ],
          "bounds": {
            "min": [
              -0.004000082486462624,
              0.08392808101425507,
              -1.997600111735504
            ],
            "max": [
              -0.0020705789892685104,
              0.08472748625531135,
              -0.6003999356210967
            ]
          }
        },
        "triangleB": {
          "triangleIndex": 205,
          "vertexIndices": [
            26,
            97,
            98
          ],
          "vertices": [
            [
              -0.002778487061214466,
              0.09275690284013649,
              -0.6449999809265137
            ],
            [
              -0.0026678111592973973,
              0.08432958220923555,
              -0.6449999809265137
            ],
            [
              -0.00135451224734536,
              0.08468148978103793,
              -0.6449999809265137
            ]
          ],
          "bounds": {
            "min": [
              -0.002778487061214466,
              0.08432958220923555,
              -0.6449999809265137
            ],
            "max": [
              -0.00135451224734536,
              0.09275690284013649,
              -0.6449999809265137
            ]
          }
        },
        "coplanar": false,
        "epsilon": 1e-9,
        "maxSeparatingGap": -0.00022976052963313387,
        "toleranceOnly": false,
        "testedAxes": 17
      }
    },
    {
      "names": [
        "Drive_LeadScrewCore",
        "Drive_PlanetCarrier"
      ],
      "groups": [
        "Drive_ScrewRotor",
        "Drive_ScrewRotor"
      ],
      "unfold": 0,
      "state": {
        "label": "full wing conversion",
        "wing": 0,
        "fold": [
          0,
          0.25,
          0.75,
          1
        ],
        "phase": [
          0,
          0,
          0,
          0
        ]
      },
      "surface": true,
      "contained": 0,
      "witness": {
        "meshA": "Drive_LeadScrewCore",
        "meshB": "Drive_PlanetCarrier",
        "triangleA": {
          "triangleIndex": 44,
          "vertexIndices": [
            21,
            29,
            45
          ],
          "vertices": [
            [
              -0.0020705789892685104,
              0.08472748625531135,
              -0.6003999356210967
            ],
            [
              -0.0020706400615206253,
              0.08472729852866916,
              -1.9976001117124629
            ],
            [
              -0.004000082486462624,
              0.08392808101425507,
              -1.997600111735504
            ]
          ],
          "bounds": {
            "min": [
              -0.004000082486462624,
              0.08392808101425507,
              -1.997600111735504
            ],
            "max": [
              -0.0020705789892685104,
              0.08472748625531135,
              -0.6003999356210967
            ]
          }
        },
        "triangleB": {
          "triangleIndex": 67,
          "vertexIndices": [
            298,
            170,
            42
          ],
          "vertices": [
            [
              0.024495691858156393,
              0.077000178184527,
              -0.6160000281398192
            ],
            [
              -0.012247692889520066,
              0.05578602112852463,
              -0.6160000293839797
            ],
            [
              -0.012248003284019034,
              0.098213797621374,
              -0.616000023683433
            ]
          ],
          "bounds": {
            "min": [
              -0.012248003284019034,
              0.05578602112852463,
              -0.6160000293839797
            ],
            "max": [
              0.024495691858156393,
              0.098213797621374,
              -0.616000023683433
            ]
          }
        },
        "coplanar": false,
        "epsilon": 1e-9,
        "maxSeparatingGap": -0.006609388021769153,
        "toleranceOnly": false,
        "testedAxes": 17
      }
    },
    {
      "names": [
        "Drive_PlanetCarrier",
        "Drive_PlanetPin_0"
      ],
      "groups": [
        "Drive_ScrewRotor",
        "Drive_ScrewRotor"
      ],
      "unfold": 0,
      "state": {
        "label": "full wing conversion",
        "wing": 0,
        "fold": [
          0,
          0.25,
          0.75,
          1
        ],
        "phase": [
          0,
          0,
          0,
          0
        ]
      },
      "surface": true,
      "contained": 0,
      "witness": {
        "meshA": "Drive_PlanetCarrier",
        "meshB": "Drive_PlanetPin_0",
        "triangleA": {
          "triangleIndex": 282,
          "vertexIndices": [
            242,
            306,
            370
          ],
          "vertices": [
            [
              0.01732119849963968,
              0.059679057647774286,
              -0.6070000256063548
            ],
            [
              0.02366097572743955,
              0.0833401246261297,
              -0.6070000227044159
            ],
            [
              0.006339779287156288,
              0.10066106530310766,
              -0.6070000196200485
            ]
          ],
          "bounds": {
            "min": [
              0.006339779287156288,
              0.059679057647774286,
              -0.6070000256063548
            ],
            "max": [
              0.02366097572743955,
              0.10066106530310766,
              -0.6070000196200485
            ]
          }
        },
        "triangleB": {
          "triangleIndex": 44,
          "vertexIndices": [
            21,
            29,
            45
          ],
          "vertices": [
            [
              0.014611761413497919,
              0.07844899914852174,
              -0.5681500457265646
            ],
            [
              0.014611759372219962,
              0.07844899287394952,
              -0.6148500415881903
            ],
            [
              0.014249988932095257,
              0.07829913958999699,
              -0.6148500415925106
            ]
          ],
          "bounds": {
            "min": [
              0.014249988932095257,
              0.07829913958999699,
              -0.6148500415925106
            ],
            "max": [
              0.014611761413497919,
              0.07844899914852174,
              -0.5681500457265646
            ]
          }
        },
        "coplanar": false,
        "epsilon": 1e-9,
        "maxSeparatingGap": -0.0022410387202944043,
        "toleranceOnly": false,
        "testedAxes": 17
      }
    },
    {
      "names": [
        "Drive_PlanetCarrier",
        "Drive_PlanetPin_1"
      ],
      "groups": [
        "Drive_ScrewRotor",
        "Drive_ScrewRotor"
      ],
      "unfold": 0,
      "state": {
        "label": "full wing conversion",
        "wing": 0,
        "fold": [
          0,
          0.25,
          0.75,
          1
        ],
        "phase": [
          0,
          0,
          0,
          0
        ]
      },
      "surface": true,
      "contained": 0,
      "witness": {
        "meshA": "Drive_PlanetCarrier",
        "meshB": "Drive_PlanetPin_1",
        "triangleA": {
          "triangleIndex": 280,
          "vertexIndices": [
            370,
            50,
            114
          ],
          "vertices": [
            [
              0.006339779287156288,
              0.10066106530310766,
              -0.6070000196200485
            ],
            [
              -0.017321198106245404,
              0.09432094272699373,
              -0.6070000194376195
            ],
            [
              -0.023660975334045275,
              0.07065987574863833,
              -0.6070000223395584
            ]
          ],
          "bounds": {
            "min": [
              -0.023660975334045275,
              0.07065987574863833,
              -0.6070000223395584
            ],
            "max": [
              0.006339779287156288,
              0.10066106530310766,
              -0.6070000194376195
            ]
          }
        },
        "triangleB": {
          "triangleIndex": 44,
          "vertexIndices": [
            21,
            29,
            45
          ],
          "vertices": [
            [
              -0.007888333686253468,
              0.09143921419578649,
              -0.5681500457265646
            ],
            [
              -0.007888335727531424,
              0.09143920792121427,
              -0.6148500415881903
            ],
            [
              -0.00825010616765613,
              0.09128935463726173,
              -0.6148500415925106
            ]
          ],
          "bounds": {
            "min": [
              -0.00825010616765613,
              0.09128935463726173,
              -0.6148500415925106
            ],
            "max": [
              -0.007888333686253468,
              0.09143921419578649,
              -0.5681500457265646
            ]
          }
        },
        "coplanar": false,
        "epsilon": 1e-9,
        "maxSeparatingGap": -0.003664722130505923,
        "toleranceOnly": false,
        "testedAxes": 17
      }
    },
    {
      "names": [
        "Drive_PlanetCarrier",
        "Drive_PlanetPin_2"
      ],
      "groups": [
        "Drive_ScrewRotor",
        "Drive_ScrewRotor"
      ],
      "unfold": 0,
      "state": {
        "label": "full wing conversion",
        "wing": 0,
        "fold": [
          0,
          0.25,
          0.75,
          1
        ],
        "phase": [
          0,
          0,
          0,
          0
        ]
      },
      "surface": true,
      "contained": 0,
      "witness": {
        "meshA": "Drive_PlanetCarrier",
        "meshB": "Drive_PlanetPin_2",
        "triangleA": {
          "triangleIndex": 281,
          "vertexIndices": [
            114,
            178,
            242
          ],
          "vertices": [
            [
              -0.023660975334045275,
              0.07065987574863833,
              -0.6070000223395584
            ],
            [
              -0.006339778893762016,
              0.05333893507166037,
              -0.6070000254239257
            ],
            [
              0.01732119849963968,
              0.059679057647774286,
              -0.6070000256063548
            ]
          ],
          "bounds": {
            "min": [
              -0.023660975334045275,
              0.05333893507166037,
              -0.6070000256063548
            ],
            "max": [
              0.01732119849963968,
              0.07065987574863833,
              -0.6070000223395584
            ]
          }
        },
        "triangleB": {
          "triangleIndex": 44,
          "vertexIndices": [
            21,
            29,
            45
          ],
          "vertices": [
            [
              -0.007888142479744772,
              0.06545845850973013,
              -0.5681500457265646
            ],
            [
              -0.00788814452102273,
              0.06545845223515791,
              -0.6148500415881903
            ],
            [
              -0.008249914961147435,
              0.06530859895120537,
              -0.6148500415925106
            ]
          ],
          "bounds": {
            "min": [
              -0.008249914961147435,
              0.06530859895120537,
              -0.6148500415925106
            ],
            "max": [
              -0.007888142479744772,
              0.06545845850973013,
              -0.5681500457265646
            ]
          }
        },
        "coplanar": false,
        "epsilon": 1e-9,
        "maxSeparatingGap": -0.001140293899846212,
        "toleranceOnly": false,
        "testedAxes": 17
      }
    },
    {
      "names": [
        "Drive_PlanetPin_0",
        "Drive_PlanetRetainer_0_Front"
      ],
      "groups": [
        "Drive_ScrewRotor",
        "Drive_ScrewRotor"
      ],
      "unfold": 0,
      "state": {
        "label": "full wing conversion",
        "wing": 0,
        "fold": [
          0,
          0.25,
          0.75,
          1
        ],
        "phase": [
          0,
          0,
          0,
          0
        ]
      },
      "surface": true,
      "contained": 0,
      "witness": {
        "meshA": "Drive_PlanetPin_0",
        "meshB": "Drive_PlanetRetainer_0_Front",
        "triangleA": {
          "triangleIndex": 44,
          "vertexIndices": [
            21,
            29,
            45
          ],
          "vertices": [
            [
              0.014611761413497919,
              0.07844899914852174,
              -0.5681500457265646
            ],
            [
              0.014611759372219962,
              0.07844899287394952,
              -0.6148500415881903
            ],
            [
              0.014249988932095257,
              0.07829913958999699,
              -0.6148500415925106
            ]
          ],
          "bounds": {
            "min": [
              0.014249988932095257,
              0.07829913958999699,
              -0.6148500415925106
            ],
            "max": [
              0.014611761413497919,
              0.07844899914852174,
              -0.5681500457265646
            ]
          }
        },
        "triangleB": {
          "triangleIndex": 205,
          "vertexIndices": [
            26,
            97,
            98
          ],
          "vertices": [
            [
              0.014479033325788024,
              0.07995452933667817,
              -0.5690000057220459
            ],
            [
              0.01452116165647075,
              0.07831567607343874,
              -0.5690000057220459
            ],
            [
              0.014756881729230146,
              0.07837883894108985,
              -0.5690000057220459
            ]
          ],
          "bounds": {
            "min": [
              0.014479033325788024,
              0.07831567607343874,
              -0.5690000057220459
            ],
            "max": [
              0.014756881729230146,
              0.07995452933667817,
              -0.5690000057220459
            ]
          }
        },
        "coplanar": false,
        "epsilon": 1e-9,
        "maxSeparatingGap": -0.0000939958663751847,
        "toleranceOnly": false,
        "testedAxes": 17
      }
    },
    {
      "names": [
        "Drive_PlanetPin_0",
        "Drive_PlanetRetainer_0_Rear"
      ],
      "groups": [
        "Drive_ScrewRotor",
        "Drive_ScrewRotor"
      ],
      "unfold": 0,
      "state": {
        "label": "full wing conversion",
        "wing": 0,
        "fold": [
          0,
          0.25,
          0.75,
          1
        ],
        "phase": [
          0,
          0,
          0,
          0
        ]
      },
      "surface": true,
      "contained": 0,
      "witness": {
        "meshA": "Drive_PlanetPin_0",
        "meshB": "Drive_PlanetRetainer_0_Rear",
        "triangleA": {
          "triangleIndex": 44,
          "vertexIndices": [
            21,
            29,
            45
          ],
          "vertices": [
            [
              0.014611761413497919,
              0.07844899914852174,
              -0.5681500457265646
            ],
            [
              0.014611759372219962,
              0.07844899287394952,
              -0.6148500415881903
            ],
            [
              0.014249988932095257,
              0.07829913958999699,
              -0.6148500415925106
            ]
          ],
          "bounds": {
            "min": [
              0.014249988932095257,
              0.07829913958999699,
              -0.6148500415925106
            ],
            "max": [
              0.014611761413497919,
              0.07844899914852174,
              -0.5681500457265646
            ]
          }
        },
        "triangleB": {
          "triangleIndex": 197,
          "vertexIndices": [
            25,
            96,
            97
          ],
          "vertices": [
            [
              0.013973918485023235,
              0.07981918023478116,
              -0.5990000367164612
            ],
            [
              0.014299990999154258,
              0.07821254036588451,
              -0.5990000367164612
            ],
            [
              0.01452116165647075,
              0.07831567607343874,
              -0.5990000367164612
            ]
          ],
          "bounds": {
            "min": [
              0.013973918485023235,
              0.07821254036588451,
              -0.5990000367164612
            ],
            "max": [
              0.01452116165647075,
              0.07981918023478116,
              -0.5990000367164612
            ]
          }
        },
        "coplanar": false,
        "epsilon": 1e-9,
        "maxSeparatingGap": -0.0000938218387438858,
        "toleranceOnly": false,
        "testedAxes": 17
      }
    },
    {
      "names": [
        "Drive_PlanetPin_1",
        "Drive_PlanetRetainer_1_Front"
      ],
      "groups": [
        "Drive_ScrewRotor",
        "Drive_ScrewRotor"
      ],
      "unfold": 0,
      "state": {
        "label": "full wing conversion",
        "wing": 0,
        "fold": [
          0,
          0.25,
          0.75,
          1
        ],
        "phase": [
          0,
          0,
          0,
          0
        ]
      },
      "surface": true,
      "contained": 0,
      "witness": {
        "meshA": "Drive_PlanetPin_1",
        "meshB": "Drive_PlanetRetainer_1_Front",
        "triangleA": {
          "triangleIndex": 44,
          "vertexIndices": [
            21,
            29,
            45
          ],
          "vertices": [
            [
              -0.007888333686253468,
              0.09143921419578649,
              -0.5681500457265646
            ],
            [
              -0.007888335727531424,
              0.09143920792121427,
              -0.6148500415881903
            ],
            [
              -0.00825010616765613,
              0.09128935463726173,
              -0.6148500415925106
            ]
          ],
          "bounds": {
            "min": [
              -0.00825010616765613,
              0.09128935463726173,
              -0.6148500415925106
            ],
            "max": [
              -0.007888333686253468,
              0.09143921419578649,
              -0.5681500457265646
            ]
          }
        },
        "triangleB": {
          "triangleIndex": 205,
          "vertexIndices": [
            26,
            97,
            98
          ],
          "vertices": [
            [
              -0.008021061308296936,
              0.09294474368545441,
              -0.5690000057220459
            ],
            [
              -0.00797893297761849,
              0.0913058910042916,
              -0.5690000057220459
            ],
            [
              -0.007743212904860809,
              0.09136905410477335,
              -0.5690000057220459
            ]
          ],
          "bounds": {
            "min": [
              -0.008021061308296936,
              0.0913058910042916,
              -0.5690000057220459
            ],
            "max": [
              -0.007743212904860809,
              0.09294474368545441,
              -0.5690000057220459
            ]
          }
        },
        "coplanar": false,
        "epsilon": 1e-9,
        "maxSeparatingGap": -0.00009399540505277054,
        "toleranceOnly": false,
        "testedAxes": 17
      }
    },
    {
      "names": [
        "Drive_PlanetPin_1",
        "Drive_PlanetRetainer_1_Rear"
      ],
      "groups": [
        "Drive_ScrewRotor",
        "Drive_ScrewRotor"
      ],
      "unfold": 0,
      "state": {
        "label": "full wing conversion",
        "wing": 0,
        "fold": [
          0,
          0.25,
          0.75,
          1
        ],
        "phase": [
          0,
          0,
          0,
          0
        ]
      },
      "surface": true,
      "contained": 0,
      "witness": {
        "meshA": "Drive_PlanetPin_1",
        "meshB": "Drive_PlanetRetainer_1_Rear",
        "triangleA": {
          "triangleIndex": 44,
          "vertexIndices": [
            21,
            29,
            45
          ],
          "vertices": [
            [
              -0.007888333686253468,
              0.09143921419578649,
              -0.5681500457265646
            ],
            [
              -0.007888335727531424,
              0.09143920792121427,
              -0.6148500415881903
            ],
            [
              -0.00825010616765613,
              0.09128935463726173,
              -0.6148500415925106
            ]
          ],
          "bounds": {
            "min": [
              -0.00825010616765613,
              0.09128935463726173,
              -0.6148500415925106
            ],
            "max": [
              -0.007888333686253468,
              0.09143921419578649,
              -0.5681500457265646
            ]
          }
        },
        "triangleB": {
          "triangleIndex": 197,
          "vertexIndices": [
            25,
            96,
            97
          ],
          "vertices": [
            [
              -0.008526177080384298,
              0.09280939458355054,
              -0.5990000367164612
            ],
            [
              -0.00820010456626013,
              0.09120275564597646,
              -0.5990000367164612
            ],
            [
              -0.00797893297761849,
              0.0913058910042916,
              -0.5990000367164612
            ]
          ],
          "bounds": {
            "min": [
              -0.008526177080384298,
              0.09120275564597646,
              -0.5990000367164612
            ],
            "max": [
              -0.00797893297761849,
              0.09280939458355054,
              -0.5990000367164612
            ]
          }
        },
        "coplanar": false,
        "epsilon": 1e-9,
        "maxSeparatingGap": -0.00009382179192968869,
        "toleranceOnly": false,
        "testedAxes": 17
      }
    },
    {
      "names": [
        "Drive_PlanetPin_2",
        "Drive_PlanetRetainer_2_Front"
      ],
      "groups": [
        "Drive_ScrewRotor",
        "Drive_ScrewRotor"
      ],
      "unfold": 0,
      "state": {
        "label": "full wing conversion",
        "wing": 0,
        "fold": [
          0,
          0.25,
          0.75,
          1
        ],
        "phase": [
          0,
          0,
          0,
          0
        ]
      },
      "surface": true,
      "contained": 0,
      "witness": {
        "meshA": "Drive_PlanetPin_2",
        "meshB": "Drive_PlanetRetainer_2_Front",
        "triangleA": {
          "triangleIndex": 44,
          "vertexIndices": [
            21,
            29,
            45
          ],
          "vertices": [
            [
              -0.007888142479744772,
              0.06545845850973013,
              -0.5681500457265646
            ],
            [
              -0.00788814452102273,
              0.06545845223515791,
              -0.6148500415881903
            ],
            [
              -0.008249914961147435,
              0.06530859895120537,
              -0.6148500415925106
            ]
          ],
          "bounds": {
            "min": [
              -0.008249914961147435,
              0.06530859895120537,
              -0.6148500415925106
            ],
            "max": [
              -0.007888142479744772,
              0.06545845850973013,
              -0.5681500457265646
            ]
          }
        },
        "triangleB": {
          "triangleIndex": 205,
          "vertexIndices": [
            26,
            97,
            98
          ],
          "vertices": [
            [
              -0.00802087010175397,
              0.06696398334278518,
              -0.5690000057220459
            ],
            [
              -0.00797874177106867,
              0.06532512973029979,
              -0.5690000057220459
            ],
            [
              -0.007743021698310989,
              0.06538829283078154,
              -0.5690000057220459
            ]
          ],
          "bounds": {
            "min": [
              -0.00802087010175397,
              0.06532512973029979,
              -0.5690000057220459
            ],
            "max": [
              -0.007743021698310989,
              0.06696398334278518,
              -0.5690000057220459
            ]
          }
        },
        "coplanar": false,
        "epsilon": 1e-9,
        "maxSeparatingGap": -0.00009399554669641876,
        "toleranceOnly": false,
        "testedAxes": 17
      }
    },
    {
      "names": [
        "Drive_PlanetPin_2",
        "Drive_PlanetRetainer_2_Rear"
      ],
      "groups": [
        "Drive_ScrewRotor",
        "Drive_ScrewRotor"
      ],
      "unfold": 0,
      "state": {
        "label": "full wing conversion",
        "wing": 0,
        "fold": [
          0,
          0.25,
          0.75,
          1
        ],
        "phase": [
          0,
          0,
          0,
          0
        ]
      },
      "surface": true,
      "contained": 0,
      "witness": {
        "meshA": "Drive_PlanetPin_2",
        "meshB": "Drive_PlanetRetainer_2_Rear",
        "triangleA": {
          "triangleIndex": 44,
          "vertexIndices": [
            21,
            29,
            45
          ],
          "vertices": [
            [
              -0.007888142479744772,
              0.06545845850973013,
              -0.5681500457265646
            ],
            [
              -0.00788814452102273,
              0.06545845223515791,
              -0.6148500415881903
            ],
            [
              -0.008249914961147435,
              0.06530859895120537,
              -0.6148500415925106
            ]
          ],
          "bounds": {
            "min": [
              -0.008249914961147435,
              0.06530859895120537,
              -0.6148500415925106
            ],
            "max": [
              -0.007888142479744772,
              0.06545845850973013,
              -0.5681500457265646
            ]
          }
        },
        "triangleB": {
          "triangleIndex": 197,
          "vertexIndices": [
            25,
            96,
            97
          ],
          "vertices": [
            [
              -0.008525985873841332,
              0.06682863424088131,
              -0.5990000367164612
            ],
            [
              -0.008199913359710312,
              0.06522199437198467,
              -0.5990000367164612
            ],
            [
              -0.00797874177106867,
              0.06532512973029979,
              -0.5990000367164612
            ]
          ],
          "bounds": {
            "min": [
              -0.008525985873841332,
              0.06522199437198467,
              -0.5990000367164612
            ],
            "max": [
              -0.00797874177106867,
              0.06682863424088131,
              -0.5990000367164612
            ]
          }
        },
        "coplanar": false,
        "epsilon": 1e-9,
        "maxSeparatingGap": -0.00009382685632426931,
        "toleranceOnly": false,
        "testedAxes": 17
      }
    },
    {
      "names": [
        "Drive_MotorRotorDisc",
        "Drive_MotorShaft"
      ],
      "groups": [
        "Drive_MotorRotor",
        "Drive_MotorRotor"
      ],
      "unfold": 0,
      "state": {
        "label": "full wing conversion",
        "wing": 0,
        "fold": [
          0,
          0.25,
          0.75,
          1
        ],
        "phase": [
          0,
          0,
          0,
          0
        ]
      },
      "surface": true,
      "contained": 0,
      "witness": {
        "meshA": "Drive_MotorRotorDisc",
        "meshB": "Drive_MotorShaft",
        "triangleA": {
          "triangleIndex": 67,
          "vertexIndices": [
            298,
            170,
            42
          ],
          "vertices": [
            [
              0.029394829737279485,
              0.07700064622062129,
              -0.3780000084394284
            ],
            [
              -0.014696851663513989,
              0.05154300615366969,
              -0.37800000993243155
            ],
            [
              -0.014697973534826833,
              0.10245634314949835,
              -0.37800000309177473
            ]
          ],
          "bounds": {
            "min": [
              -0.014697973534826833,
              0.05154300615366969,
              -0.37800000993243155
            ],
            "max": [
              0.029394829737279485,
              0.10245634314949835,
              -0.37800000309177473
            ]
          }
        },
        "triangleB": {
          "triangleIndex": 20,
          "vertexIndices": [
            181,
            189,
            205
          ],
          "vertices": [
            [
              -0.0020703770126320412,
              0.06927256270332144,
              -0.361400003015863
            ],
            [
              -0.00207038703056838,
              0.0692725319080476,
              -0.5906000156031511
            ],
            [
              1.712703948241926e-7,
              0.0689999840809215,
              -0.5906000156383712
            ]
          ],
          "bounds": {
            "min": [
              -0.00207038703056838,
              0.0689999840809215,
              -0.5906000156383712
            ],
            "max": [
              1.712703948241926e-7,
              0.06927256270332144,
              -0.361400003015863
            ]
          }
        },
        "coplanar": false,
        "epsilon": 1e-9,
        "maxSeparatingGap": -0.009040571016559576,
        "toleranceOnly": false,
        "testedAxes": 17
      }
    },
    {
      "names": [
        "Drive_MotorRotorDisc",
        "Drive_MotorWitness"
      ],
      "groups": [
        "Drive_MotorRotor",
        "Drive_MotorRotor"
      ],
      "unfold": 0,
      "state": {
        "label": "full wing conversion",
        "wing": 0,
        "fold": [
          0,
          0.25,
          0.75,
          1
        ],
        "phase": [
          0,
          0,
          0,
          0
        ]
      },
      "surface": true,
      "contained": 0,
      "witness": {
        "meshA": "Drive_MotorRotorDisc",
        "meshB": "Drive_MotorWitness",
        "triangleA": {
          "triangleIndex": 67,
          "vertexIndices": [
            298,
            170,
            42
          ],
          "vertices": [
            [
              0.029394829737279485,
              0.07700064622062129,
              -0.3780000084394284
            ],
            [
              -0.014696851663513989,
              0.05154300615366969,
              -0.37800000993243155
            ],
            [
              -0.014697973534826833,
              0.10245634314949835,
              -0.37800000309177473
            ]
          ],
          "bounds": {
            "min": [
              -0.014697973534826833,
              0.05154300615366969,
              -0.37800000993243155
            ],
            "max": [
              0.029394829737279485,
              0.10245634314949835,
              -0.37800000309177473
            ]
          }
        },
        "triangleB": {
          "triangleIndex": 44,
          "vertexIndices": [
            21,
            29,
            45
          ],
          "vertices": [
            [
              0.02448231995658654,
              0.07893239338083008,
              -0.3602000124336433
            ],
            [
              0.024482319143613242,
              0.07893239088173813,
              -0.3788000094133272
            ],
            [
              0.02399996147836818,
              0.07873257940324815,
              -0.37880000941908754
            ]
          ],
          "bounds": {
            "min": [
              0.02399996147836818,
              0.07873257940324815,
              -0.37880000941908754
            ],
            "max": [
              0.02448231995658654,
              0.07893239338083008,
              -0.3602000124336433
            ]
          }
        },
        "coplanar": false,
        "epsilon": 1e-9,
        "maxSeparatingGap": -0.0008000014481902416,
        "toleranceOnly": false,
        "testedAxes": 17
      }
    },
    {
      "names": [
        "Drive_MotorShaft",
        "Drive_SunGear"
      ],
      "groups": [
        "Drive_MotorRotor",
        "Drive_MotorRotor"
      ],
      "unfold": 0,
      "state": {
        "label": "full wing conversion",
        "wing": 0,
        "fold": [
          0,
          0.25,
          0.75,
          1
        ],
        "phase": [
          0,
          0,
          0,
          0
        ]
      },
      "surface": true,
      "contained": 0,
      "witness": {
        "meshA": "Drive_MotorShaft",
        "meshB": "Drive_SunGear",
        "triangleA": {
          "triangleIndex": 20,
          "vertexIndices": [
            181,
            189,
            205
          ],
          "vertices": [
            [
              -0.0020703770126320412,
              0.06927256270332144,
              -0.361400003015863
            ],
            [
              -0.00207038703056838,
              0.0692725319080476,
              -0.5906000156031511
            ],
            [
              1.712703948241926e-7,
              0.0689999840809215,
              -0.5906000156383712
            ]
          ],
          "bounds": {
            "min": [
              -0.00207038703056838,
              0.0689999840809215,
              -0.5906000156383712
            ],
            "max": [
              1.712703948241926e-7,
              0.06927256270332144,
              -0.361400003015863
            ]
          }
        },
        "triangleB": {
          "triangleIndex": 381,
          "vertexIndices": [
            148,
            521,
            145
          ],
          "vertices": [
            [
              0.0006689537349131455,
              0.06637103004002683,
              -0.5730000138282776
            ],
            [
              -0.0004833173349987638,
              0.06931518301377601,
              -0.5730000138282776
            ],
            [
              -0.0006684843880615483,
              0.06637100051122359,
              -0.5730000138282776
            ]
          ],
          "bounds": {
            "min": [
              -0.0006684843880615483,
              0.06637100051122359,
              -0.5730000138282776
            ],
            "max": [
              0.0006689537349131455,
              0.06931518301377601,
              -0.5730000138282776
            ]
          }
        },
        "coplanar": false,
        "epsilon": 1e-9,
        "maxSeparatingGap": -0.00024940344227232893,
        "toleranceOnly": false,
        "testedAxes": 17
      }
    },
    {
      "names": [
        "Drive_MotorHousing",
        "Drive_MotorGearboxAdapter"
      ],
      "groups": [
        "固定机体",
        "固定机体"
      ],
      "unfold": 0,
      "state": {
        "label": "full wing conversion",
        "wing": 0,
        "fold": [
          0,
          0.25,
          0.75,
          1
        ],
        "phase": [
          0,
          0,
          0,
          0
        ]
      },
      "surface": true,
      "contained": 0,
      "witness": {
        "meshA": "Drive_MotorHousing",
        "meshB": "Drive_MotorGearboxAdapter",
        "triangleA": {
          "triangleIndex": 280,
          "vertexIndices": [
            35,
            0,
            36
          ],
          "vertices": [
            [
              0.038407500833272934,
              0.08377227932214737,
              -0.38099998235702515
            ],
            [
              0.039000000804662704,
              0.07699999958276749,
              -0.38099998235702515
            ],
            [
              0.039000000804662704,
              0.07699999958276749,
              -0.5189999938011169
            ]
          ],
          "bounds": {
            "min": [
              0.038407500833272934,
              0.07699999958276749,
              -0.5189999938011169
            ],
            "max": [
              0.039000000804662704,
              0.08377227932214737,
              -0.38099998235702515
            ]
          }
        },
        "triangleB": {
          "triangleIndex": 280,
          "vertexIndices": [
            35,
            0,
            36
          ],
          "vertices": [
            [
              0.038407500833272934,
              0.08377227932214737,
              -0.5180000066757202
            ],
            [
              0.039000000804662704,
              0.07699999958276749,
              -0.5180000066757202
            ],
            [
              0.039000000804662704,
              0.07699999958276749,
              -0.534000039100647
            ]
          ],
          "bounds": {
            "min": [
              0.038407500833272934,
              0.07699999958276749,
              -0.534000039100647
            ],
            "max": [
              0.039000000804662704,
              0.08377227932214737,
              -0.5180000066757202
            ]
          }
        },
        "coplanar": true,
        "epsilon": 1e-9,
        "maxSeparatingGap": 0,
        "toleranceOnly": false,
        "testedAxes": 15
      }
    },
    {
      "names": [
        "Drive_MotorHousing",
        "Drive_MotorSaddle_L"
      ],
      "groups": [
        "固定机体",
        "固定机体"
      ],
      "unfold": 0,
      "state": {
        "label": "full wing conversion",
        "wing": 0,
        "fold": [
          0,
          0.25,
          0.75,
          1
        ],
        "phase": [
          0,
          0,
          0,
          0
        ]
      },
      "surface": true,
      "contained": 0,
      "witness": {
        "meshA": "Drive_MotorHousing",
        "meshB": "Drive_MotorSaddle_L",
        "triangleA": {
          "triangleIndex": 114,
          "vertexIndices": [
            87,
            86,
            122
          ],
          "vertices": [
            [
              -0.02857883833348751,
              0.060499999672174454,
              -0.38099998235702515
            ],
            [
              -0.025279466062784195,
              0.055788010358810425,
              -0.38099998235702515
            ],
            [
              -0.025279466062784195,
              0.055788010358810425,
              -0.5189999938011169
            ]
          ],
          "bounds": {
            "min": [
              -0.02857883833348751,
              0.055788010358810425,
              -0.5189999938011169
            ],
            "max": [
              -0.025279466062784195,
              0.060499999672174454,
              -0.38099998235702515
            ]
          }
        },
        "triangleB": {
          "triangleIndex": 42,
          "vertexIndices": [
            141,
            154,
            151
          ],
          "vertices": [
            [
              -0.028000001795589924,
              0.05849999841302633,
              -0.424999987706542
            ],
            [
              -0.027292894199490547,
              0.05849999934434891,
              -0.425292881205678
            ],
            [
              -0.02742265071719885,
              0.05907734949141741,
              -0.4254226367920637
            ]
          ],
          "bounds": {
            "min": [
              -0.028000001795589924,
              0.05849999841302633,
              -0.4254226367920637
            ],
            "max": [
              -0.027292894199490547,
              0.05907734949141741,
              -0.424999987706542
            ]
          }
        },
        "coplanar": false,
        "epsilon": 1e-9,
        "maxSeparatingGap": -0.00011269509622246023,
        "toleranceOnly": false,
        "testedAxes": 17
      }
    },
    {
      "names": [
        "Drive_MotorHousing",
        "Drive_MotorSaddle_R"
      ],
      "groups": [
        "固定机体",
        "固定机体"
      ],
      "unfold": 0,
      "state": {
        "label": "full wing conversion",
        "wing": 0,
        "fold": [
          0,
          0.25,
          0.75,
          1
        ],
        "phase": [
          0,
          0,
          0,
          0
        ]
      },
      "surface": true,
      "contained": 0,
      "witness": {
        "meshA": "Drive_MotorHousing",
        "meshB": "Drive_MotorSaddle_R",
        "triangleA": {
          "triangleIndex": 26,
          "vertexIndices": [
            76,
            75,
            111
          ],
          "vertices": [
            [
              0.025279466062784195,
              0.055788010358810425,
              -0.38099998235702515
            ],
            [
              0.02857883833348751,
              0.060499999672174454,
              -0.38099998235702515
            ],
            [
              0.02857883833348751,
              0.060499999672174454,
              -0.5189999938011169
            ]
          ],
          "bounds": {
            "min": [
              0.025279466062784195,
              0.055788010358810425,
              -0.5189999938011169
            ],
            "max": [
              0.02857883833348751,
              0.060499999672174454,
              -0.38099998235702515
            ]
          }
        },
        "triangleB": {
          "triangleIndex": 16,
          "vertexIndices": [
            29,
            41,
            43
          ],
          "vertices": [
            [
              0.028000001795589924,
              0.05849999841302633,
              -0.424999987706542
            ],
            [
              0.028000001329928637,
              0.05920710600912571,
              -0.425292881205678
            ],
            [
              0.02742265071719885,
              0.05907734949141741,
              -0.4254226367920637
            ]
          ],
          "bounds": {
            "min": [
              0.02742265071719885,
              0.05849999841302633,
              -0.4254226367920637
            ],
            "max": [
              0.028000001795589924,
              0.05920710600912571,
              -0.424999987706542
            ]
          }
        },
        "coplanar": false,
        "epsilon": 1e-9,
        "maxSeparatingGap": -0.00013109435117844332,
        "toleranceOnly": false,
        "testedAxes": 17
      }
    },
    {
      "names": [
        "Drive_ReductionHousing",
        "Drive_MotorGearboxAdapter"
      ],
      "groups": [
        "固定机体",
        "固定机体"
      ],
      "unfold": 0,
      "state": {
        "label": "full wing conversion",
        "wing": 0,
        "fold": [
          0,
          0.25,
          0.75,
          1
        ],
        "phase": [
          0,
          0,
          0,
          0
        ]
      },
      "surface": true,
      "contained": 0,
      "witness": {
        "meshA": "Drive_ReductionHousing",
        "meshB": "Drive_MotorGearboxAdapter",
        "triangleA": {
          "triangleIndex": 280,
          "vertexIndices": [
            35,
            0,
            36
          ],
          "vertices": [
            [
              0.03643788769841194,
              0.08342498540878296,
              -0.5320000052452087
            ],
            [
              0.03700000047683716,
              0.07699999958276749,
              -0.5320000052452087
            ],
            [
              0.03700000047683716,
              0.07699999958276749,
              -0.6439999938011169
            ]
          ],
          "bounds": {
            "min": [
              0.03643788769841194,
              0.07699999958276749,
              -0.6439999938011169
            ],
            "max": [
              0.03700000047683716,
              0.08342498540878296,
              -0.5320000052452087
            ]
          }
        },
        "triangleB": {
          "triangleIndex": 286,
          "vertexIndices": [
            71,
            36,
            108
          ],
          "vertices": [
            [
              0.038407500833272934,
              0.08377227932214737,
              -0.534000039100647
            ],
            [
              0.039000000804662704,
              0.07699999958276749,
              -0.534000039100647
            ],
            [
              0.008999999612569809,
              0.07699999958276749,
              -0.534000039100647
            ]
          ],
          "bounds": {
            "min": [
              0.008999999612569809,
              0.07699999958276749,
              -0.534000039100647
            ],
            "max": [
              0.039000000804662704,
              0.08377227932214737,
              -0.534000039100647
            ]
          }
        },
        "coplanar": false,
        "epsilon": 1e-9,
        "maxSeparatingGap": -0.001992389664829722,
        "toleranceOnly": false,
        "testedAxes": 17
      }
    },
    {
      "names": [
        "Drive_ReductionHousing",
        "Drive_RingGear"
      ],
      "groups": [
        "固定机体",
        "固定机体"
      ],
      "unfold": 0,
      "state": {
        "label": "full wing conversion",
        "wing": 0,
        "fold": [
          0,
          0.25,
          0.75,
          1
        ],
        "phase": [
          0,
          0,
          0,
          0
        ]
      },
      "surface": true,
      "contained": 0,
      "witness": {
        "meshA": "Drive_ReductionHousing",
        "meshB": "Drive_RingGear",
        "triangleA": {
          "triangleIndex": 275,
          "vertexIndices": [
            107,
            142,
            143
          ],
          "vertices": [
            [
              0.029544230550527573,
              0.08220944553613663,
              -0.5320000052452087
            ],
            [
              0.02819077856838703,
              0.08726060390472412,
              -0.6439999938011169
            ],
            [
              0.029544230550527573,
              0.08220944553613663,
              -0.6439999938011169
            ]
          ],
          "bounds": {
            "min": [
              0.02819077856838703,
              0.08220944553613663,
              -0.6439999938011169
            ],
            "max": [
              0.029544230550527573,
              0.08726060390472412,
              -0.5320000052452087
            ]
          }
        },
        "triangleB": {
          "triangleIndex": 44,
          "vertexIndices": [
            18,
            738,
            735
          ],
          "vertices": [
            [
              0.029861532151699066,
              0.08269639173522592,
              -0.5730000138282776
            ],
            [
              0.020431574434041977,
              0.08089753100648522,
              -0.5730000138282776
            ],
            [
              0.020622052252292633,
              0.07971494435332716,
              -0.5730000138282776
            ]
          ],
          "bounds": {
            "min": [
              0.020431574434041977,
              0.07971494435332716,
              -0.5730000138282776
            ],
            "max": [
              0.029861532151699066,
              0.08269639173522592,
              -0.5730000138282776
            ]
          }
        },
        "coplanar": false,
        "epsilon": 1e-9,
        "maxSeparatingGap": -0.0004188646483966325,
        "toleranceOnly": false,
        "testedAxes": 17
      }
    },
    {
      "names": [
        "Drive_MotorMount",
        "Drive_MotorSaddle_L"
      ],
      "groups": [
        "固定机体",
        "固定机体"
      ],
      "unfold": 0,
      "state": {
        "label": "full wing conversion",
        "wing": 0,
        "fold": [
          0,
          0.25,
          0.75,
          1
        ],
        "phase": [
          0,
          0,
          0,
          0
        ]
      },
      "surface": true,
      "contained": 0,
      "witness": {
        "meshA": "Drive_MotorMount",
        "meshB": "Drive_MotorSaddle_L",
        "triangleA": {
          "triangleIndex": 4,
          "vertexIndices": [
            190,
            82,
            32
          ],
          "vertices": [
            [
              0.05000000074505806,
              0.03749999916180968,
              -0.4879999905824661
            ],
            [
              -0.05000000074505806,
              0.03749999916180968,
              -0.4879999905824661
            ],
            [
              -0.05000000074505806,
              0.03749999916180968,
              -0.41199998557567596
            ]
          ],
          "bounds": {
            "min": [
              -0.05000000074505806,
              0.03749999916180968,
              -0.4879999905824661
            ],
            "max": [
              0.05000000074505806,
              0.03749999916180968,
              -0.41199998557567596
            ]
          }
        },
        "triangleB": {
          "triangleIndex": 1,
          "vertexIndices": [
            116,
            27,
            4
          ],
          "vertices": [
            [
              -0.028000001795589924,
              0.03549999836832285,
              -0.424999987706542
            ],
            [
              -0.04000000189989805,
              0.05849999841302633,
              -0.424999987706542
            ],
            [
              -0.04000000189989805,
              0.03549999836832285,
              -0.424999987706542
            ]
          ],
          "bounds": {
            "min": [
              -0.04000000189989805,
              0.03549999836832285,
              -0.424999987706542
            ],
            "max": [
              -0.028000001795589924,
              0.05849999841302633,
              -0.424999987706542
            ]
          }
        },
        "coplanar": false,
        "epsilon": 1e-9,
        "maxSeparatingGap": -0.0020000007934868336,
        "toleranceOnly": false,
        "testedAxes": 16
      }
    },
    {
      "names": [
        "Drive_MotorMount",
        "Drive_MotorSaddle_R"
      ],
      "groups": [
        "固定机体",
        "固定机体"
      ],
      "unfold": 0,
      "state": {
        "label": "full wing conversion",
        "wing": 0,
        "fold": [
          0,
          0.25,
          0.75,
          1
        ],
        "phase": [
          0,
          0,
          0,
          0
        ]
      },
      "surface": true,
      "contained": 0,
      "witness": {
        "meshA": "Drive_MotorMount",
        "meshB": "Drive_MotorSaddle_R",
        "triangleA": {
          "triangleIndex": 5,
          "vertexIndices": [
            190,
            32,
            136
          ],
          "vertices": [
            [
              0.05000000074505806,
              0.03749999916180968,
              -0.4879999905824661
            ],
            [
              -0.05000000074505806,
              0.03749999916180968,
              -0.41199998557567596
            ],
            [
              0.05000000074505806,
              0.03749999916180968,
              -0.41199998557567596
            ]
          ],
          "bounds": {
            "min": [
              -0.05000000074505806,
              0.03749999916180968,
              -0.4879999905824661
            ],
            "max": [
              0.05000000074505806,
              0.03749999916180968,
              -0.41199998557567596
            ]
          }
        },
        "triangleB": {
          "triangleIndex": 95,
          "vertexIndices": [
            142,
            128,
            155
          ],
          "vertices": [
            [
              0.04000000189989805,
              0.05849999841302633,
              -0.424999987706542
            ],
            [
              0.04070710949599743,
              0.035499997437000275,
              -0.425292881205678
            ],
            [
              0.04070710949599743,
              0.05849999934434891,
              -0.425292881205678
            ]
          ],
          "bounds": {
            "min": [
              0.04000000189989805,
              0.035499997437000275,
              -0.425292881205678
            ],
            "max": [
              0.04070710949599743,
              0.05849999934434891,
              -0.424999987706542
            ]
          }
        },
        "coplanar": false,
        "epsilon": 1e-9,
        "maxSeparatingGap": -0.002000001724809408,
        "toleranceOnly": false,
        "testedAxes": 17
      }
    },
    {
      "names": [
        "Drive_MotorMount",
        "Drive_MotorFoot_L"
      ],
      "groups": [
        "固定机体",
        "固定机体"
      ],
      "unfold": 0,
      "state": {
        "label": "full wing conversion",
        "wing": 0,
        "fold": [
          0,
          0.25,
          0.75,
          1
        ],
        "phase": [
          0,
          0,
          0,
          0
        ]
      },
      "surface": true,
      "contained": 0,
      "witness": {
        "meshA": "Drive_MotorMount",
        "meshB": "Drive_MotorFoot_L",
        "triangleA": {
          "triangleIndex": 107,
          "vertexIndices": [
            55,
            109,
            1
          ],
          "vertices": [
            [
              -0.05000000074505806,
              0.02249999949708581,
              -0.4879999905824661
            ],
            [
              0.05000000074505806,
              0.02249999949708581,
              -0.41199998557567596
            ],
            [
              -0.05000000074505806,
              0.02249999949708581,
              -0.41199998557567596
            ]
          ],
          "bounds": {
            "min": [
              -0.05000000074505806,
              0.02249999949708581,
              -0.4879999905824661
            ],
            "max": [
              0.05000000074505806,
              0.02249999949708581,
              -0.41199998557567596
            ]
          }
        },
        "triangleB": {
          "triangleIndex": 15,
          "vertexIndices": [
            23,
            97,
            95
          ],
          "vertices": [
            [
              -0.03981173411011696,
              -0.08719039708375931,
              -0.4567614793777466
            ],
            [
              -0.04149999842047691,
              0.03400000184774399,
              -0.4560621678829193
            ],
            [
              -0.03981173411011696,
              0.03400000184774399,
              -0.4567614793777466
            ]
          ],
          "bounds": {
            "min": [
              -0.04149999842047691,
              -0.08719039708375931,
              -0.4567614793777466
            ],
            "max": [
              -0.03981173411011696,
              0.03400000184774399,
              -0.4560621678829193
            ]
          }
        },
        "coplanar": false,
        "epsilon": 1e-9,
        "maxSeparatingGap": -0.010188266634941101,
        "toleranceOnly": false,
        "testedAxes": 17
      }
    },
    {
      "names": [
        "Drive_MotorMount",
        "Drive_MotorFoot_R"
      ],
      "groups": [
        "固定机体",
        "固定机体"
      ],
      "unfold": 0,
      "state": {
        "label": "full wing conversion",
        "wing": 0,
        "fold": [
          0,
          0.25,
          0.75,
          1
        ],
        "phase": [
          0,
          0,
          0,
          0
        ]
      },
      "surface": true,
      "contained": 0,
      "witness": {
        "meshA": "Drive_MotorMount",
        "meshB": "Drive_MotorFoot_R",
        "triangleA": {
          "triangleIndex": 106,
          "vertexIndices": [
            55,
            163,
            109
          ],
          "vertices": [
            [
              -0.05000000074505806,
              0.02249999949708581,
              -0.4879999905824661
            ],
            [
              0.05000000074505806,
              0.02249999949708581,
              -0.4879999905824661
            ],
            [
              0.05000000074505806,
              0.02249999949708581,
              -0.41199998557567596
            ]
          ],
          "bounds": {
            "min": [
              -0.05000000074505806,
              0.02249999949708581,
              -0.4879999905824661
            ],
            "max": [
              0.05000000074505806,
              0.02249999949708581,
              -0.41199998557567596
            ]
          }
        },
        "triangleB": {
          "triangleIndex": 11,
          "vertexIndices": [
            16,
            91,
            88
          ],
          "vertices": [
            [
              0.03981173411011696,
              -0.08718957751989365,
              -0.4567614793777466
            ],
            [
              0.03799999877810478,
              0.03400000184774399,
              -0.4569999873638153
            ],
            [
              0.03981173411011696,
              0.03400000184774399,
              -0.4567614793777466
            ]
          ],
          "bounds": {
            "min": [
              0.03799999877810478,
              -0.08718957751989365,
              -0.4569999873638153
            ],
            "max": [
              0.03981173411011696,
              0.03400000184774399,
              -0.4567614793777466
            ]
          }
        },
        "coplanar": false,
        "epsilon": 1e-9,
        "maxSeparatingGap": -0.011500002350658178,
        "toleranceOnly": false,
        "testedAxes": 17
      }
    },
    {
      "names": [
        "Drive_FrontSupport",
        "Drive_FrontScrewPedestal"
      ],
      "groups": [
        "固定机体",
        "固定机体"
      ],
      "unfold": 0,
      "state": {
        "label": "full wing conversion",
        "wing": 0,
        "fold": [
          0,
          0.25,
          0.75,
          1
        ],
        "phase": [
          0,
          0,
          0,
          0
        ]
      },
      "surface": true,
      "contained": 0,
      "witness": {
        "meshA": "Drive_FrontSupport",
        "meshB": "Drive_FrontScrewPedestal",
        "triangleA": {
          "triangleIndex": 36,
          "vertexIndices": [
            309,
            317,
            333
          ],
          "vertices": [
            [
              -0.07240000825317561,
              0.047811749818781,
              -0.8232385047149748
            ],
            [
              0.07240001008121383,
              0.047811715295768435,
              -0.8232384960842227
            ],
            [
              0.07240001009847895,
              0.04949998247778092,
              -0.8239377987184207
            ]
          ],
          "bounds": {
            "min": [
              -0.07240000825317561,
              0.047811715295768435,
              -0.8239377987184207
            ],
            "max": [
              0.07240001009847895,
              0.04949998247778092,
              -0.8232384960842227
            ]
          }
        },
        "triangleB": {
          "triangleIndex": 40,
          "vertexIndices": [
            341,
            349,
            365
          ],
          "vertices": [
            [
              0.006363961005007598,
              0.046600000001490116,
              -0.823636023418402
            ],
            [
              0.006363961005007598,
              0.060400000773370266,
              -0.823636023418402
            ],
            [
              0.0045000004876779905,
              0.060400000773370266,
              -0.8222057553216933
            ]
          ],
          "bounds": {
            "min": [
              0.0045000004876779905,
              0.046600000001490116,
              -0.823636023418402
            ],
            "max": [
              0.006363961005007598,
              0.060400000773370266,
              -0.8222057553216933
            ]
          }
        },
        "coplanar": false,
        "epsilon": 1e-9,
        "maxSeparatingGap": -0.00020083068557113625,
        "toleranceOnly": false,
        "testedAxes": 17
      }
    },
    {
      "names": [
        "Drive_FrontSupport",
        "Drive_FrontGuidePedestal_L"
      ],
      "groups": [
        "固定机体",
        "固定机体"
      ],
      "unfold": 0,
      "state": {
        "label": "full wing conversion",
        "wing": 0,
        "fold": [
          0,
          0.25,
          0.75,
          1
        ],
        "phase": [
          0,
          0,
          0,
          0
        ]
      },
      "surface": true,
      "contained": 0,
      "witness": {
        "meshA": "Drive_FrontSupport",
        "meshB": "Drive_FrontGuidePedestal_L",
        "triangleA": {
          "triangleIndex": 37,
          "vertexIndices": [
            309,
            333,
            325
          ],
          "vertices": [
            [
              -0.07240000825317561,
              0.047811749818781,
              -0.8232385047149748
            ],
            [
              0.07240001009847895,
              0.04949998247778092,
              -0.8239377987184207
            ],
            [
              -0.07240000823591049,
              0.049500017000793484,
              -0.8239378073491728
            ]
          ],
          "bounds": {
            "min": [
              -0.07240000825317561,
              0.047811749818781,
              -0.8239378073491728
            ],
            "max": [
              0.07240001009847895,
              0.049500017000793484,
              -0.8232385047149748
            ]
          }
        },
        "triangleB": {
          "triangleIndex": 41,
          "vertexIndices": [
            341,
            365,
            357
          ],
          "vertices": [
            [
              -0.040050253770658475,
              0.046600000001490116,
              -0.8250502361586599
            ],
            [
              -0.0415000011501335,
              0.053400001488626,
              -0.823937805675476
            ],
            [
              -0.0415000011501335,
              0.046600000001490116,
              -0.823937805675476
            ]
          ],
          "bounds": {
            "min": [
              -0.0415000011501335,
              0.046600000001490116,
              -0.8250502361586599
            ],
            "max": [
              -0.040050253770658475,
              0.053400001488626,
              -0.823937805675476
            ]
          }
        },
        "coplanar": false,
        "epsilon": 1e-9,
        "maxSeparatingGap": 1.6808687980981313e-10,
        "toleranceOnly": true,
        "testedAxes": 17
      }
    },
    {
      "names": [
        "Drive_FrontSupport",
        "Drive_FrontGuideSeat_L"
      ],
      "groups": [
        "固定机体",
        "固定机体"
      ],
      "unfold": 0,
      "state": {
        "label": "full wing conversion",
        "wing": 0,
        "fold": [
          0,
          0.25,
          0.75,
          1
        ],
        "phase": [
          0,
          0,
          0,
          0
        ]
      },
      "surface": true,
      "contained": 0,
      "witness": {
        "meshA": "Drive_FrontSupport",
        "meshB": "Drive_FrontGuideSeat_L",
        "triangleA": {
          "triangleIndex": 38,
          "vertexIndices": [
            325,
            333,
            349
          ],
          "vertices": [
            [
              -0.07240000823591049,
              0.049500017000793484,
              -0.8239378073491728
            ],
            [
              0.07240001009847895,
              0.04949998247778092,
              -0.8239377987184207
            ],
            [
              0.0724000100522786,
              0.0509497304126608,
              -0.8250502287553115
            ]
          ],
          "bounds": {
            "min": [
              -0.07240000823591049,
              0.04949998247778092,
              -0.8250502287553115
            ],
            "max": [
              0.07240001009847895,
              0.0509497304126608,
              -0.8239377987184207
            ]
          }
        },
        "triangleB": {
          "triangleIndex": 57,
          "vertexIndices": [
            7,
            44,
            43
          ],
          "vertices": [
            [
              -0.03952767699956894,
              0.049964915961027145,
              -0.8184999823570251
            ],
            [
              -0.04222163185477257,
              0.04924307391047478,
              -0.8414999842643738
            ],
            [
              -0.03952767699956894,
              0.049964915961027145,
              -0.8414999842643738
            ]
          ],
          "bounds": {
            "min": [
              -0.04222163185477257,
              0.04924307391047478,
              -0.8414999842643738
            ],
            "max": [
              -0.03952767699956894,
              0.049964915961027145,
              -0.8184999823570251
            ]
          }
        },
        "coplanar": false,
        "epsilon": 1e-9,
        "maxSeparatingGap": -0.00003595645053316824,
        "toleranceOnly": false,
        "testedAxes": 17
      }
    },
    {
      "names": [
        "Drive_FrontSupport",
        "Drive_FrontGuidePedestal_R"
      ],
      "groups": [
        "固定机体",
        "固定机体"
      ],
      "unfold": 0,
      "state": {
        "label": "full wing conversion",
        "wing": 0,
        "fold": [
          0,
          0.25,
          0.75,
          1
        ],
        "phase": [
          0,
          0,
          0,
          0
        ]
      },
      "surface": true,
      "contained": 0,
      "witness": {
        "meshA": "Drive_FrontSupport",
        "meshB": "Drive_FrontGuidePedestal_R",
        "triangleA": {
          "triangleIndex": 38,
          "vertexIndices": [
            325,
            333,
            349
          ],
          "vertices": [
            [
              -0.07240000823591049,
              0.049500017000793484,
              -0.8239378073491728
            ],
            [
              0.07240001009847895,
              0.04949998247778092,
              -0.8239377987184207
            ],
            [
              0.0724000100522786,
              0.0509497304126608,
              -0.8250502287553115
            ]
          ],
          "bounds": {
            "min": [
              -0.07240000823591049,
              0.04949998247778092,
              -0.8250502287553115
            ],
            "max": [
              0.07240001009847895,
              0.0509497304126608,
              -0.8239377987184207
            ]
          }
        },
        "triangleB": {
          "triangleIndex": 40,
          "vertexIndices": [
            341,
            349,
            365
          ],
          "vertices": [
            [
              0.04994974980562021,
              0.046600000001490116,
              -0.8250502361586599
            ],
            [
              0.04994974980562021,
              0.053400001488626,
              -0.8250502361586599
            ],
            [
              0.04850000242614519,
              0.053400001488626,
              -0.823937805675476
            ]
          ],
          "bounds": {
            "min": [
              0.04850000242614519,
              0.046600000001490116,
              -0.8250502361586599
            ],
            "max": [
              0.04994974980562021,
              0.053400001488626,
              -0.823937805675476
            ]
          }
        },
        "coplanar": false,
        "epsilon": 1e-9,
        "maxSeparatingGap": -0.0004878037442758318,
        "toleranceOnly": false,
        "testedAxes": 17
      }
    },
    {
      "names": [
        "Drive_FrontSupport",
        "Drive_FrontGuideSeat_R"
      ],
      "groups": [
        "固定机体",
        "固定机体"
      ],
      "unfold": 0,
      "state": {
        "label": "full wing conversion",
        "wing": 0,
        "fold": [
          0,
          0.25,
          0.75,
          1
        ],
        "phase": [
          0,
          0,
          0,
          0
        ]
      },
      "surface": true,
      "contained": 0,
      "witness": {
        "meshA": "Drive_FrontSupport",
        "meshB": "Drive_FrontGuideSeat_R",
        "triangleA": {
          "triangleIndex": 38,
          "vertexIndices": [
            325,
            333,
            349
          ],
          "vertices": [
            [
              -0.07240000823591049,
              0.049500017000793484,
              -0.8239378073491728
            ],
            [
              0.07240001009847895,
              0.04949998247778092,
              -0.8239377987184207
            ],
            [
              0.0724000100522786,
              0.0509497304126608,
              -0.8250502287553115
            ]
          ],
          "bounds": {
            "min": [
              -0.07240000823591049,
              0.04949998247778092,
              -0.8250502287553115
            ],
            "max": [
              0.07240001009847895,
              0.0509497304126608,
              -0.8239377987184207
            ]
          }
        },
        "triangleB": {
          "triangleIndex": 48,
          "vertexIndices": [
            6,
            7,
            43
          ],
          "vertices": [
            [
              0.05300000309944153,
              0.0511435903608799,
              -0.8184999823570251
            ],
            [
              0.05047232657670975,
              0.049964915961027145,
              -0.8184999823570251
            ],
            [
              0.05047232657670975,
              0.049964915961027145,
              -0.8414999842643738
            ]
          ],
          "bounds": {
            "min": [
              0.05047232657670975,
              0.049964915961027145,
              -0.8414999842643738
            ],
            "max": [
              0.05300000309944153,
              0.0511435903608799,
              -0.8184999823570251
            ]
          }
        },
        "coplanar": false,
        "epsilon": 1e-9,
        "maxSeparatingGap": -0.0007652398236915093,
        "toleranceOnly": false,
        "testedAxes": 17
      }
    },
    {
      "names": [
        "Drive_FrontSupport",
        "Drive_FrontFoot_L"
      ],
      "groups": [
        "固定机体",
        "固定机体"
      ],
      "unfold": 0,
      "state": {
        "label": "full wing conversion",
        "wing": 0,
        "fold": [
          0,
          0.25,
          0.75,
          1
        ],
        "phase": [
          0,
          0,
          0,
          0
        ]
      },
      "surface": true,
      "contained": 0,
      "witness": {
        "meshA": "Drive_FrontSupport",
        "meshB": "Drive_FrontFoot_L",
        "triangleA": {
          "triangleIndex": 38,
          "vertexIndices": [
            325,
            333,
            349
          ],
          "vertices": [
            [
              -0.07240000823591049,
              0.049500017000793484,
              -0.8239378073491728
            ],
            [
              0.07240001009847895,
              0.04949998247778092,
              -0.8239377987184207
            ],
            [
              0.0724000100522786,
              0.0509497304126608,
              -0.8250502287553115
            ]
          ],
          "bounds": {
            "min": [
              -0.07240000823591049,
              0.04949998247778092,
              -0.8250502287553115
            ],
            "max": [
              0.07240001009847895,
              0.0509497304126608,
              -0.8239377987184207
            ]
          }
        },
        "triangleB": {
          "triangleIndex": 31,
          "vertexIndices": [
            46,
            122,
            118
          ],
          "vertices": [
            [
              -0.06894974410533905,
              -0.05855608358979225,
              -0.8250502347946167
            ],
            [
              -0.06750000268220901,
              0.050999999046325684,
              -0.8239378333091736
            ],
            [
              -0.06894974410533905,
              0.050999999046325684,
              -0.8250502347946167
            ]
          ],
          "bounds": {
            "min": [
              -0.06894974410533905,
              -0.05855608358979225,
              -0.8250502347946167
            ],
            "max": [
              -0.06750000268220901,
              0.050999999046325684,
              -0.8239378333091736
            ]
          }
        },
        "coplanar": false,
        "epsilon": 1e-9,
        "maxSeparatingGap": -0.00002273454141416345,
        "toleranceOnly": false,
        "testedAxes": 17
      }
    },
    {
      "names": [
        "Drive_FrontSupport",
        "Drive_FrontFoot_R"
      ],
      "groups": [
        "固定机体",
        "固定机体"
      ],
      "unfold": 0,
      "state": {
        "label": "full wing conversion",
        "wing": 0,
        "fold": [
          0,
          0.25,
          0.75,
          1
        ],
        "phase": [
          0,
          0,
          0,
          0
        ]
      },
      "surface": true,
      "contained": 0,
      "witness": {
        "meshA": "Drive_FrontSupport",
        "meshB": "Drive_FrontFoot_R",
        "triangleA": {
          "triangleIndex": 38,
          "vertexIndices": [
            325,
            333,
            349
          ],
          "vertices": [
            [
              -0.07240000823591049,
              0.049500017000793484,
              -0.8239378073491728
            ],
            [
              0.07240001009847895,
              0.04949998247778092,
              -0.8239377987184207
            ],
            [
              0.0724000100522786,
              0.0509497304126608,
              -0.8250502287553115
            ]
          ],
          "bounds": {
            "min": [
              -0.07240000823591049,
              0.04949998247778092,
              -0.8250502287553115
            ],
            "max": [
              0.07240001009847895,
              0.0509497304126608,
              -0.8239377987184207
            ]
          }
        },
        "triangleB": {
          "triangleIndex": 41,
          "vertexIndices": [
            62,
            136,
            134
          ],
          "vertices": [
            [
              0.06750000268220901,
              -0.058796290308237076,
              -0.8239378333091736
            ],
            [
              0.06894974410533905,
              0.050999999046325684,
              -0.8250502347946167
            ],
            [
              0.06750000268220901,
              0.050999999046325684,
              -0.8239378333091736
            ]
          ],
          "bounds": {
            "min": [
              0.06750000268220901,
              -0.058796290308237076,
              -0.8250502347946167
            ],
            "max": [
              0.06894974410533905,
              0.050999999046325684,
              -0.8239378333091736
            ]
          }
        },
        "coplanar": false,
        "epsilon": 1e-9,
        "maxSeparatingGap": -0.0009131239566599184,
        "toleranceOnly": false,
        "testedAxes": 17
      }
    },
    {
      "names": [
        "Drive_FrontScrewPedestal",
        "Drive_FrontScrewBearing"
      ],
      "groups": [
        "固定机体",
        "固定机体"
      ],
      "unfold": 0,
      "state": {
        "label": "full wing conversion",
        "wing": 0,
        "fold": [
          0,
          0.25,
          0.75,
          1
        ],
        "phase": [
          0,
          0,
          0,
          0
        ]
      },
      "surface": true,
      "contained": 0,
      "witness": {
        "meshA": "Drive_FrontScrewPedestal",
        "meshB": "Drive_FrontScrewBearing",
        "triangleA": {
          "triangleIndex": 38,
          "vertexIndices": [
            325,
            333,
            349
          ],
          "vertices": [
            [
              0.007794228775811096,
              0.046600000001490116,
              -0.8254999841858076
            ],
            [
              0.007794228775811096,
              0.060400000773370266,
              -0.8254999841858076
            ],
            [
              0.006363961005007598,
              0.060400000773370266,
              -0.823636023418402
            ]
          ],
          "bounds": {
            "min": [
              0.006363961005007598,
              0.046600000001490116,
              -0.8254999841858076
            ],
            "max": [
              0.007794228775811096,
              0.060400000773370266,
              -0.823636023418402
            ]
          }
        },
        "triangleB": {
          "triangleIndex": 48,
          "vertexIndices": [
            6,
            7,
            43
          ],
          "vertices": [
            [
              0.010999999940395355,
              0.057947441935539246,
              -0.8174999952316284
            ],
            [
              0.007524443324655294,
              0.05632676184177399,
              -0.8174999952316284
            ],
            [
              0.007524443324655294,
              0.05632676184177399,
              -0.8424999713897705
            ]
          ],
          "bounds": {
            "min": [
              0.007524443324655294,
              0.05632676184177399,
              -0.8424999713897705
            ],
            "max": [
              0.010999999940395355,
              0.057947441935539246,
              -0.8174999952316284
            ]
          }
        },
        "coplanar": false,
        "epsilon": 1e-9,
        "maxSeparatingGap": -0.00026978545115580177,
        "toleranceOnly": false,
        "testedAxes": 17
      }
    },
    {
      "names": [
        "Drive_FrontGuidePedestal_L",
        "Drive_FrontGuideSeat_L"
      ],
      "groups": [
        "固定机体",
        "固定机体"
      ],
      "unfold": 0,
      "state": {
        "label": "full wing conversion",
        "wing": 0,
        "fold": [
          0,
          0.25,
          0.75,
          1
        ],
        "phase": [
          0,
          0,
          0,
          0
        ]
      },
      "surface": true,
      "contained": 0,
      "witness": {
        "meshA": "Drive_FrontGuidePedestal_L",
        "meshB": "Drive_FrontGuideSeat_L",
        "triangleA": {
          "triangleIndex": 39,
          "vertexIndices": [
            325,
            349,
            341
          ],
          "vertices": [
            [
              -0.0389378235409565,
              0.046600000001490116,
              -0.8264999837326384
            ],
            [
              -0.040050253770658475,
              0.053400001488626,
              -0.8250502361586599
            ],
            [
              -0.040050253770658475,
              0.046600000001490116,
              -0.8250502361586599
            ]
          ],
          "bounds": {
            "min": [
              -0.040050253770658475,
              0.046600000001490116,
              -0.8264999837326384
            ],
            "max": [
              -0.0389378235409565,
              0.053400001488626,
              -0.8250502361586599
            ]
          }
        },
        "triangleB": {
          "triangleIndex": 48,
          "vertexIndices": [
            6,
            7,
            43
          ],
          "vertices": [
            [
              -0.03700000047683716,
              0.0511435903608799,
              -0.8184999823570251
            ],
            [
              -0.03952767699956894,
              0.049964915961027145,
              -0.8184999823570251
            ],
            [
              -0.03952767699956894,
              0.049964915961027145,
              -0.8414999842643738
            ]
          ],
          "bounds": {
            "min": [
              -0.03952767699956894,
              0.049964915961027145,
              -0.8414999842643738
            ],
            "max": [
              -0.03700000047683716,
              0.0511435903608799,
              -0.8184999823570251
            ]
          }
        },
        "coplanar": false,
        "epsilon": 1e-9,
        "maxSeparatingGap": -0.00003886137500721783,
        "toleranceOnly": false,
        "testedAxes": 17
      }
    },
    {
      "names": [
        "Drive_FrontGuideSeat_L",
        "Drive_GuideRail_L"
      ],
      "groups": [
        "固定机体",
        "固定机体"
      ],
      "unfold": 0,
      "state": {
        "label": "full wing conversion",
        "wing": 0,
        "fold": [
          0,
          0.25,
          0.75,
          1
        ],
        "phase": [
          0,
          0,
          0,
          0
        ]
      },
      "surface": true,
      "contained": 0,
      "witness": {
        "meshA": "Drive_FrontGuideSeat_L",
        "meshB": "Drive_GuideRail_L",
        "triangleA": {
          "triangleIndex": 282,
          "vertexIndices": [
            72,
            107,
            143
          ],
          "vertices": [
            [
              -0.03670000284910202,
              0.06499999761581421,
              -0.8184999823570251
            ],
            [
              -0.03682609647512436,
              0.06644127517938614,
              -0.8184999823570251
            ],
            [
              -0.03682609647512436,
              0.06644127517938614,
              -0.8414999842643738
            ]
          ],
          "bounds": {
            "min": [
              -0.03682609647512436,
              0.06499999761581421,
              -0.8414999842643738
            ],
            "max": [
              -0.03670000284910202,
              0.06644127517938614,
              -0.8184999823570251
            ]
          }
        },
        "triangleB": {
          "triangleIndex": 217,
          "vertexIndices": [
            295,
            308,
            292
          ],
          "vertices": [
            [
              -0.03658966820100738,
              0.06500007597113168,
              -0.8200877717389788
            ],
            [
              -0.0370818824619287,
              0.06712172480741957,
              -0.8199999737788506
            ],
            [
              -0.036802562075677045,
              0.0650000759917792,
              -0.8199999740761224
            ]
          ],
          "bounds": {
            "min": [
              -0.0370818824619287,
              0.06500007597113168,
              -0.8200877717389788
            ],
            "max": [
              -0.03658966820100738,
              0.06712172480741957,
              -0.8199999737788506
            ]
          }
        },
        "coplanar": false,
        "epsilon": 1e-9,
        "maxSeparatingGap": -0.00009353183524732475,
        "toleranceOnly": false,
        "testedAxes": 17
      }
    },
    {
      "names": [
        "Drive_FrontGuidePedestal_R",
        "Drive_FrontGuideSeat_R"
      ],
      "groups": [
        "固定机体",
        "固定机体"
      ],
      "unfold": 0,
      "state": {
        "label": "full wing conversion",
        "wing": 0,
        "fold": [
          0,
          0.25,
          0.75,
          1
        ],
        "phase": [
          0,
          0,
          0,
          0
        ]
      },
      "surface": true,
      "contained": 0,
      "witness": {
        "meshA": "Drive_FrontGuidePedestal_R",
        "meshB": "Drive_FrontGuideSeat_R",
        "triangleA": {
          "triangleIndex": 39,
          "vertexIndices": [
            325,
            349,
            341
          ],
          "vertices": [
            [
              0.05106218003532219,
              0.046600000001490116,
              -0.8264999837326384
            ],
            [
              0.04994974980562021,
              0.053400001488626,
              -0.8250502361586599
            ],
            [
              0.04994974980562021,
              0.046600000001490116,
              -0.8250502361586599
            ]
          ],
          "bounds": {
            "min": [
              0.04994974980562021,
              0.046600000001490116,
              -0.8264999837326384
            ],
            "max": [
              0.05106218003532219,
              0.053400001488626,
              -0.8250502361586599
            ]
          }
        },
        "triangleB": {
          "triangleIndex": 48,
          "vertexIndices": [
            6,
            7,
            43
          ],
          "vertices": [
            [
              0.05300000309944153,
              0.0511435903608799,
              -0.8184999823570251
            ],
            [
              0.05047232657670975,
              0.049964915961027145,
              -0.8184999823570251
            ],
            [
              0.05047232657670975,
              0.049964915961027145,
              -0.8414999842643738
            ]
          ],
          "bounds": {
            "min": [
              0.05047232657670975,
              0.049964915961027145,
              -0.8414999842643738
            ],
            "max": [
              0.05300000309944153,
              0.0511435903608799,
              -0.8184999823570251
            ]
          }
        },
        "coplanar": false,
        "epsilon": 1e-9,
        "maxSeparatingGap": -0.00003886137500721783,
        "toleranceOnly": false,
        "testedAxes": 17
      }
    },
    {
      "names": [
        "Drive_FrontGuideSeat_R",
        "Drive_GuideRail_R"
      ],
      "groups": [
        "固定机体",
        "固定机体"
      ],
      "unfold": 0,
      "state": {
        "label": "full wing conversion",
        "wing": 0,
        "fold": [
          0,
          0.25,
          0.75,
          1
        ],
        "phase": [
          0,
          0,
          0,
          0
        ]
      },
      "surface": true,
      "contained": 0,
      "witness": {
        "meshA": "Drive_FrontGuideSeat_R",
        "meshB": "Drive_GuideRail_R",
        "triangleA": {
          "triangleIndex": 282,
          "vertexIndices": [
            72,
            107,
            143
          ],
          "vertices": [
            [
              0.053300000727176666,
              0.06499999761581421,
              -0.8184999823570251
            ],
            [
              0.05317390710115433,
              0.06644127517938614,
              -0.8184999823570251
            ],
            [
              0.05317390710115433,
              0.06644127517938614,
              -0.8414999842643738
            ]
          ],
          "bounds": {
            "min": [
              0.05317390710115433,
              0.06499999761581421,
              -0.8414999842643738
            ],
            "max": [
              0.053300000727176666,
              0.06644127517938614,
              -0.8184999823570251
            ]
          }
        },
        "triangleB": {
          "triangleIndex": 217,
          "vertexIndices": [
            295,
            308,
            292
          ],
          "vertices": [
            [
              0.0534103353752713,
              0.06500007597113168,
              -0.8200877717389788
            ],
            [
              0.052918121114349986,
              0.06712172480741957,
              -0.8199999737788506
            ],
            [
              0.05319744150060164,
              0.0650000759917792,
              -0.8199999740761224
            ]
          ],
          "bounds": {
            "min": [
              0.052918121114349986,
              0.06500007597113168,
              -0.8200877717389788
            ],
            "max": [
              0.0534103353752713,
              0.06712172480741957,
              -0.8199999737788506
            ]
          }
        },
        "coplanar": false,
        "epsilon": 1e-9,
        "maxSeparatingGap": -0.00009353183524732475,
        "toleranceOnly": false,
        "testedAxes": 17
      }
    },
    {
      "names": [
        "Drive_RearSupport",
        "Drive_RearScrewPedestal"
      ],
      "groups": [
        "固定机体",
        "固定机体"
      ],
      "unfold": 0,
      "state": {
        "label": "full wing conversion",
        "wing": 0,
        "fold": [
          0,
          0.25,
          0.75,
          1
        ],
        "phase": [
          0,
          0,
          0,
          0
        ]
      },
      "surface": true,
      "contained": 0,
      "witness": {
        "meshA": "Drive_RearSupport",
        "meshB": "Drive_RearScrewPedestal",
        "triangleA": {
          "triangleIndex": 36,
          "vertexIndices": [
            309,
            317,
            333
          ],
          "vertices": [
            [
              -0.07240000825317561,
              0.047811749818781,
              -1.9752385147285552
            ],
            [
              0.07240001008121383,
              0.047811715295768435,
              -1.975238506097803
            ],
            [
              0.07240001009847895,
              0.04949998247778092,
              -1.975937808732001
            ]
          ],
          "bounds": {
            "min": [
              -0.07240000825317561,
              0.047811715295768435,
              -1.975937808732001
            ],
            "max": [
              0.07240001009847895,
              0.04949998247778092,
              -1.975238506097803
            ]
          }
        },
        "triangleB": {
          "triangleIndex": 40,
          "vertexIndices": [
            341,
            349,
            365
          ],
          "vertices": [
            [
              0.006363961005007598,
              0.046600000001490116,
              -1.9756360334319825
            ],
            [
              0.006363961005007598,
              0.060400000773370266,
              -1.9756360334319825
            ],
            [
              0.0045000004876779905,
              0.060400000773370266,
              -1.9742057653352736
            ]
          ],
          "bounds": {
            "min": [
              0.0045000004876779905,
              0.046600000001490116,
              -1.9756360334319825
            ],
            "max": [
              0.006363961005007598,
              0.060400000773370266,
              -1.9742057653352736
            ]
          }
        },
        "coplanar": false,
        "epsilon": 1e-9,
        "maxSeparatingGap": -0.00020083068557104268,
        "toleranceOnly": false,
        "testedAxes": 17
      }
    },
    {
      "names": [
        "Drive_RearSupport",
        "Drive_RearGuidePedestal_L"
      ],
      "groups": [
        "固定机体",
        "固定机体"
      ],
      "unfold": 0,
      "state": {
        "label": "full wing conversion",
        "wing": 0,
        "fold": [
          0,
          0.25,
          0.75,
          1
        ],
        "phase": [
          0,
          0,
          0,
          0
        ]
      },
      "surface": true,
      "contained": 0,
      "witness": {
        "meshA": "Drive_RearSupport",
        "meshB": "Drive_RearGuidePedestal_L",
        "triangleA": {
          "triangleIndex": 37,
          "vertexIndices": [
            309,
            333,
            325
          ],
          "vertices": [
            [
              -0.07240000825317561,
              0.047811749818781,
              -1.9752385147285552
            ],
            [
              0.07240001009847895,
              0.04949998247778092,
              -1.975937808732001
            ],
            [
              -0.07240000823591049,
              0.049500017000793484,
              -1.975937817362753
            ]
          ],
          "bounds": {
            "min": [
              -0.07240000825317561,
              0.047811749818781,
              -1.975937817362753
            ],
            "max": [
              0.07240001009847895,
              0.049500017000793484,
              -1.9752385147285552
            ]
          }
        },
        "triangleB": {
          "triangleIndex": 41,
          "vertexIndices": [
            341,
            365,
            357
          ],
          "vertices": [
            [
              -0.040050253770658475,
              0.046600000001490116,
              -1.9770502461722403
            ],
            [
              -0.0415000011501335,
              0.053400001488626,
              -1.9759378156890564
            ],
            [
              -0.0415000011501335,
              0.046600000001490116,
              -1.9759378156890564
            ]
          ],
          "bounds": {
            "min": [
              -0.0415000011501335,
              0.046600000001490116,
              -1.9770502461722403
            ],
            "max": [
              -0.040050253770658475,
              0.053400001488626,
              -1.9759378156890564
            ]
          }
        },
        "coplanar": false,
        "epsilon": 1e-9,
        "maxSeparatingGap": 1.6808687980981313e-10,
        "toleranceOnly": true,
        "testedAxes": 17
      }
    },
    {
      "names": [
        "Drive_RearSupport",
        "Drive_RearGuideSeat_L"
      ],
      "groups": [
        "固定机体",
        "固定机体"
      ],
      "unfold": 0,
      "state": {
        "label": "full wing conversion",
        "wing": 0,
        "fold": [
          0,
          0.25,
          0.75,
          1
        ],
        "phase": [
          0,
          0,
          0,
          0
        ]
      },
      "surface": true,
      "contained": 0,
      "witness": {
        "meshA": "Drive_RearSupport",
        "meshB": "Drive_RearGuideSeat_L",
        "triangleA": {
          "triangleIndex": 38,
          "vertexIndices": [
            325,
            333,
            349
          ],
          "vertices": [
            [
              -0.07240000823591049,
              0.049500017000793484,
              -1.975937817362753
            ],
            [
              0.07240001009847895,
              0.04949998247778092,
              -1.975937808732001
            ],
            [
              0.0724000100522786,
              0.0509497304126608,
              -1.9770502387688917
            ]
          ],
          "bounds": {
            "min": [
              -0.07240000823591049,
              0.04949998247778092,
              -1.9770502387688917
            ],
            "max": [
              0.07240001009847895,
              0.0509497304126608,
              -1.975937808732001
            ]
          }
        },
        "triangleB": {
          "triangleIndex": 57,
          "vertexIndices": [
            7,
            44,
            43
          ],
          "vertices": [
            [
              -0.03952767699956894,
              0.049964915961027145,
              -1.9704999923706055
            ],
            [
              -0.04222163185477257,
              0.04924307391047478,
              -1.993499994277954
            ],
            [
              -0.03952767699956894,
              0.049964915961027145,
              -1.993499994277954
            ]
          ],
          "bounds": {
            "min": [
              -0.04222163185477257,
              0.04924307391047478,
              -1.993499994277954
            ],
            "max": [
              -0.03952767699956894,
              0.049964915961027145,
              -1.9704999923706055
            ]
          }
        },
        "coplanar": false,
        "epsilon": 1e-9,
        "maxSeparatingGap": -0.00003595645053316728,
        "toleranceOnly": false,
        "testedAxes": 17
      }
    },
    {
      "names": [
        "Drive_RearSupport",
        "Drive_RearGuidePedestal_R"
      ],
      "groups": [
        "固定机体",
        "固定机体"
      ],
      "unfold": 0,
      "state": {
        "label": "full wing conversion",
        "wing": 0,
        "fold": [
          0,
          0.25,
          0.75,
          1
        ],
        "phase": [
          0,
          0,
          0,
          0
        ]
      },
      "surface": true,
      "contained": 0,
      "witness": {
        "meshA": "Drive_RearSupport",
        "meshB": "Drive_RearGuidePedestal_R",
        "triangleA": {
          "triangleIndex": 38,
          "vertexIndices": [
            325,
            333,
            349
          ],
          "vertices": [
            [
              -0.07240000823591049,
              0.049500017000793484,
              -1.975937817362753
            ],
            [
              0.07240001009847895,
              0.04949998247778092,
              -1.975937808732001
            ],
            [
              0.0724000100522786,
              0.0509497304126608,
              -1.9770502387688917
            ]
          ],
          "bounds": {
            "min": [
              -0.07240000823591049,
              0.04949998247778092,
              -1.9770502387688917
            ],
            "max": [
              0.07240001009847895,
              0.0509497304126608,
              -1.975937808732001
            ]
          }
        },
        "triangleB": {
          "triangleIndex": 40,
          "vertexIndices": [
            341,
            349,
            365
          ],
          "vertices": [
            [
              0.04994974980562021,
              0.046600000001490116,
              -1.9770502461722403
            ],
            [
              0.04994974980562021,
              0.053400001488626,
              -1.9770502461722403
            ],
            [
              0.04850000242614519,
              0.053400001488626,
              -1.9759378156890564
            ]
          ],
          "bounds": {
            "min": [
              0.04850000242614519,
              0.046600000001490116,
              -1.9770502461722403
            ],
            "max": [
              0.04994974980562021,
              0.053400001488626,
              -1.9759378156890564
            ]
          }
        },
        "coplanar": false,
        "epsilon": 1e-9,
        "maxSeparatingGap": -0.0004878037442756953,
        "toleranceOnly": false,
        "testedAxes": 17
      }
    },
    {
      "names": [
        "Drive_RearSupport",
        "Drive_RearGuideSeat_R"
      ],
      "groups": [
        "固定机体",
        "固定机体"
      ],
      "unfold": 0,
      "state": {
        "label": "full wing conversion",
        "wing": 0,
        "fold": [
          0,
          0.25,
          0.75,
          1
        ],
        "phase": [
          0,
          0,
          0,
          0
        ]
      },
      "surface": true,
      "contained": 0,
      "witness": {
        "meshA": "Drive_RearSupport",
        "meshB": "Drive_RearGuideSeat_R",
        "triangleA": {
          "triangleIndex": 38,
          "vertexIndices": [
            325,
            333,
            349
          ],
          "vertices": [
            [
              -0.07240000823591049,
              0.049500017000793484,
              -1.975937817362753
            ],
            [
              0.07240001009847895,
              0.04949998247778092,
              -1.975937808732001
            ],
            [
              0.0724000100522786,
              0.0509497304126608,
              -1.9770502387688917
            ]
          ],
          "bounds": {
            "min": [
              -0.07240000823591049,
              0.04949998247778092,
              -1.9770502387688917
            ],
            "max": [
              0.07240001009847895,
              0.0509497304126608,
              -1.975937808732001
            ]
          }
        },
        "triangleB": {
          "triangleIndex": 48,
          "vertexIndices": [
            6,
            7,
            43
          ],
          "vertices": [
            [
              0.05300000309944153,
              0.0511435903608799,
              -1.9704999923706055
            ],
            [
              0.05047232657670975,
              0.049964915961027145,
              -1.9704999923706055
            ],
            [
              0.05047232657670975,
              0.049964915961027145,
              -1.993499994277954
            ]
          ],
          "bounds": {
            "min": [
              0.05047232657670975,
              0.049964915961027145,
              -1.993499994277954
            ],
            "max": [
              0.05300000309944153,
              0.0511435903608799,
              -1.9704999923706055
            ]
          }
        },
        "coplanar": false,
        "epsilon": 1e-9,
        "maxSeparatingGap": -0.0007652398236915093,
        "toleranceOnly": false,
        "testedAxes": 17
      }
    },
    {
      "names": [
        "Drive_RearSupport",
        "Drive_RearFoot_L"
      ],
      "groups": [
        "固定机体",
        "固定机体"
      ],
      "unfold": 0,
      "state": {
        "label": "full wing conversion",
        "wing": 0,
        "fold": [
          0,
          0.25,
          0.75,
          1
        ],
        "phase": [
          0,
          0,
          0,
          0
        ]
      },
      "surface": true,
      "contained": 0,
      "witness": {
        "meshA": "Drive_RearSupport",
        "meshB": "Drive_RearFoot_L",
        "triangleA": {
          "triangleIndex": 37,
          "vertexIndices": [
            309,
            333,
            325
          ],
          "vertices": [
            [
              -0.07240000825317561,
              0.047811749818781,
              -1.9752385147285552
            ],
            [
              0.07240001009847895,
              0.04949998247778092,
              -1.975937808732001
            ],
            [
              -0.07240000823591049,
              0.049500017000793484,
              -1.975937817362753
            ]
          ],
          "bounds": {
            "min": [
              -0.07240000825317561,
              0.047811749818781,
              -1.975937817362753
            ],
            "max": [
              0.07240001009847895,
              0.049500017000793484,
              -1.9752385147285552
            ]
          }
        },
        "triangleB": {
          "triangleIndex": 33,
          "vertexIndices": [
            49,
            125,
            121
          ],
          "vertices": [
            [
              -0.06750000268220901,
              0.028886886313557625,
              -1.975937843322754
            ],
            [
              -0.06581173092126846,
              0.050999999046325684,
              -1.975238561630249
            ],
            [
              -0.06750000268220901,
              0.050999999046325684,
              -1.975937843322754
            ]
          ],
          "bounds": {
            "min": [
              -0.06750000268220901,
              0.028886886313557625,
              -1.975937843322754
            ],
            "max": [
              -0.06581173092126846,
              0.050999999046325684,
              -1.975238561630249
            ]
          }
        },
        "coplanar": false,
        "epsilon": 1e-9,
        "maxSeparatingGap": -0.0006514957820428184,
        "toleranceOnly": false,
        "testedAxes": 17
      }
    },
    {
      "names": [
        "Drive_RearSupport",
        "Drive_RearFoot_R"
      ],
      "groups": [
        "固定机体",
        "固定机体"
      ],
      "unfold": 0,
      "state": {
        "label": "full wing conversion",
        "wing": 0,
        "fold": [
          0,
          0.25,
          0.75,
          1
        ],
        "phase": [
          0,
          0,
          0,
          0
        ]
      },
      "surface": true,
      "contained": 0,
      "witness": {
        "meshA": "Drive_RearSupport",
        "meshB": "Drive_RearFoot_R",
        "triangleA": {
          "triangleIndex": 38,
          "vertexIndices": [
            325,
            333,
            349
          ],
          "vertices": [
            [
              -0.07240000823591049,
              0.049500017000793484,
              -1.975937817362753
            ],
            [
              0.07240001009847895,
              0.04949998247778092,
              -1.975937808732001
            ],
            [
              0.0724000100522786,
              0.0509497304126608,
              -1.9770502387688917
            ]
          ],
          "bounds": {
            "min": [
              -0.07240000823591049,
              0.04949998247778092,
              -1.9770502387688917
            ],
            "max": [
              0.07240001009847895,
              0.0509497304126608,
              -1.975937808732001
            ]
          }
        },
        "triangleB": {
          "triangleIndex": 41,
          "vertexIndices": [
            62,
            136,
            134
          ],
          "vertices": [
            [
              0.06750000268220901,
              0.028881659731268883,
              -1.975937843322754
            ],
            [
              0.06894974410533905,
              0.050999999046325684,
              -1.9770503044128418
            ],
            [
              0.06750000268220901,
              0.050999999046325684,
              -1.975937843322754
            ]
          ],
          "bounds": {
            "min": [
              0.06750000268220901,
              0.028881659731268883,
              -1.9770503044128418
            ],
            "max": [
              0.06894974410533905,
              0.050999999046325684,
              -1.975937843322754
            ]
          }
        },
        "coplanar": false,
        "epsilon": 1e-9,
        "maxSeparatingGap": -0.0009131239566598611,
        "toleranceOnly": false,
        "testedAxes": 17
      }
    },
    {
      "names": [
        "Drive_RearScrewPedestal",
        "Drive_RearScrewBearing"
      ],
      "groups": [
        "固定机体",
        "固定机体"
      ],
      "unfold": 0,
      "state": {
        "label": "full wing conversion",
        "wing": 0,
        "fold": [
          0,
          0.25,
          0.75,
          1
        ],
        "phase": [
          0,
          0,
          0,
          0
        ]
      },
      "surface": true,
      "contained": 0,
      "witness": {
        "meshA": "Drive_RearScrewPedestal",
        "meshB": "Drive_RearScrewBearing",
        "triangleA": {
          "triangleIndex": 38,
          "vertexIndices": [
            325,
            333,
            349
          ],
          "vertices": [
            [
              0.007794228775811096,
              0.046600000001490116,
              -1.977499994199388
            ],
            [
              0.007794228775811096,
              0.060400000773370266,
              -1.977499994199388
            ],
            [
              0.006363961005007598,
              0.060400000773370266,
              -1.9756360334319825
            ]
          ],
          "bounds": {
            "min": [
              0.006363961005007598,
              0.046600000001490116,
              -1.977499994199388
            ],
            "max": [
              0.007794228775811096,
              0.060400000773370266,
              -1.9756360334319825
            ]
          }
        },
        "triangleB": {
          "triangleIndex": 48,
          "vertexIndices": [
            6,
            7,
            43
          ],
          "vertices": [
            [
              0.010999999940395355,
              0.057947441935539246,
              -1.969499945640564
            ],
            [
              0.007524443324655294,
              0.05632676184177399,
              -1.969499945640564
            ],
            [
              0.007524443324655294,
              0.05632676184177399,
              -1.9945000410079956
            ]
          ],
          "bounds": {
            "min": [
              0.007524443324655294,
              0.05632676184177399,
              -1.9945000410079956
            ],
            "max": [
              0.010999999940395355,
              0.057947441935539246,
              -1.969499945640564
            ]
          }
        },
        "coplanar": false,
        "epsilon": 1e-9,
        "maxSeparatingGap": -0.00026978545115580177,
        "toleranceOnly": false,
        "testedAxes": 17
      }
    },
    {
      "names": [
        "Drive_RearGuidePedestal_L",
        "Drive_RearGuideSeat_L"
      ],
      "groups": [
        "固定机体",
        "固定机体"
      ],
      "unfold": 0,
      "state": {
        "label": "full wing conversion",
        "wing": 0,
        "fold": [
          0,
          0.25,
          0.75,
          1
        ],
        "phase": [
          0,
          0,
          0,
          0
        ]
      },
      "surface": true,
      "contained": 0,
      "witness": {
        "meshA": "Drive_RearGuidePedestal_L",
        "meshB": "Drive_RearGuideSeat_L",
        "triangleA": {
          "triangleIndex": 39,
          "vertexIndices": [
            325,
            349,
            341
          ],
          "vertices": [
            [
              -0.0389378235409565,
              0.046600000001490116,
              -1.9784999937462189
            ],
            [
              -0.040050253770658475,
              0.053400001488626,
              -1.9770502461722403
            ],
            [
              -0.040050253770658475,
              0.046600000001490116,
              -1.9770502461722403
            ]
          ],
          "bounds": {
            "min": [
              -0.040050253770658475,
              0.046600000001490116,
              -1.9784999937462189
            ],
            "max": [
              -0.0389378235409565,
              0.053400001488626,
              -1.9770502461722403
            ]
          }
        },
        "triangleB": {
          "triangleIndex": 48,
          "vertexIndices": [
            6,
            7,
            43
          ],
          "vertices": [
            [
              -0.03700000047683716,
              0.0511435903608799,
              -1.9704999923706055
            ],
            [
              -0.03952767699956894,
              0.049964915961027145,
              -1.9704999923706055
            ],
            [
              -0.03952767699956894,
              0.049964915961027145,
              -1.993499994277954
            ]
          ],
          "bounds": {
            "min": [
              -0.03952767699956894,
              0.049964915961027145,
              -1.993499994277954
            ],
            "max": [
              -0.03700000047683716,
              0.0511435903608799,
              -1.9704999923706055
            ]
          }
        },
        "coplanar": false,
        "epsilon": 1e-9,
        "maxSeparatingGap": -0.00003886137500721783,
        "toleranceOnly": false,
        "testedAxes": 17
      }
    },
    {
      "names": [
        "Drive_RearGuideSeat_L",
        "Drive_GuideRail_L"
      ],
      "groups": [
        "固定机体",
        "固定机体"
      ],
      "unfold": 0,
      "state": {
        "label": "full wing conversion",
        "wing": 0,
        "fold": [
          0,
          0.25,
          0.75,
          1
        ],
        "phase": [
          0,
          0,
          0,
          0
        ]
      },
      "surface": true,
      "contained": 0,
      "witness": {
        "meshA": "Drive_RearGuideSeat_L",
        "meshB": "Drive_GuideRail_L",
        "triangleA": {
          "triangleIndex": 197,
          "vertexIndices": [
            25,
            96,
            97
          ],
          "vertices": [
            [
              -0.05047232657670975,
              0.08003508299589157,
              -1.9704999923706055
            ],
            [
              -0.049150001257658005,
              0.07218800485134125,
              -1.9704999923706055
            ],
            [
              -0.04783876985311508,
              0.0727994441986084,
              -1.9704999923706055
            ]
          ],
          "bounds": {
            "min": [
              -0.05047232657670975,
              0.07218800485134125,
              -1.9704999923706055
            ],
            "max": [
              -0.04783876985311508,
              0.08003508299589157,
              -1.9704999923706055
            ]
          }
        },
        "triangleB": {
          "triangleIndex": 44,
          "vertexIndices": [
            21,
            29,
            45
          ],
          "vertices": [
            [
              -0.047199938455344294,
              0.07321044782619401,
              -0.8202999627359636
            ],
            [
              -0.047199989658866806,
              0.07321029043823611,
              -1.9917000711050616
            ],
            [
              -0.049250028441149944,
              0.07236113610159113,
              -1.9917000711295432
            ]
          ],
          "bounds": {
            "min": [
              -0.049250028441149944,
              0.07236113610159113,
              -1.9917000711295432
            ],
            "max": [
              -0.047199938455344294,
              0.07321044782619401,
              -0.8202999627359636
            ]
          }
        },
        "coplanar": false,
        "epsilon": 1e-9,
        "maxSeparatingGap": -0.00019743398676573976,
        "toleranceOnly": false,
        "testedAxes": 17
      }
    },
    {
      "names": [
        "Drive_RearGuidePedestal_R",
        "Drive_RearGuideSeat_R"
      ],
      "groups": [
        "固定机体",
        "固定机体"
      ],
      "unfold": 0,
      "state": {
        "label": "full wing conversion",
        "wing": 0,
        "fold": [
          0,
          0.25,
          0.75,
          1
        ],
        "phase": [
          0,
          0,
          0,
          0
        ]
      },
      "surface": true,
      "contained": 0,
      "witness": {
        "meshA": "Drive_RearGuidePedestal_R",
        "meshB": "Drive_RearGuideSeat_R",
        "triangleA": {
          "triangleIndex": 39,
          "vertexIndices": [
            325,
            349,
            341
          ],
          "vertices": [
            [
              0.05106218003532219,
              0.046600000001490116,
              -1.9784999937462189
            ],
            [
              0.04994974980562021,
              0.053400001488626,
              -1.9770502461722403
            ],
            [
              0.04994974980562021,
              0.046600000001490116,
              -1.9770502461722403
            ]
          ],
          "bounds": {
            "min": [
              0.04994974980562021,
              0.046600000001490116,
              -1.9784999937462189
            ],
            "max": [
              0.05106218003532219,
              0.053400001488626,
              -1.9770502461722403
            ]
          }
        },
        "triangleB": {
          "triangleIndex": 48,
          "vertexIndices": [
            6,
            7,
            43
          ],
          "vertices": [
            [
              0.05300000309944153,
              0.0511435903608799,
              -1.9704999923706055
            ],
            [
              0.05047232657670975,
              0.049964915961027145,
              -1.9704999923706055
            ],
            [
              0.05047232657670975,
              0.049964915961027145,
              -1.993499994277954
            ]
          ],
          "bounds": {
            "min": [
              0.05047232657670975,
              0.049964915961027145,
              -1.993499994277954
            ],
            "max": [
              0.05300000309944153,
              0.0511435903608799,
              -1.9704999923706055
            ]
          }
        },
        "coplanar": false,
        "epsilon": 1e-9,
        "maxSeparatingGap": -0.00003886137500721783,
        "toleranceOnly": false,
        "testedAxes": 17
      }
    },
    {
      "names": [
        "Drive_RearGuideSeat_R",
        "Drive_GuideRail_R"
      ],
      "groups": [
        "固定机体",
        "固定机体"
      ],
      "unfold": 0,
      "state": {
        "label": "full wing conversion",
        "wing": 0,
        "fold": [
          0,
          0.25,
          0.75,
          1
        ],
        "phase": [
          0,
          0,
          0,
          0
        ]
      },
      "surface": true,
      "contained": 0,
      "witness": {
        "meshA": "Drive_RearGuideSeat_R",
        "meshB": "Drive_GuideRail_R",
        "triangleA": {
          "triangleIndex": 197,
          "vertexIndices": [
            25,
            96,
            97
          ],
          "vertices": [
            [
              0.03952767699956894,
              0.08003508299589157,
              -1.9704999923706055
            ],
            [
              0.04085000231862068,
              0.07218800485134125,
              -1.9704999923706055
            ],
            [
              0.042161233723163605,
              0.0727994441986084,
              -1.9704999923706055
            ]
          ],
          "bounds": {
            "min": [
              0.03952767699956894,
              0.07218800485134125,
              -1.9704999923706055
            ],
            "max": [
              0.042161233723163605,
              0.08003508299589157,
              -1.9704999923706055
            ]
          }
        },
        "triangleB": {
          "triangleIndex": 44,
          "vertexIndices": [
            21,
            29,
            45
          ],
          "vertices": [
            [
              0.04280006512093439,
              0.07321044782619401,
              -0.8202999627359636
            ],
            [
              0.04280001391741188,
              0.07321029043823611,
              -1.9917000711050616
            ],
            [
              0.04074997513512874,
              0.07236113610159113,
              -1.9917000711295432
            ]
          ],
          "bounds": {
            "min": [
              0.04074997513512874,
              0.07236113610159113,
              -1.9917000711295432
            ],
            "max": [
              0.04280006512093439,
              0.07321044782619401,
              -0.8202999627359636
            ]
          }
        },
        "coplanar": false,
        "epsilon": 1e-9,
        "maxSeparatingGap": -0.00019743398676573976,
        "toleranceOnly": false,
        "testedAxes": 17
      }
    },
    {
      "names": [
        "Drive_GuideRail_L",
        "Drive_FrontTravelStop_L"
      ],
      "groups": [
        "固定机体",
        "固定机体"
      ],
      "unfold": 0,
      "state": {
        "label": "full wing conversion",
        "wing": 0,
        "fold": [
          0,
          0.25,
          0.75,
          1
        ],
        "phase": [
          0,
          0,
          0,
          0
        ]
      },
      "surface": true,
      "contained": 0,
      "witness": {
        "meshA": "Drive_GuideRail_L",
        "meshB": "Drive_FrontTravelStop_L",
        "triangleA": {
          "triangleIndex": 44,
          "vertexIndices": [
            21,
            29,
            45
          ],
          "vertices": [
            [
              -0.047199938455344294,
              0.07321044782619401,
              -0.8202999627359636
            ],
            [
              -0.047199989658866806,
              0.07321029043823611,
              -1.9917000711050616
            ],
            [
              -0.049250028441149944,
              0.07236113610159113,
              -1.9917000711295432
            ]
          ],
          "bounds": {
            "min": [
              -0.049250028441149944,
              0.07236113610159113,
              -1.9917000711295432
            ],
            "max": [
              -0.047199938455344294,
              0.07321044782619401,
              -0.8202999627359636
            ]
          }
        },
        "triangleB": {
          "triangleIndex": 205,
          "vertexIndices": [
            26,
            97,
            98
          ],
          "vertices": [
            [
              -0.047257427126169205,
              0.07780250161886215,
              -0.865460991859436
            ],
            [
              -0.04783876985311508,
              0.0727994441986084,
              -0.865460991859436
            ],
            [
              -0.04644128307700157,
              0.0731739029288292,
              -0.865460991859436
            ]
          ],
          "bounds": {
            "min": [
              -0.04783876985311508,
              0.0727994441986084,
              -0.865460991859436
            ],
            "max": [
              -0.04644128307700157,
              0.07780250161886215,
              -0.865460991859436
            ]
          }
        },
        "coplanar": false,
        "epsilon": 1e-9,
        "maxSeparatingGap": -0.000231650353298249,
        "toleranceOnly": false,
        "testedAxes": 17
      }
    },
    {
      "names": [
        "Drive_GuideRail_L",
        "Drive_RearTravelStop_L"
      ],
      "groups": [
        "固定机体",
        "固定机体"
      ],
      "unfold": 0,
      "state": {
        "label": "full wing conversion",
        "wing": 0,
        "fold": [
          0,
          0.25,
          0.75,
          1
        ],
        "phase": [
          0,
          0,
          0,
          0
        ]
      },
      "surface": true,
      "contained": 0,
      "witness": {
        "meshA": "Drive_GuideRail_L",
        "meshB": "Drive_RearTravelStop_L",
        "triangleA": {
          "triangleIndex": 44,
          "vertexIndices": [
            21,
            29,
            45
          ],
          "vertices": [
            [
              -0.047199938455344294,
              0.07321044782619401,
              -0.8202999627359636
            ],
            [
              -0.047199989658866806,
              0.07321029043823611,
              -1.9917000711050616
            ],
            [
              -0.049250028441149944,
              0.07236113610159113,
              -1.9917000711295432
            ]
          ],
          "bounds": {
            "min": [
              -0.049250028441149944,
              0.07236113610159113,
              -1.9917000711295432
            ],
            "max": [
              -0.047199938455344294,
              0.07321044782619401,
              -0.8202999627359636
            ]
          }
        },
        "triangleB": {
          "triangleIndex": 205,
          "vertexIndices": [
            26,
            97,
            98
          ],
          "vertices": [
            [
              -0.047257427126169205,
              0.07780250161886215,
              -1.943000078201294
            ],
            [
              -0.04783876985311508,
              0.0727994441986084,
              -1.943000078201294
            ],
            [
              -0.04644128307700157,
              0.0731739029288292,
              -1.943000078201294
            ]
          ],
          "bounds": {
            "min": [
              -0.04783876985311508,
              0.0727994441986084,
              -1.943000078201294
            ],
            "max": [
              -0.04644128307700157,
              0.07780250161886215,
              -1.943000078201294
            ]
          }
        },
        "coplanar": false,
        "epsilon": 1e-9,
        "maxSeparatingGap": -0.0002315227002982259,
        "toleranceOnly": false,
        "testedAxes": 17
      }
    },
    {
      "names": [
        "Drive_GuideRail_R",
        "Drive_FrontTravelStop_R"
      ],
      "groups": [
        "固定机体",
        "固定机体"
      ],
      "unfold": 0,
      "state": {
        "label": "full wing conversion",
        "wing": 0,
        "fold": [
          0,
          0.25,
          0.75,
          1
        ],
        "phase": [
          0,
          0,
          0,
          0
        ]
      },
      "surface": true,
      "contained": 0,
      "witness": {
        "meshA": "Drive_GuideRail_R",
        "meshB": "Drive_FrontTravelStop_R",
        "triangleA": {
          "triangleIndex": 44,
          "vertexIndices": [
            21,
            29,
            45
          ],
          "vertices": [
            [
              0.04280006512093439,
              0.07321044782619401,
              -0.8202999627359636
            ],
            [
              0.04280001391741188,
              0.07321029043823611,
              -1.9917000711050616
            ],
            [
              0.04074997513512874,
              0.07236113610159113,
              -1.9917000711295432
            ]
          ],
          "bounds": {
            "min": [
              0.04074997513512874,
              0.07236113610159113,
              -1.9917000711295432
            ],
            "max": [
              0.04280006512093439,
              0.07321044782619401,
              -0.8202999627359636
            ]
          }
        },
        "triangleB": {
          "triangleIndex": 205,
          "vertexIndices": [
            26,
            97,
            98
          ],
          "vertices": [
            [
              0.04274257645010948,
              0.07780250161886215,
              -0.865460991859436
            ],
            [
              0.042161233723163605,
              0.0727994441986084,
              -0.865460991859436
            ],
            [
              0.043558720499277115,
              0.0731739029288292,
              -0.865460991859436
            ]
          ],
          "bounds": {
            "min": [
              0.042161233723163605,
              0.0727994441986084,
              -0.865460991859436
            ],
            "max": [
              0.043558720499277115,
              0.07780250161886215,
              -0.865460991859436
            ]
          }
        },
        "coplanar": false,
        "epsilon": 1e-9,
        "maxSeparatingGap": -0.000231650353298249,
        "toleranceOnly": false,
        "testedAxes": 17
      }
    },
    {
      "names": [
        "Drive_GuideRail_R",
        "Drive_RearTravelStop_R"
      ],
      "groups": [
        "固定机体",
        "固定机体"
      ],
      "unfold": 0,
      "state": {
        "label": "full wing conversion",
        "wing": 0,
        "fold": [
          0,
          0.25,
          0.75,
          1
        ],
        "phase": [
          0,
          0,
          0,
          0
        ]
      },
      "surface": true,
      "contained": 0,
      "witness": {
        "meshA": "Drive_GuideRail_R",
        "meshB": "Drive_RearTravelStop_R",
        "triangleA": {
          "triangleIndex": 44,
          "vertexIndices": [
            21,
            29,
            45
          ],
          "vertices": [
            [
              0.04280006512093439,
              0.07321044782619401,
              -0.8202999627359636
            ],
            [
              0.04280001391741188,
              0.07321029043823611,
              -1.9917000711050616
            ],
            [
              0.04074997513512874,
              0.07236113610159113,
              -1.9917000711295432
            ]
          ],
          "bounds": {
            "min": [
              0.04074997513512874,
              0.07236113610159113,
              -1.9917000711295432
            ],
            "max": [
              0.04280006512093439,
              0.07321044782619401,
              -0.8202999627359636
            ]
          }
        },
        "triangleB": {
          "triangleIndex": 205,
          "vertexIndices": [
            26,
            97,
            98
          ],
          "vertices": [
            [
              0.04274257645010948,
              0.07780250161886215,
              -1.943000078201294
            ],
            [
              0.042161233723163605,
              0.0727994441986084,
              -1.943000078201294
            ],
            [
              0.043558720499277115,
              0.0731739029288292,
              -1.943000078201294
            ]
          ],
          "bounds": {
            "min": [
              0.042161233723163605,
              0.0727994441986084,
              -1.943000078201294
            ],
            "max": [
              0.043558720499277115,
              0.07780250161886215,
              -1.943000078201294
            ]
          }
        },
        "coplanar": false,
        "epsilon": 1e-9,
        "maxSeparatingGap": -0.0002315227002982259,
        "toleranceOnly": false,
        "testedAxes": 17
      }
    }
  ],
  "open": []
}
