1 / 766 contact pairs 0 SAT 3075572
21 / 766 contact pairs 0 SAT 28858063
41 / 766 contact pairs 0 SAT 54015091
61 / 766 contact pairs 0 SAT 80198256
81 / 766 contact pairs 0 SAT 107734288
101 / 766 contact pairs 0 SAT 136592093
121 / 766 contact pairs 0 SAT 166294266
141 / 766 contact pairs 0 SAT 196792047
161 / 766 contact pairs 0 SAT 227333512
181 / 766 contact pairs 0 SAT 257991661
201 / 766 contact pairs 0 SAT 287882505
221 / 766 contact pairs 0 SAT 318074941
241 / 766 contact pairs 0 SAT 347164296
261 / 766 contact pairs 0 SAT 375429129
281 / 766 contact pairs 0 SAT 402104552
301 / 766 contact pairs 0 SAT 427002907
321 / 766 contact pairs 0 SAT 449512280
341 / 766 contact pairs 0 SAT 469310631
361 / 766 contact pairs 0 SAT 486626766
381 / 766 contact pairs 0 SAT 486817960
401 / 766 contact pairs 0 SAT 486818227
421 / 766 contact pairs 0 SAT 486818227
441 / 766 contact pairs 0 SAT 486818227
461 / 766 contact pairs 0 SAT 486818227
481 / 766 contact pairs 0 SAT 487038501
501 / 766 contact pairs 0 SAT 487530670
521 / 766 contact pairs 0 SAT 487952578
541 / 766 contact pairs 0 SAT 488454243
561 / 766 contact pairs 0 SAT 488873344
581 / 766 contact pairs 0 SAT 489349340
601 / 766 contact pairs 0 SAT 489760142
621 / 766 contact pairs 0 SAT 490247697
641 / 766 contact pairs 0 SAT 490660788
661 / 766 contact pairs 0 SAT 491143623
681 / 766 contact pairs 0 SAT 491286411
701 / 766 contact pairs 0 SAT 491286411
721 / 766 contact pairs 0 SAT 491286411
741 / 766 contact pairs 0 SAT 491286411
761 / 766 contact pairs 0 SAT 491286411
{
  "passed": true,
  "contacts": [],
  "fixedContacts": [
    {
      "names": [
        "Fuselage",
        "Dorsal_hatch_main"
      ],
      "groups": [
        "固定机体",
        "固定机体"
      ],
      "unfold": 0,
      "state": {
        "label": "full wing conversion",
        "wing": 0,
        "fold": [
          0,
          0.25,
          0.75,
          1
        ],
        "phase": [
          0,
          0,
          0,
          0
        ]
      },
      "surface": true,
      "contained": 0,
      "witness": {
        "meshA": "Fuselage",
        "meshB": "Dorsal_hatch_main",
        "triangleA": {
          "triangleIndex": 6435,
          "vertexIndices": [
            3756,
            3778,
            3755
          ],
          "vertices": [
            [
              0.27320021390914917,
              0.6015284061431885,
              0.7300000190734863
            ],
            [
              0.22380076348781586,
              0.5951426029205322,
              0.6208000183105469
            ],
            [
              0.22978787124156952,
              0.6167187690734863,
              0.7300000190734863
            ]
          ],
          "bounds": {
            "min": [
              0.22380076348781586,
              0.5951426029205322,
              0.6208000183105469
            ],
            "max": [
              0.27320021390914917,
              0.6167187690734863,
              0.7300000190734863
            ]
          }
        },
        "triangleB": {
          "triangleIndex": 93,
          "vertexIndices": [
            93,
            94,
            95
          ],
          "vertices": [
            [
              0.24054433430229286,
              0.6013362182559328,
              0.6779456047440309
            ],
            [
              0.2429250310778447,
              0.6041867893950803,
              0.6785877663742784
            ],
            [
              0.22748182699433084,
              0.6081180715704981,
              0.6880635660401261
            ]
          ],
          "bounds": {
            "min": [
              0.22748182699433084,
              0.6013362182559328,
              0.6779456047440309
            ],
            "max": [
              0.2429250310778447,
              0.6081180715704981,
              0.6880635660401261
            ]
          }
        },
        "coplanar": false,
        "epsilon": 1e-9,
        "maxSeparatingGap": -0.0003098001454171287,
        "toleranceOnly": false,
        "testedAxes": 17
      }
    },
    {
      "names": [
        "Fuselage",
        "Hatch_fastener_main"
      ],
      "groups": [
        "固定机体",
        "固定机体"
      ],
      "unfold": 0,
      "state": {
        "label": "full wing conversion",
        "wing": 0,
        "fold": [
          0,
          0.25,
          0.75,
          1
        ],
        "phase": [
          0,
          0,
          0,
          0
        ]
      },
      "surface": true,
      "contained": 0,
      "witness": {
        "meshA": "Fuselage",
        "meshB": "Hatch_fastener_main",
        "triangleA": {
          "triangleIndex": 6457,
          "vertexIndices": [
            3777,
            3784,
            3778
          ],
          "vertices": [
            [
              0.2169630080461502,
              0.5705267786979675,
              0.5123999714851379
            ],
            [
              0.17249351739883423,
              0.5814592242240906,
              0.5123999714851379
            ],
            [
              0.22380076348781586,
              0.5951426029205322,
              0.6208000183105469
            ]
          ],
          "bounds": {
            "min": [
              0.17249351739883423,
              0.5705267786979675,
              0.5123999714851379
            ],
            "max": [
              0.22380076348781586,
              0.5951426029205322,
              0.6208000183105469
            ]
          }
        },
        "triangleB": {
          "triangleIndex": 44,
          "vertexIndices": [
            25,
            23,
            21
          ],
          "vertices": [
            [
              0.20470680326223373,
              0.5820087194442749,
              0.5470000002533197
            ],
            [
              0.20970665055793106,
              0.5791802638516951,
              0.5419998477725345
            ],
            [
              0.21177794174977002,
              0.5820087194442749,
              0.5440711389643734
            ]
          ],
          "bounds": {
            "min": [
              0.20470680326223373,
              0.5791802638516951,
              0.5419998477725345
            ],
            "max": [
              0.21177794174977002,
              0.5820087194442749,
              0.5470000002533197
            ]
          }
        },
        "coplanar": false,
        "epsilon": 1e-9,
        "maxSeparatingGap": -0.00029403558975956735,
        "toleranceOnly": false,
        "testedAxes": 17
      }
    },
    {
      "names": [
        "Fuselage",
        "Hatch_fastener_main001"
      ],
      "groups": [
        "固定机体",
        "固定机体"
      ],
      "unfold": 0,
      "state": {
        "label": "full wing conversion",
        "wing": 0,
        "fold": [
          0,
          0.25,
          0.75,
          1
        ],
        "phase": [
          0,
          0,
          0,
          0
        ]
      },
      "surface": true,
      "contained": 0,
      "witness": {
        "meshA": "Fuselage",
        "meshB": "Hatch_fastener_main001",
        "triangleA": {
          "triangleIndex": 6464,
          "vertexIndices": [
            3787,
            2666,
            2665
          ],
          "vertices": [
            [
              -0.22380076348781586,
              0.5951426029205322,
              0.6208000183105469
            ],
            [
              -0.17249351739883423,
              0.5814592242240906,
              0.5123999714851379
            ],
            [
              -0.2169630080461502,
              0.5705267786979675,
              0.5123999714851379
            ]
          ],
          "bounds": {
            "min": [
              -0.22380076348781586,
              0.5705267786979675,
              0.5123999714851379
            ],
            "max": [
              -0.17249351739883423,
              0.5951426029205322,
              0.6208000183105469
            ]
          }
        },
        "triangleB": {
          "triangleIndex": 44,
          "vertexIndices": [
            25,
            23,
            21
          ],
          "vertices": [
            [
              -0.2047068026661873,
              0.5820087194442749,
              0.5470000002533197
            ],
            [
              -0.19970695537048996,
              0.5791802638516951,
              0.5419998477725345
            ],
            [
              -0.197635664178651,
              0.5820087194442749,
              0.5440711389643734
            ]
          ],
          "bounds": {
            "min": [
              -0.2047068026661873,
              0.5791802638516951,
              0.5419998477725345
            ],
            "max": [
              -0.197635664178651,
              0.5820087194442749,
              0.5470000002533197
            ]
          }
        },
        "coplanar": false,
        "epsilon": 1e-9,
        "maxSeparatingGap": -0.00007109565318474606,
        "toleranceOnly": false,
        "testedAxes": 17
      }
    },
    {
      "names": [
        "Fuselage",
        "Hatch_fastener_main002"
      ],
      "groups": [
        "固定机体",
        "固定机体"
      ],
      "unfold": 0,
      "state": {
        "label": "full wing conversion",
        "wing": 0,
        "fold": [
          0,
          0.25,
          0.75,
          1
        ],
        "phase": [
          0,
          0,
          0,
          0
        ]
      },
      "surface": true,
      "contained": 0,
      "witness": {
        "meshA": "Fuselage",
        "meshB": "Hatch_fastener_main002",
        "triangleA": {
          "triangleIndex": 4871,
          "vertexIndices": [
            2953,
            2958,
            2952
          ],
          "vertices": [
            [
              0.1393629014492035,
              0.4496133029460907,
              -0.057840000838041306
            ],
            [
              0.16569598019123077,
              0.41631531715393066,
              -0.17975999414920807
            ],
            [
              0.13173435628414154,
              0.4240202307701111,
              -0.17975999414920807
            ]
          ],
          "bounds": {
            "min": [
              0.13173435628414154,
              0.41631531715393066,
              -0.17975999414920807
            ],
            "max": [
              0.16569598019123077,
              0.4496133029460907,
              -0.057840000838041306
            ]
          }
        },
        "triangleB": {
          "triangleIndex": 44,
          "vertexIndices": [
            25,
            23,
            21
          ],
          "vertices": [
            [
              0.1555987450480461,
              0.4215647876262665,
              -0.16700000129640102
            ],
            [
              0.16059859234374343,
              0.41873633203368665,
              -0.17200015377718628
            ],
            [
              0.1626698835355824,
              0.4215647876262665,
              -0.1699288625853473
            ]
          ],
          "bounds": {
            "min": [
              0.1555987450480461,
              0.41873633203368665,
              -0.17200015377718628
            ],
            "max": [
              0.1626698835355824,
              0.4215647876262665,
              -0.16700000129640102
            ]
          }
        },
        "coplanar": false,
        "epsilon": 1e-9,
        "maxSeparatingGap": -0.0004520800481465567,
        "toleranceOnly": false,
        "testedAxes": 17
      }
    },
    {
      "names": [
        "Fuselage",
        "Hatch_fastener_main003"
      ],
      "groups": [
        "固定机体",
        "固定机体"
      ],
      "unfold": 0,
      "state": {
        "label": "full wing conversion",
        "wing": 0,
        "fold": [
          0,
          0.25,
          0.75,
          1
        ],
        "phase": [
          0,
          0,
          0,
          0
        ]
      },
      "surface": true,
      "contained": 0,
      "witness": {
        "meshA": "Fuselage",
        "meshB": "Hatch_fastener_main003",
        "triangleA": {
          "triangleIndex": 4140,
          "vertexIndices": [
            2577,
            2560,
            2578
          ],
          "vertices": [
            [
              -0.13173435628414154,
              0.4240202307701111,
              -0.17975999414920807
            ],
            [
              -0.16569598019123077,
              0.41631531715393066,
              -0.17975999414920807
            ],
            [
              -0.1393629014492035,
              0.4496133029460907,
              -0.057840000838041306
            ]
          ],
          "bounds": {
            "min": [
              -0.16569598019123077,
              0.41631531715393066,
              -0.17975999414920807
            ],
            "max": [
              -0.13173435628414154,
              0.4496133029460907,
              -0.057840000838041306
            ]
          }
        },
        "triangleB": {
          "triangleIndex": 44,
          "vertexIndices": [
            25,
            23,
            21
          ],
          "vertices": [
            [
              -0.15559874445199967,
              0.4215647876262665,
              -0.16700000129640102
            ],
            [
              -0.15059889715630234,
              0.41873633203368665,
              -0.17200015377718628
            ],
            [
              -0.14852760596446338,
              0.4215647876262665,
              -0.1699288625853473
            ]
          ],
          "bounds": {
            "min": [
              -0.15559874445199967,
              0.41873633203368665,
              -0.17200015377718628
            ],
            "max": [
              -0.14852760596446338,
              0.4215647876262665,
              -0.16700000129640102
            ]
          }
        },
        "coplanar": false,
        "epsilon": 1e-9,
        "maxSeparatingGap": -0.0000943462347471175,
        "toleranceOnly": false,
        "testedAxes": 17
      }
    },
    {
      "names": [
        "Fuselage",
        "Tail_boom_join"
      ],
      "groups": [
        "固定机体",
        "固定机体"
      ],
      "unfold": 0,
      "state": {
        "label": "full wing conversion",
        "wing": 0,
        "fold": [
          0,
          0.25,
          0.75,
          1
        ],
        "phase": [
          0,
          0,
          0,
          0
        ]
      },
      "surface": true,
      "contained": 0,
      "witness": {
        "meshA": "Fuselage",
        "meshB": "Tail_boom_join",
        "triangleA": {
          "triangleIndex": 3232,
          "vertexIndices": [
            2058,
            2052,
            2051
          ],
          "vertices": [
            [
              0.10316163301467896,
              0.12795113027095795,
              -2.0999999046325684
            ],
            [
              0.11196219176054001,
              0.13059930503368378,
              -1.9972000122070312
            ],
            [
              0.11427291482686996,
              0.1221032440662384,
              -1.9972000122070312
            ]
          ],
          "bounds": {
            "min": [
              0.10316163301467896,
              0.1221032440662384,
              -2.0999999046325684
            ],
            "max": [
              0.11427291482686996,
              0.13059930503368378,
              -1.9972000122070312
            ]
          }
        },
        "triangleB": {
          "triangleIndex": 18,
          "vertexIndices": [
            13,
            11,
            10
          ],
          "vertices": [
            [
              0.1019241423848187,
              0.1357210228989539,
              -2.079999056738333
            ],
            [
              0.10858994907113081,
              0.12663829208570782,
              -2.083000946559757
            ],
            [
              0.10570715406175885,
              0.12580813118993484,
              -2.079999056738333
            ]
          ],
          "bounds": {
            "min": [
              0.1019241423848187,
              0.12580813118993484,
              -2.083000946559757
            ],
            "max": [
              0.10858994907113081,
              0.1357210228989539,
              -2.079999056738333
            ]
          }
        },
        "coplanar": false,
        "epsilon": 1e-9,
        "maxSeparatingGap": -0.00016859683200635142,
        "toleranceOnly": false,
        "testedAxes": 17
      }
    },
    {
      "names": [
        "Fuselage",
        "Dorsal_small_receiver"
      ],
      "groups": [
        "固定机体",
        "固定机体"
      ],
      "unfold": 0,
      "state": {
        "label": "full wing conversion",
        "wing": 0,
        "fold": [
          0,
          0.25,
          0.75,
          1
        ],
        "phase": [
          0,
          0,
          0,
          0
        ]
      },
      "surface": true,
      "contained": 0,
      "witness": {
        "meshA": "Fuselage",
        "meshB": "Dorsal_small_receiver",
        "triangleA": {
          "triangleIndex": 2488,
          "vertexIndices": [
            1687,
            797,
            798
          ],
          "vertices": [
            [
              1.8825957774030316e-14,
              0.6961039900779724,
              1.063599944114685
            ],
            [
              1.9058170162454188e-14,
              0.7085279822349548,
              1.173200011253357
            ],
            [
              0.0784049853682518,
              0.6942580938339233,
              1.063599944114685
            ]
          ],
          "bounds": {
            "min": [
              1.8825957774030316e-14,
              0.6942580938339233,
              1.063599944114685
            ],
            "max": [
              0.0784049853682518,
              0.7085279822349548,
              1.173200011253357
            ]
          }
        },
        "triangleB": {
          "triangleIndex": 142,
          "vertexIndices": [
            80,
            63,
            64
          ],
          "vertices": [
            [
              1.5497207961345794e-9,
              0.7119702969053558,
              1.1619004434873403
            ],
            [
              1.5497207961345794e-9,
              0.7062302231788635,
              1.167000025510788
            ],
            [
              0.01989892465689837,
              0.7062302231788635,
              1.1619004434873403
            ]
          ],
          "bounds": {
            "min": [
              1.5497207961345794e-9,
              0.7062302231788635,
              1.1619004434873403
            ],
            "max": [
              0.01989892465689837,
              0.7119702969053558,
              1.167000025510788
            ]
          }
        },
        "coplanar": false,
        "epsilon": 1e-9,
        "maxSeparatingGap": -0.0015841344906307783,
        "toleranceOnly": false,
        "testedAxes": 17
      }
    },
    {
      "names": [
        "Fuselage",
        "Tail_receiver"
      ],
      "groups": [
        "固定机体",
        "固定机体"
      ],
      "unfold": 0,
      "state": {
        "label": "full wing conversion",
        "wing": 0,
        "fold": [
          0,
          0.25,
          0.75,
          1
        ],
        "phase": [
          0,
          0,
          0,
          0
        ]
      },
      "surface": true,
      "contained": 0,
      "witness": {
        "meshA": "Fuselage",
        "meshB": "Tail_receiver",
        "triangleA": {
          "triangleIndex": 4738,
          "vertexIndices": [
            2889,
            2743,
            2742
          ],
          "vertices": [
            [
              0.0334586575627327,
              0.27533233165740967,
              -0.9900000095367432
            ],
            [
              8.03381697240613e-15,
              0.2759999930858612,
              -0.9900000095367432
            ],
            [
              8.655844087551798e-15,
              0.2943840026855469,
              -0.8771200180053711
            ]
          ],
          "bounds": {
            "min": [
              8.03381697240613e-15,
              0.27533233165740967,
              -0.9900000095367432
            ],
            "max": [
              0.0334586575627327,
              0.2943840026855469,
              -0.8771200180053711
            ]
          }
        },
        "triangleB": {
          "triangleIndex": 111,
          "vertexIndices": [
            64,
            48,
            49
          ],
          "vertices": [
            [
              0.013776177731352488,
              0.2821730375289917,
              -0.9619578739289569
            ],
            [
              0.023518051758838247,
              0.2775809784052416,
              -0.9760294706425181
            ],
            [
              0.0254560991011733,
              0.2821730375289917,
              -0.9732300687475455
            ]
          ],
          "bounds": {
            "min": [
              0.013776177731352488,
              0.2775809784052416,
              -0.9760294706425181
            ],
            "max": [
              0.0254560991011733,
              0.2821730375289917,
              -0.9619578739289569
            ]
          }
        },
        "coplanar": false,
        "epsilon": 1e-9,
        "maxSeparatingGap": -0.00022203546690127847,
        "toleranceOnly": false,
        "testedAxes": 17
      }
    },
    {
      "names": [
        "Fuselage",
        "Dorsal_antenna"
      ],
      "groups": [
        "固定机体",
        "固定机体"
      ],
      "unfold": 0,
      "state": {
        "label": "full wing conversion",
        "wing": 0,
        "fold": [
          0,
          0.25,
          0.75,
          1
        ],
        "phase": [
          0,
          0,
          0,
          0
        ]
      },
      "surface": true,
      "contained": 0,
      "witness": {
        "meshA": "Fuselage",
        "meshB": "Dorsal_antenna",
        "triangleA": {
          "triangleIndex": 6443,
          "vertexIndices": [
            3752,
            3782,
            3751
          ],
          "vertices": [
            [
              0.07583535462617874,
              0.6617847084999084,
              0.8407999873161316
            ],
            [
              1.8208960340525444e-14,
              0.6635519862174988,
              0.8407999873161316
            ],
            [
              1.8544564958622965e-14,
              0.6810160279273987,
              0.9524000287055969
            ]
          ],
          "bounds": {
            "min": [
              1.8208960340525444e-14,
              0.6617847084999084,
              0.8407999873161316
            ],
            "max": [
              0.07583535462617874,
              0.6810160279273987,
              0.9524000287055969
            ]
          }
        },
        "triangleB": {
          "triangleIndex": 6,
          "vertexIndices": [
            6,
            7,
            8
          ],
          "vertices": [
            [
              0,
              0.6709807091052217,
              0.8959480810690018
            ],
            [
              0,
              0.8230441808700562,
              0.8759483828502633
            ],
            [
              -0.0042418620062292045,
              0.8228116535507778,
              0.8742056023360761
            ]
          ],
          "bounds": {
            "min": [
              -0.0042418620062292045,
              0.6709807091052217,
              0.8742056023360761
            ],
            "max": [
              0,
              0.8230441808700562,
              0.8959480810690018
            ]
          }
        },
        "coplanar": false,
        "epsilon": 1e-9,
        "maxSeparatingGap": 1.8360313269738526e-14,
        "toleranceOnly": true,
        "testedAxes": 17
      }
    },
    {
      "names": [
        "Fuselage",
        "Ventral_antenna"
      ],
      "groups": [
        "固定机体",
        "固定机体"
      ],
      "unfold": 0,
      "state": {
        "label": "full wing conversion",
        "wing": 0,
        "fold": [
          0,
          0.25,
          0.75,
          1
        ],
        "phase": [
          0,
          0,
          0,
          0
        ]
      },
      "surface": true,
      "contained": 0,
      "witness": {
        "meshA": "Fuselage",
        "meshB": "Ventral_antenna",
        "triangleA": {
          "triangleIndex": 11224,
          "vertexIndices": [
            6618,
            6606,
            6619
          ],
          "vertices": [
            [
              -0.09000000357627869,
              -0.23128639161586761,
              1.6845158338546753
            ],
            [
              -0.04500000178813934,
              -0.22791635990142822,
              1.681963562965393
            ],
            [
              -0.04500000178813934,
              -0.22347113490104675,
              1.7180306911468506
            ]
          ],
          "bounds": {
            "min": [
              -0.09000000357627869,
              -0.23128639161586761,
              1.681963562965393
            ],
            "max": [
              -0.04500000178813934,
              -0.22347113490104675,
              1.7180306911468506
            ]
          }
        },
        "triangleB": {
          "triangleIndex": 0,
          "vertexIndices": [
            0,
            1,
            2
          ],
          "vertices": [
            [
              -0.05742535948053934,
              -0.21276473999023438,
              1.6799999475479126
            ],
            [
              -0.05962269225012529,
              -0.21276473999023438,
              1.68530284396518
            ],
            [
              -0.05962269225012529,
              -0.45276474952697754,
              1.68530284396518
            ]
          ],
          "bounds": {
            "min": [
              -0.05962269225012529,
              -0.45276474952697754,
              1.6799999475479126
            ],
            "max": [
              -0.05742535948053934,
              -0.21276473999023438,
              1.68530284396518
            ]
          }
        },
        "coplanar": false,
        "epsilon": 1e-9,
        "maxSeparatingGap": -0.0025058966950847585,
        "toleranceOnly": false,
        "testedAxes": 17
      }
    },
    {
      "names": [
        "Fuselage",
        "Ventral_antenna001"
      ],
      "groups": [
        "固定机体",
        "固定机体"
      ],
      "unfold": 0,
      "state": {
        "label": "full wing conversion",
        "wing": 0,
        "fold": [
          0,
          0.25,
          0.75,
          1
        ],
        "phase": [
          0,
          0,
          0,
          0
        ]
      },
      "surface": true,
      "contained": 0,
      "witness": {
        "meshA": "Fuselage",
        "meshB": "Ventral_antenna001",
        "triangleA": {
          "triangleIndex": 1834,
          "vertexIndices": [
            1268,
            1263,
            1269
          ],
          "vertices": [
            [
              0.0979786217212677,
              -0.19971324503421783,
              1.8136677742004395
            ],
            [
              0.13441401720046997,
              -0.18900726735591888,
              1.8762400150299072
            ],
            [
              0.07419560104608536,
              -0.1937352418899536,
              1.8762400150299072
            ]
          ],
          "bounds": {
            "min": [
              0.07419560104608536,
              -0.19971324503421783,
              1.8136677742004395
            ],
            "max": [
              0.13441401720046997,
              -0.18900726735591888,
              1.8762400150299072
            ]
          }
        },
        "triangleB": {
          "triangleIndex": 14,
          "vertexIndices": [
            15,
            14,
            0
          ],
          "vertices": [
            [
              0.07683780193456191,
              -0.36373668909072876,
              1.8700000047683716
            ],
            [
              0.0746406220143179,
              -0.1937367022037506,
              1.864697719341006
            ],
            [
              0.07683780193456191,
              -0.1937367022037506,
              1.8700000047683716
            ]
          ],
          "bounds": {
            "min": [
              0.0746406220143179,
              -0.36373668909072876,
              1.864697719341006
            ],
            "max": [
              0.07683780193456191,
              -0.1937367022037506,
              1.8700000047683716
            ]
          }
        },
        "coplanar": false,
        "epsilon": 1e-9,
        "maxSeparatingGap": -0.00025279690015728856,
        "toleranceOnly": false,
        "testedAxes": 17
      }
    },
    {
      "names": [
        "Fuselage",
        "Ventral_small_sensor"
      ],
      "groups": [
        "固定机体",
        "固定机体"
      ],
      "unfold": 0,
      "state": {
        "label": "full wing conversion",
        "wing": 0,
        "fold": [
          0,
          0.25,
          0.75,
          1
        ],
        "phase": [
          0,
          0,
          0,
          0
        ]
      },
      "surface": true,
      "contained": 0,
      "witness": {
        "meshA": "Fuselage",
        "meshB": "Ventral_small_sensor",
        "triangleA": {
          "triangleIndex": 1768,
          "vertexIndices": [
            1201,
            1203,
            1204
          ],
          "vertices": [
            [
              -0.06580906361341476,
              -0.16533911228179932,
              2.041734218597412
            ],
            [
              -7.278200903017198e-15,
              -0.1802159994840622,
              1.9727200269699097
            ],
            [
              -0.000027816908186650835,
              -0.1668936312198639,
              2.0420000553131104
            ]
          ],
          "bounds": {
            "min": [
              -0.06580906361341476,
              -0.1802159994840622,
              1.9727200269699097
            ],
            "max": [
              -7.278200903017198e-15,
              -0.16533911228179932,
              2.0420000553131104
            ]
          }
        },
        "triangleB": {
          "triangleIndex": 93,
          "vertexIndices": [
            184,
            186,
            187
          ],
          "vertices": [
            [
              -0.04321442738359116,
              -0.16635314964794165,
              1.9670000202017235
            ],
            [
              -0.04116480425000191,
              -0.17130348086357117,
              2.05299996072479
            ],
            [
              -0.04116480425000191,
              -0.17130348086357117,
              1.9670000202017235
            ]
          ],
          "bounds": {
            "min": [
              -0.04321442738359116,
              -0.17130348086357117,
              1.9670000202017235
            ],
            "max": [
              -0.04116480425000191,
              -0.16635314964794165,
              2.05299996072479
            ]
          }
        },
        "coplanar": false,
        "epsilon": 1e-9,
        "maxSeparatingGap": -0.0014388216863294306,
        "toleranceOnly": false,
        "testedAxes": 17
      }
    },
    {
      "names": [
        "Fuselage",
        "Ventral_tail_tab"
      ],
      "groups": [
        "固定机体",
        "固定机体"
      ],
      "unfold": 0,
      "state": {
        "label": "full wing conversion",
        "wing": 0,
        "fold": [
          0,
          0.25,
          0.75,
          1
        ],
        "phase": [
          0,
          0,
          0,
          0
        ]
      },
      "surface": true,
      "contained": 0,
      "witness": {
        "meshA": "Fuselage",
        "meshB": "Ventral_tail_tab",
        "triangleA": {
          "triangleIndex": 12389,
          "vertexIndices": [
            7418,
            7420,
            7421
          ],
          "vertices": [
            [
              -1.009472013087636e-14,
              0.02205600030720234,
              -1.9972000122070312
            ],
            [
              -0.01630531996488571,
              0.02229214832186699,
              -1.9972000122070312
            ],
            [
              -1.0833337096046846e-14,
              0.0180479995906353,
              -1.8883999586105347
            ]
          ],
          "bounds": {
            "min": [
              -0.01630531996488571,
              0.0180479995906353,
              -1.9972000122070312
            ],
            "max": [
              -1.009472013087636e-14,
              0.02229214832186699,
              -1.8883999586105347
            ]
          }
        },
        "triangleB": {
          "triangleIndex": 9,
          "vertexIndices": [
            16,
            18,
            19
          ],
          "vertices": [
            [
              -0.015997954129728882,
              0.025001591314812166,
              -2.2300000190734863
            ],
            [
              -0.01299859523031023,
              -0.23000159511460827,
              -2.0000011034690273
            ],
            [
              -0.015997954129728882,
              0.025001591314812166,
              -1.9600000381469727
            ]
          ],
          "bounds": {
            "min": [
              -0.015997954129728882,
              -0.23000159511460827,
              -2.2300000190734863
            ],
            "max": [
              -0.01299859523031023,
              0.025001591314812166,
              -1.9600000381469727
            ]
          }
        },
        "coplanar": false,
        "epsilon": 1e-9,
        "maxSeparatingGap": -0.00033921096160857353,
        "toleranceOnly": false,
        "testedAxes": 17
      }
    },
    {
      "names": [
        "Fuselage",
        "ActuatorSideSlot_L"
      ],
      "groups": [
        "固定机体",
        "固定机体"
      ],
      "unfold": 0,
      "state": {
        "label": "full wing conversion",
        "wing": 0,
        "fold": [
          0,
          0.25,
          0.75,
          1
        ],
        "phase": [
          0,
          0,
          0,
          0
        ]
      },
      "surface": true,
      "contained": 0,
      "witness": {
        "meshA": "Fuselage",
        "meshB": "ActuatorSideSlot_L",
        "triangleA": {
          "triangleIndex": 13299,
          "vertexIndices": [
            7923,
            7929,
            7930
          ],
          "vertices": [
            [
              -0.1487376093864441,
              0.10599999874830246,
              -1.5433772802352905
            ],
            [
              -0.1367071270942688,
              0.10599999874830246,
              -1.6624000072479248
            ],
            [
              -0.14796024560928345,
              0.10599999874830246,
              -1.5499999523162842
            ]
          ],
          "bounds": {
            "min": [
              -0.1487376093864441,
              0.10599999874830246,
              -1.6624000072479248
            ],
            "max": [
              -0.1367071270942688,
              0.10599999874830246,
              -1.5433772802352905
            ]
          }
        },
        "triangleB": {
          "triangleIndex": 275,
          "vertexIndices": [
            278,
            280,
            281
          ],
          "vertices": [
            [
              -0.1445000022649765,
              0.10599999874830246,
              -1.3949999809265137
            ],
            [
              -0.1445000022649765,
              0.11324622482061386,
              -1.6216269731521606
            ],
            [
              -0.1445000022649765,
              0.10599999874830246,
              -1.6245113611221313
            ]
          ],
          "bounds": {
            "min": [
              -0.1445000022649765,
              0.10599999874830246,
              -1.6245113611221313
            ],
            "max": [
              -0.1445000022649765,
              0.11324622482061386,
              -1.3949999809265137
            ]
          }
        },
        "coplanar": false,
        "epsilon": 1e-9,
        "maxSeparatingGap": 0,
        "toleranceOnly": false,
        "testedAxes": 17
      }
    },
    {
      "names": [
        "Fuselage",
        "ActuatorSideSlot_R"
      ],
      "groups": [
        "固定机体",
        "固定机体"
      ],
      "unfold": 0,
      "state": {
        "label": "full wing conversion",
        "wing": 0,
        "fold": [
          0,
          0.25,
          0.75,
          1
        ],
        "phase": [
          0,
          0,
          0,
          0
        ]
      },
      "surface": true,
      "contained": 0,
      "witness": {
        "meshA": "Fuselage",
        "meshB": "ActuatorSideSlot_R",
        "triangleA": {
          "triangleIndex": 3931,
          "vertexIndices": [
            2464,
            2462,
            2465
          ],
          "vertices": [
            [
              0.14706361293792725,
              0.10599999874830246,
              -1.5589574575424194
            ],
            [
              0.13495004177093506,
              0.10599999874830246,
              -1.6832414865493774
            ],
            [
              0.15127569437026978,
              0.10599999874830246,
              -1.5217530727386475
            ]
          ],
          "bounds": {
            "min": [
              0.13495004177093506,
              0.10599999874830246,
              -1.6832414865493774
            ],
            "max": [
              0.15127569437026978,
              0.10599999874830246,
              -1.5217530727386475
            ]
          }
        },
        "triangleB": {
          "triangleIndex": 294,
          "vertexIndices": [
            300,
            297,
            301
          ],
          "vertices": [
            [
              0.1445000022649765,
              0.11324622482061386,
              -1.6216269731521606
            ],
            [
              0.1445000022649765,
              0.10599999874830246,
              -1.3949999809265137
            ],
            [
              0.1445000022649765,
              0.10599999874830246,
              -1.6245113611221313
            ]
          ],
          "bounds": {
            "min": [
              0.1445000022649765,
              0.10599999874830246,
              -1.6245113611221313
            ],
            "max": [
              0.1445000022649765,
              0.11324622482061386,
              -1.3949999809265137
            ]
          }
        },
        "coplanar": false,
        "epsilon": 1e-9,
        "maxSeparatingGap": 0,
        "toleranceOnly": false,
        "testedAxes": 17
      }
    },
    {
      "names": [
        "Fuselage",
        "Lower_fuselage_join"
      ],
      "groups": [
        "固定机体",
        "固定机体"
      ],
      "unfold": 0,
      "state": {
        "label": "full wing conversion",
        "wing": 0,
        "fold": [
          0,
          0.25,
          0.75,
          1
        ],
        "phase": [
          0,
          0,
          0,
          0
        ]
      },
      "surface": true,
      "contained": 0,
      "witness": {
        "meshA": "Fuselage",
        "meshB": "Lower_fuselage_join",
        "triangleA": {
          "triangleIndex": 989,
          "vertexIndices": [
            705,
            706,
            707
          ],
          "vertices": [
            [
              -0.4406369924545288,
              -0.06993325799703598,
              1.173200011253357
            ],
            [
              -0.4449850916862488,
              -0.06918028742074966,
              1.2799999713897705
            ],
            [
              -0.46812257170677185,
              -0.045871734619140625,
              1.173200011253357
            ]
          ],
          "bounds": {
            "min": [
              -0.46812257170677185,
              -0.06993325799703598,
              1.173200011253357
            ],
            "max": [
              -0.4406369924545288,
              -0.045871734619140625,
              1.2799999713897705
            ]
          }
        },
        "triangleB": {
          "triangleIndex": 146,
          "vertexIndices": [
            88,
            84,
            83
          ],
          "vertices": [
            [
              -0.4488379913899381,
              -0.06478214720887811,
              1.2163749343035484
            ],
            [
              -0.44900158912268134,
              -0.06494574494162136,
              1.2163749343035484
            ],
            [
              -0.4477582463538326,
              -0.06442223219684295,
              1.2026654442996638
            ]
          ],
          "bounds": {
            "min": [
              -0.44900158912268134,
              -0.06494574494162136,
              1.2026654442996638
            ],
            "max": [
              -0.4477582463538326,
              -0.06442223219684295,
              1.2163749343035484
            ]
          }
        },
        "coplanar": false,
        "epsilon": 1e-9,
        "maxSeparatingGap": -0.00008977448790727712,
        "toleranceOnly": false,
        "testedAxes": 17
      }
    },
    {
      "names": [
        "Fuselage",
        "Lower_fuselage_join001"
      ],
      "groups": [
        "固定机体",
        "固定机体"
      ],
      "unfold": 0,
      "state": {
        "label": "full wing conversion",
        "wing": 0,
        "fold": [
          0,
          0.25,
          0.75,
          1
        ],
        "phase": [
          0,
          0,
          0,
          0
        ]
      },
      "surface": true,
      "contained": 0,
      "witness": {
        "meshA": "Fuselage",
        "meshB": "Lower_fuselage_join001",
        "triangleA": {
          "triangleIndex": 6065,
          "vertexIndices": [
            3540,
            3541,
            3542
          ],
          "vertices": [
            [
              -0.09549999982118607,
              0.03997534140944481,
              -1.9972000122070312
            ],
            [
              -0.09557739645242691,
              0.03463488817214966,
              -1.9333759546279907
            ],
            [
              -0.09558522701263428,
              0.034675970673561096,
              -1.933644413948059
            ]
          ],
          "bounds": {
            "min": [
              -0.09558522701263428,
              0.03463488817214966,
              -1.9972000122070312
            ],
            "max": [
              -0.09549999982118607,
              0.03997534140944481,
              -1.9333759546279907
            ]
          }
        },
        "triangleB": {
          "triangleIndex": 80,
          "vertexIndices": [
            88,
            89,
            90
          ],
          "vertices": [
            [
              -0.09977750474365443,
              0.03442489393968372,
              -1.9512881508395092
            ],
            [
              -0.09377830920541265,
              0.03442489393968372,
              -1.9512215099398165
            ],
            [
              -0.0967801788233867,
              0.037416161596343034,
              -1.9510231018066406
            ]
          ],
          "bounds": {
            "min": [
              -0.09977750474365443,
              0.03442489393968372,
              -1.9512881508395092
            ],
            "max": [
              -0.09377830920541265,
              0.037416161596343034,
              -1.9510231018066406
            ]
          }
        },
        "coplanar": false,
        "epsilon": 1e-9,
        "maxSeparatingGap": -0.00005494738468992148,
        "toleranceOnly": false,
        "testedAxes": 17
      }
    },
    {
      "names": [
        "Fuselage",
        "Lower_fuselage_join002"
      ],
      "groups": [
        "固定机体",
        "固定机体"
      ],
      "unfold": 0,
      "state": {
        "label": "full wing conversion",
        "wing": 0,
        "fold": [
          0,
          0.25,
          0.75,
          1
        ],
        "phase": [
          0,
          0,
          0,
          0
        ]
      },
      "surface": true,
      "contained": 0,
      "witness": {
        "meshA": "Fuselage",
        "meshB": "Lower_fuselage_join002",
        "triangleA": {
          "triangleIndex": 565,
          "vertexIndices": [
            393,
            390,
            394
          ],
          "vertices": [
            [
              0.46812257170677185,
              -0.045871734619140625,
              1.173200011253357
            ],
            [
              0.4449850916862488,
              -0.06918028742074966,
              1.2799999713897705
            ],
            [
              0.4406369924545288,
              -0.06993325799703598,
              1.173200011253357
            ]
          ],
          "bounds": {
            "min": [
              0.4406369924545288,
              -0.06993325799703598,
              1.173200011253357
            ],
            "max": [
              0.46812257170677185,
              -0.045871734619140625,
              1.2799999713897705
            ]
          }
        },
        "triangleB": {
          "triangleIndex": 338,
          "vertexIndices": [
            192,
            195,
            191
          ],
          "vertices": [
            [
              0.44854351547100024,
              -0.0644868762004144,
              1.216407653850097
            ],
            [
              0.4477582463538326,
              -0.06442143710731711,
              1.2026654442996638
            ],
            [
              0.44792184408657587,
              -0.06461775438660902,
              1.2026654442996638
            ]
          ],
          "bounds": {
            "min": [
              0.4477582463538326,
              -0.06461775438660902,
              1.2026654442996638
            ],
            "max": [
              0.44854351547100024,
              -0.06442143710731711,
              1.216407653850097
            ]
          }
        },
        "coplanar": false,
        "epsilon": 1e-9,
        "maxSeparatingGap": -0.0000903725897916731,
        "toleranceOnly": false,
        "testedAxes": 17
      }
    },
    {
      "names": [
        "Fuselage",
        "Lower_fuselage_join003"
      ],
      "groups": [
        "固定机体",
        "固定机体"
      ],
      "unfold": 0,
      "state": {
        "label": "full wing conversion",
        "wing": 0,
        "fold": [
          0,
          0.25,
          0.75,
          1
        ],
        "phase": [
          0,
          0,
          0,
          0
        ]
      },
      "surface": true,
      "contained": 0,
      "witness": {
        "meshA": "Fuselage",
        "meshB": "Lower_fuselage_join003",
        "triangleA": {
          "triangleIndex": 3548,
          "vertexIndices": [
            2228,
            2213,
            2229
          ],
          "vertices": [
            [
              0.09549999982118607,
              0.03416638821363449,
              -1.9299999475479126
            ],
            [
              0.09549999982118607,
              0.03997534140944481,
              -1.9972000122070312
            ],
            [
              0.09557739645242691,
              0.034747928380966187,
              -1.9333759546279907
            ]
          ],
          "bounds": {
            "min": [
              0.09549999982118607,
              0.03416638821363449,
              -1.9972000122070312
            ],
            "max": [
              0.09557739645242691,
              0.03997534140944481,
              -1.9299999475479126
            ]
          }
        },
        "triangleB": {
          "triangleIndex": 40,
          "vertexIndices": [
            44,
            45,
            46
          ],
          "vertices": [
            [
              0.09677986045710138,
              0.037416161596343034,
              -1.9510231018066406
            ],
            [
              0.09371437907123888,
              0.03522761386779989,
              -1.9610979941874496
            ],
            [
              0.09377799083912733,
              0.03442489393968372,
              -1.9512215099398165
            ]
          ],
          "bounds": {
            "min": [
              0.09371437907123888,
              0.03442489393968372,
              -1.9610979941874496
            ],
            "max": [
              0.09677986045710138,
              0.037416161596343034,
              -1.9510231018066406
            ]
          }
        },
        "coplanar": false,
        "epsilon": 1e-9,
        "maxSeparatingGap": -0.0000023939858222375655,
        "toleranceOnly": false,
        "testedAxes": 17
      }
    },
    {
      "names": [
        "Fuselage",
        "V_tail_L"
      ],
      "groups": [
        "固定机体",
        "固定机体"
      ],
      "unfold": 0,
      "state": {
        "label": "full wing conversion",
        "wing": 0,
        "fold": [
          0,
          0.25,
          0.75,
          1
        ],
        "phase": [
          0,
          0,
          0,
          0
        ]
      },
      "surface": true,
      "contained": 0,
      "witness": {
        "meshA": "Fuselage",
        "meshB": "V_tail_L",
        "triangleA": {
          "triangleIndex": 13609,
          "vertexIndices": [
            8108,
            8100,
            8109
          ],
          "vertices": [
            [
              -0.10934093594551086,
              0.15707927942276,
              -1.7760000228881836
            ],
            [
              -0.11476714164018631,
              0.15014313161373138,
              -1.7760000228881836
            ],
            [
              -0.1069900318980217,
              0.1463717520236969,
              -1.8883999586105347
            ]
          ],
          "bounds": {
            "min": [
              -0.11476714164018631,
              0.1463717520236969,
              -1.8883999586105347
            ],
            "max": [
              -0.1069900318980217,
              0.15707927942276,
              -1.7760000228881836
            ]
          }
        },
        "triangleB": {
          "triangleIndex": 142,
          "vertexIndices": [
            109,
            110,
            111
          ],
          "vertices": [
            [
              -0.30000001192092896,
              0.3054122030735016,
              -1.9110978841781616
            ],
            [
              -0.06499999761581421,
              0.11243274807929993,
              -1.8120882511138916
            ],
            [
              -0.30000001192092896,
              0.3145061433315277,
              -1.8804049491882324
            ]
          ],
          "bounds": {
            "min": [
              -0.30000001192092896,
              0.11243274807929993,
              -1.9110978841781616
            ],
            "max": [
              -0.06499999761581421,
              0.3145061433315277,
              -1.8120882511138916
            ]
          }
        },
        "coplanar": false,
        "epsilon": 1e-9,
        "maxSeparatingGap": -0.002889732310265727,
        "toleranceOnly": false,
        "testedAxes": 17
      }
    },
    {
      "names": [
        "Fuselage",
        "V_tail_blue_leading_L"
      ],
      "groups": [
        "固定机体",
        "固定机体"
      ],
      "unfold": 0,
      "state": {
        "label": "full wing conversion",
        "wing": 0,
        "fold": [
          0,
          0.25,
          0.75,
          1
        ],
        "phase": [
          0,
          0,
          0,
          0
        ]
      },
      "surface": true,
      "contained": 0,
      "witness": {
        "meshA": "Fuselage",
        "meshB": "V_tail_blue_leading_L",
        "triangleA": {
          "triangleIndex": 13667,
          "vertexIndices": [
            8135,
            8125,
            8124
          ],
          "vertices": [
            [
              -0.07847916334867477,
              0.1786930114030838,
              -1.7760000228881836
            ],
            [
              -0.08161358535289764,
              0.16908331215381622,
              -1.8883999586105347
            ],
            [
              -0.07317954301834106,
              0.17328765988349915,
              -1.8883999586105347
            ]
          ],
          "bounds": {
            "min": [
              -0.08161358535289764,
              0.16908331215381622,
              -1.8883999586105347
            ],
            "max": [
              -0.07317954301834106,
              0.1786930114030838,
              -1.7760000228881836
            ]
          }
        },
        "triangleB": {
          "triangleIndex": 8,
          "vertexIndices": [
            8,
            9,
            10
          ],
          "vertices": [
            [
              -0.299990381104038,
              0.34994099981234483,
              -1.923949263806884
            ],
            [
              -0.06499999761581421,
              0.16327408135185584,
              -1.825246530684669
            ],
            [
              -0.299990381104038,
              0.35197261696065807,
              -1.9374450062921071
            ]
          ],
          "bounds": {
            "min": [
              -0.299990381104038,
              0.16327408135185584,
              -1.9374450062921071
            ],
            "max": [
              -0.06499999761581421,
              0.35197261696065807,
              -1.825246530684669
            ]
          }
        },
        "coplanar": false,
        "epsilon": 1e-9,
        "maxSeparatingGap": -0.0011310972664221293,
        "toleranceOnly": false,
        "testedAxes": 17
      }
    },
    {
      "names": [
        "Fuselage",
        "Fixed_root_L"
      ],
      "groups": [
        "固定机体",
        "固定机体"
      ],
      "unfold": 0,
      "state": {
        "label": "full wing conversion",
        "wing": 0,
        "fold": [
          0,
          0.25,
          0.75,
          1
        ],
        "phase": [
          0,
          0,
          0,
          0
        ]
      },
      "surface": true,
      "contained": 0,
      "witness": {
        "meshA": "Fuselage",
        "meshB": "Fixed_root_L",
        "triangleA": {
          "triangleIndex": 9866,
          "vertexIndices": [
            5784,
            5783,
            5786
          ],
          "vertices": [
            [
              -0.6200000047683716,
              -0.1759069710969925,
              1.8151390552520752
            ],
            [
              -0.5600000023841858,
              -0.18199999630451202,
              1.8253333568572998
            ],
            [
              -0.5600000023841858,
              -0.1726149618625641,
              1.8224200010299683
            ]
          ],
          "bounds": {
            "min": [
              -0.6200000047683716,
              -0.18199999630451202,
              1.8151390552520752
            ],
            "max": [
              -0.5600000023841858,
              -0.1726149618625641,
              1.8253333568572998
            ]
          }
        },
        "triangleB": {
          "triangleIndex": 610,
          "vertexIndices": [
            507,
            508,
            509
          ],
          "vertices": [
            [
              -0.6200000047683716,
              -0.16731058061122894,
              1.8065922260284424
            ],
            [
              -0.6650000214576721,
              -0.1773383915424347,
              1.8114173412322998
            ],
            [
              -0.6200000047683716,
              -0.1759069710969925,
              1.8151390552520752
            ]
          ],
          "bounds": {
            "min": [
              -0.6650000214576721,
              -0.1773383915424347,
              1.8065922260284424
            ],
            "max": [
              -0.6200000047683716,
              -0.16731058061122894,
              1.8151390552520752
            ]
          }
        },
        "coplanar": false,
        "epsilon": 1e-9,
        "maxSeparatingGap": 0,
        "toleranceOnly": false,
        "testedAxes": 17
      }
    },
    {
      "names": [
        "Fuselage",
        "V_tail_R"
      ],
      "groups": [
        "固定机体",
        "固定机体"
      ],
      "unfold": 0,
      "state": {
        "label": "full wing conversion",
        "wing": 0,
        "fold": [
          0,
          0.25,
          0.75,
          1
        ],
        "phase": [
          0,
          0,
          0,
          0
        ]
      },
      "surface": true,
      "contained": 0,
      "witness": {
        "meshA": "Fuselage",
        "meshB": "V_tail_R",
        "triangleA": {
          "triangleIndex": 3691,
          "vertexIndices": [
            2330,
            2333,
            2329
          ],
          "vertices": [
            [
              0.10297887772321701,
              0.1634117066860199,
              -1.7760000228881836
            ],
            [
              0.09570195525884628,
              0.16913379728794098,
              -1.7760000228881836
            ],
            [
              0.09600771218538284,
              0.15888233482837677,
              -1.8883999586105347
            ]
          ],
          "bounds": {
            "min": [
              0.09570195525884628,
              0.15888233482837677,
              -1.8883999586105347
            ],
            "max": [
              0.10297887772321701,
              0.16913379728794098,
              -1.7760000228881836
            ]
          }
        },
        "triangleB": {
          "triangleIndex": 144,
          "vertexIndices": [
            112,
            111,
            113
          ],
          "vertices": [
            [
              0.06499999761581421,
              0.12290993332862854,
              -1.7806556224822998
            ],
            [
              0.30000001192092896,
              0.3145061433315277,
              -1.8804049491882324
            ],
            [
              0.06499999761581421,
              0.13500000536441803,
              -1.7699999809265137
            ]
          ],
          "bounds": {
            "min": [
              0.06499999761581421,
              0.12290993332862854,
              -1.8804049491882324
            ],
            "max": [
              0.30000001192092896,
              0.3145061433315277,
              -1.7699999809265137
            ]
          }
        },
        "coplanar": false,
        "epsilon": 1e-9,
        "maxSeparatingGap": -0.0004116739181533297,
        "toleranceOnly": false,
        "testedAxes": 17
      }
    },
    {
      "names": [
        "Fuselage",
        "V_tail_blue_leading_R"
      ],
      "groups": [
        "固定机体",
        "固定机体"
      ],
      "unfold": 0,
      "state": {
        "label": "full wing conversion",
        "wing": 0,
        "fold": [
          0,
          0.25,
          0.75,
          1
        ],
        "phase": [
          0,
          0,
          0,
          0
        ]
      },
      "surface": true,
      "contained": 0,
      "witness": {
        "meshA": "Fuselage",
        "meshB": "V_tail_blue_leading_R",
        "triangleA": {
          "triangleIndex": 3766,
          "vertexIndices": [
            2337,
            2374,
            2375
          ],
          "vertices": [
            [
              0.08161358535289764,
              0.16908331215381622,
              -1.8883999586105347
            ],
            [
              0.07847916334867477,
              0.1786930114030838,
              -1.7760000228881836
            ],
            [
              0.07317954301834106,
              0.17328765988349915,
              -1.8883999586105347
            ]
          ],
          "bounds": {
            "min": [
              0.07317954301834106,
              0.16908331215381622,
              -1.8883999586105347
            ],
            "max": [
              0.08161358535289764,
              0.1786930114030838,
              -1.7760000228881836
            ]
          }
        },
        "triangleB": {
          "triangleIndex": 8,
          "vertexIndices": [
            8,
            9,
            10
          ],
          "vertices": [
            [
              0.299990381104038,
              0.34994099981234483,
              -1.923949263806884
            ],
            [
              0.06499999761581421,
              0.16327408135185584,
              -1.825246530684669
            ],
            [
              0.299990381104038,
              0.35197261696065807,
              -1.9374450062921071
            ]
          ],
          "bounds": {
            "min": [
              0.06499999761581421,
              0.16327408135185584,
              -1.9374450062921071
            ],
            "max": [
              0.299990381104038,
              0.35197261696065807,
              -1.825246530684669
            ]
          }
        },
        "coplanar": false,
        "epsilon": 1e-9,
        "maxSeparatingGap": -0.0011310972664221354,
        "toleranceOnly": false,
        "testedAxes": 17
      }
    },
    {
      "names": [
        "Fuselage",
        "Fixed_root_R"
      ],
      "groups": [
        "固定机体",
        "固定机体"
      ],
      "unfold": 0,
      "state": {
        "label": "full wing conversion",
        "wing": 0,
        "fold": [
          0,
          0.25,
          0.75,
          1
        ],
        "phase": [
          0,
          0,
          0,
          0
        ]
      },
      "surface": true,
      "contained": 0,
      "witness": {
        "meshA": "Fuselage",
        "meshB": "Fixed_root_R",
        "triangleA": {
          "triangleIndex": 11932,
          "vertexIndices": [
            7088,
            7089,
            7090
          ],
          "vertices": [
            [
              0.6200000047683716,
              -0.21070285141468048,
              1.7924668788909912
            ],
            [
              0.6200000047683716,
              -0.1592971533536911,
              1.7924668788909912
            ],
            [
              0.6200000047683716,
              -0.20268942415714264,
              1.8065922260284424
            ]
          ],
          "bounds": {
            "min": [
              0.6200000047683716,
              -0.21070285141468048,
              1.7924668788909912
            ],
            "max": [
              0.6200000047683716,
              -0.1592971533536911,
              1.8065922260284424
            ]
          }
        },
        "triangleB": {
          "triangleIndex": 146,
          "vertexIndices": [
            135,
            129,
            136
          ],
          "vertices": [
            [
              0.6200000047683716,
              -0.20268942415714264,
              1.8065922260284424
            ],
            [
              0.6650000214576721,
              -0.1951616108417511,
              1.8114173412322998
            ],
            [
              0.6200000047683716,
              -0.1940930336713791,
              1.8151390552520752
            ]
          ],
          "bounds": {
            "min": [
              0.6200000047683716,
              -0.20268942415714264,
              1.8065922260284424
            ],
            "max": [
              0.6650000214576721,
              -0.1940930336713791,
              1.8151390552520752
            ]
          }
        },
        "coplanar": false,
        "epsilon": 1e-9,
        "maxSeparatingGap": 0,
        "toleranceOnly": false,
        "testedAxes": 17
      }
    },
    {
      "names": [
        "Fuselage",
        "CargoOpeningLip"
      ],
      "groups": [
        "固定机体",
        "固定机体"
      ],
      "unfold": 0,
      "state": {
        "label": "full wing conversion",
        "wing": 0,
        "fold": [
          0,
          0.25,
          0.75,
          1
        ],
        "phase": [
          0,
          0,
          0,
          0
        ]
      },
      "surface": true,
      "contained": 0,
      "witness": {
        "meshA": "Fuselage",
        "meshB": "CargoOpeningLip",
        "triangleA": {
          "triangleIndex": 7312,
          "vertexIndices": [
            4285,
            4287,
            4288
          ],
          "vertices": [
            [
              0.4594886600971222,
              0.5297267436981201,
              1.5364285707473755
            ],
            [
              0.45900505781173706,
              0.530637264251709,
              1.5464450120925903
            ],
            [
              0.432760626077652,
              0.5617588758468628,
              1.5364285707473755
            ]
          ],
          "bounds": {
            "min": [
              0.432760626077652,
              0.5297267436981201,
              1.5364285707473755
            ],
            "max": [
              0.4594886600971222,
              0.5617588758468628,
              1.5464450120925903
            ]
          }
        },
        "triangleB": {
          "triangleIndex": 45,
          "vertexIndices": [
            23,
            26,
            27
          ],
          "vertices": [
            [
              0.4604758322238922,
              0.5303605198860168,
              1.5444449186325073
            ],
            [
              0.4480037987232208,
              0.5220269560813904,
              1.5444449186325073
            ],
            [
              0.4337306618690491,
              0.5624984502792358,
              1.547203779220581
            ]
          ],
          "bounds": {
            "min": [
              0.4337306618690491,
              0.5220269560813904,
              1.5444449186325073
            ],
            "max": [
              0.4604758322238922,
              0.5624984502792358,
              1.547203779220581
            ]
          }
        },
        "coplanar": false,
        "epsilon": 1e-9,
        "maxSeparatingGap": -0.0009940062944882862,
        "toleranceOnly": false,
        "testedAxes": 17
      }
    },
    {
      "names": [
        "Fuselage",
        "CargoLatchFixed_R"
      ],
      "groups": [
        "固定机体",
        "固定机体"
      ],
      "unfold": 0,
      "state": {
        "label": "full wing conversion",
        "wing": 0,
        "fold": [
          0,
          0.25,
          0.75,
          1
        ],
        "phase": [
          0,
          0,
          0,
          0
        ]
      },
      "surface": true,
      "contained": 0,
      "witness": {
        "meshA": "Fuselage",
        "meshB": "CargoLatchFixed_R",
        "triangleA": {
          "triangleIndex": 455,
          "vertexIndices": [
            316,
            306,
            305
          ],
          "vertices": [
            [
              0.5146273970603943,
              0.031717512756586075,
              1.8762400150299072
            ],
            [
              0.5218856334686279,
              0.01635771244764328,
              1.7799999713897705
            ],
            [
              0.5345050096511841,
              0.06434845179319382,
              1.8220701217651367
            ]
          ],
          "bounds": {
            "min": [
              0.5146273970603943,
              0.01635771244764328,
              1.7799999713897705
            ],
            "max": [
              0.5345050096511841,
              0.06434845179319382,
              1.8762400150299072
            ]
          }
        },
        "triangleB": {
          "triangleIndex": 44,
          "vertexIndices": [
            16,
            30,
            17
          ],
          "vertices": [
            [
              0.546199220610486,
              0.04201311413327666,
              1.8184119626182018
            ],
            [
              0.5470036975939853,
              0.044855642858748934,
              1.8192150994712715
            ],
            [
              0.5288791794174124,
              0.050620419644821085,
              1.8169666833631652
            ]
          ],
          "bounds": {
            "min": [
              0.5288791794174124,
              0.04201311413327666,
              1.8169666833631652
            ],
            "max": [
              0.5470036975939853,
              0.050620419644821085,
              1.8192150994712715
            ]
          }
        },
        "coplanar": false,
        "epsilon": 1e-9,
        "maxSeparatingGap": -0.0009913732073772233,
        "toleranceOnly": false,
        "testedAxes": 17
      }
    },
    {
      "names": [
        "Fuselage",
        "CargoLatchFixed_L"
      ],
      "groups": [
        "固定机体",
        "固定机体"
      ],
      "unfold": 0,
      "state": {
        "label": "full wing conversion",
        "wing": 0,
        "fold": [
          0,
          0.25,
          0.75,
          1
        ],
        "phase": [
          0,
          0,
          0,
          0
        ]
      },
      "surface": true,
      "contained": 0,
      "witness": {
        "meshA": "Fuselage",
        "meshB": "CargoLatchFixed_L",
        "triangleA": {
          "triangleIndex": 84,
          "vertexIndices": [
            57,
            61,
            62
          ],
          "vertices": [
            [
              -0.5146273970603943,
              0.031717512756586075,
              1.8762400150299072
            ],
            [
              -0.534505307674408,
              0.06434781849384308,
              1.822066068649292
            ],
            [
              -0.5218856334686279,
              0.01635771244764328,
              1.7799999713897705
            ]
          ],
          "bounds": {
            "min": [
              -0.534505307674408,
              0.01635771244764328,
              1.7799999713897705
            ],
            "max": [
              -0.5146273970603943,
              0.06434781849384308,
              1.8762400150299072
            ]
          }
        },
        "triangleB": {
          "triangleIndex": 38,
          "vertexIndices": [
            27,
            20,
            19
          ],
          "vertices": [
            [
              -0.5536098212563295,
              0.06774170727550463,
              1.816119772269692
            ],
            [
              -0.5470036731520646,
              0.044855650295401894,
              1.8192150983824809
            ],
            [
              -0.5288791541315063,
              0.050620427349916314,
              1.8169666821696748
            ]
          ],
          "bounds": {
            "min": [
              -0.5536098212563295,
              0.044855650295401894,
              1.816119772269692
            ],
            "max": [
              -0.5288791541315063,
              0.06774170727550463,
              1.8192150983824809
            ]
          }
        },
        "coplanar": false,
        "epsilon": 1e-9,
        "maxSeparatingGap": -0.0009913914441372698,
        "toleranceOnly": false,
        "testedAxes": 17
      }
    },
    {
      "names": [
        "Fuselage",
        "Drive_FrontFoot_L"
      ],
      "groups": [
        "固定机体",
        "固定机体"
      ],
      "unfold": 0,
      "state": {
        "label": "full wing conversion",
        "wing": 0,
        "fold": [
          0,
          0.25,
          0.75,
          1
        ],
        "phase": [
          0,
          0,
          0,
          0
        ]
      },
      "surface": true,
      "contained": 0,
      "witness": {
        "meshA": "Fuselage",
        "meshB": "Drive_FrontFoot_L",
        "triangleA": {
          "triangleIndex": 12547,
          "vertexIndices": [
            7504,
            7510,
            7511
          ],
          "vertices": [
            [
              -0.0626574233174324,
              -0.05470898374915123,
              -0.8771200180053711
            ],
            [
              -0.08702688664197922,
              -0.05205291882157326,
              -0.8771200180053711
            ],
            [
              -0.06750386208295822,
              -0.06271282583475113,
              -0.7641599774360657
            ]
          ],
          "bounds": {
            "min": [
              -0.08702688664197922,
              -0.06271282583475113,
              -0.8771200180053711
            ],
            "max": [
              -0.0626574233174324,
              -0.05205291882157326,
              -0.7641599774360657
            ]
          }
        },
        "triangleB": {
          "triangleIndex": 21,
          "vertexIndices": [
            40,
            42,
            43
          ],
          "vertices": [
            [
              -0.07006217539310455,
              -0.05779661610722542,
              -0.8335000276565552
            ],
            [
              -0.07076147943735123,
              0.050999999046325684,
              -0.8318117260932922
            ],
            [
              -0.07006217539310455,
              0.050999999046325684,
              -0.8335000276565552
            ]
          ],
          "bounds": {
            "min": [
              -0.07076147943735123,
              -0.05779661610722542,
              -0.8335000276565552
            ],
            "max": [
              -0.07006217539310455,
              0.050999999046325684,
              -0.8318117260932922
            ]
          }
        },
        "coplanar": false,
        "epsilon": 1e-9,
        "maxSeparatingGap": -0.0005947892983889694,
        "toleranceOnly": false,
        "testedAxes": 17
      }
    },
    {
      "names": [
        "Fuselage",
        "Drive_FrontFoot_R"
      ],
      "groups": [
        "固定机体",
        "固定机体"
      ],
      "unfold": 0,
      "state": {
        "label": "full wing conversion",
        "wing": 0,
        "fold": [
          0,
          0.25,
          0.75,
          1
        ],
        "phase": [
          0,
          0,
          0,
          0
        ]
      },
      "surface": true,
      "contained": 0,
      "witness": {
        "meshA": "Fuselage",
        "meshB": "Drive_FrontFoot_R",
        "triangleA": {
          "triangleIndex": 12132,
          "vertexIndices": [
            7205,
            7195,
            7186
          ],
          "vertices": [
            [
              0.0626574233174324,
              -0.05470898374915123,
              -0.8771200180053711
            ],
            [
              0.06750386208295822,
              -0.06271282583475113,
              -0.7641599774360657
            ],
            [
              0.09376706182956696,
              -0.05983145907521248,
              -0.7641599774360657
            ]
          ],
          "bounds": {
            "min": [
              0.0626574233174324,
              -0.06271282583475113,
              -0.8771200180053711
            ],
            "max": [
              0.09376706182956696,
              -0.05470898374915123,
              -0.7641599774360657
            ]
          }
        },
        "triangleB": {
          "triangleIndex": 5,
          "vertexIndices": [
            8,
            10,
            11
          ],
          "vertices": [
            [
              0.07006217539310455,
              -0.05779263749718666,
              -0.8335000276565552
            ],
            [
              0.06894974410533905,
              0.050999999046325684,
              -0.8349497318267822
            ],
            [
              0.07006217539310455,
              0.050999999046325684,
              -0.8335000276565552
            ]
          ],
          "bounds": {
            "min": [
              0.06894974410533905,
              -0.05779263749718666,
              -0.8349497318267822
            ],
            "max": [
              0.07006217539310455,
              0.050999999046325684,
              -0.8335000276565552
            ]
          }
        },
        "coplanar": false,
        "epsilon": 1e-9,
        "maxSeparatingGap": -0.0005947453899166045,
        "toleranceOnly": false,
        "testedAxes": 17
      }
    },
    {
      "names": [
        "Fuselage",
        "Drive_RearFoot_L"
      ],
      "groups": [
        "固定机体",
        "固定机体"
      ],
      "unfold": 0,
      "state": {
        "label": "full wing conversion",
        "wing": 0,
        "fold": [
          0,
          0.25,
          0.75,
          1
        ],
        "phase": [
          0,
          0,
          0,
          0
        ]
      },
      "surface": true,
      "contained": 0,
      "witness": {
        "meshA": "Fuselage",
        "meshB": "Drive_RearFoot_L",
        "triangleA": {
          "triangleIndex": 12472,
          "vertexIndices": [
            7470,
            7454,
            7453
          ],
          "vertices": [
            [
              -0.06393104046583176,
              0.024362264201045036,
              -1.8883999586105347
            ],
            [
              -0.0538550429046154,
              0.022082898765802383,
              -1.8883999586105347
            ],
            [
              -0.05937984213232994,
              0.02798314392566681,
              -1.9972000122070312
            ]
          ],
          "bounds": {
            "min": [
              -0.06393104046583176,
              0.022082898765802383,
              -1.9972000122070312
            ],
            "max": [
              -0.0538550429046154,
              0.02798314392566681,
              -1.8883999586105347
            ]
          }
        },
        "triangleB": {
          "triangleIndex": 6,
          "vertexIndices": [
            12,
            13,
            14
          ],
          "vertices": [
            [
              -0.05905025079846382,
              0.02687045745551586,
              -1.9869498014450073
            ],
            [
              -0.060499999672174454,
              0.027304822579026222,
              -1.9880621433258057
            ],
            [
              -0.060499999672174454,
              0.050999999046325684,
              -1.9880621433258057
            ]
          ],
          "bounds": {
            "min": [
              -0.060499999672174454,
              0.02687045745551586,
              -1.9880621433258057
            ],
            "max": [
              -0.05905025079846382,
              0.050999999046325684,
              -1.9869498014450073
            ]
          }
        },
        "coplanar": false,
        "epsilon": 1e-9,
        "maxSeparatingGap": -0.000584707458795828,
        "toleranceOnly": false,
        "testedAxes": 17
      }
    },
    {
      "names": [
        "Fuselage",
        "Drive_RearFoot_R"
      ],
      "groups": [
        "固定机体",
        "固定机体"
      ],
      "unfold": 0,
      "state": {
        "label": "full wing conversion",
        "wing": 0,
        "fold": [
          0,
          0.25,
          0.75,
          1
        ],
        "phase": [
          0,
          0,
          0,
          0
        ]
      },
      "surface": true,
      "contained": 0,
      "witness": {
        "meshA": "Fuselage",
        "meshB": "Drive_RearFoot_R",
        "triangleA": {
          "triangleIndex": 12339,
          "vertexIndices": [
            7395,
            7384,
            7396
          ],
          "vertices": [
            [
              0.06796342134475708,
              0.030609577894210815,
              -1.9972000122070312
            ],
            [
              0.08161358535289764,
              0.03048453852534294,
              -1.8883999586105347
            ],
            [
              0.07579024881124496,
              0.033731915056705475,
              -1.9972000122070312
            ]
          ],
          "bounds": {
            "min": [
              0.06796342134475708,
              0.03048453852534294,
              -1.9972000122070312
            ],
            "max": [
              0.08161358535289764,
              0.033731915056705475,
              -1.8883999586105347
            ]
          }
        },
        "triangleB": {
          "triangleIndex": 1,
          "vertexIndices": [
            0,
            2,
            3
          ],
          "vertices": [
            [
              0.07100000232458115,
              0.030442731454968452,
              -1.9819999933242798
            ],
            [
              0.07076147943735123,
              0.050999999046325684,
              -1.9838117361068726
            ],
            [
              0.07100000232458115,
              0.050999999046325684,
              -1.9819999933242798
            ]
          ],
          "bounds": {
            "min": [
              0.07076147943735123,
              0.030442731454968452,
              -1.9838117361068726
            ],
            "max": [
              0.07100000232458115,
              0.050999999046325684,
              -1.9819999933242798
            ]
          }
        },
        "coplanar": false,
        "epsilon": 1e-9,
        "maxSeparatingGap": -0.0005566579901153208,
        "toleranceOnly": false,
        "testedAxes": 17
      }
    },
    {
      "names": [
        "Fuselage",
        "Drive_MotorFoot_L"
      ],
      "groups": [
        "固定机体",
        "固定机体"
      ],
      "unfold": 0,
      "state": {
        "label": "full wing conversion",
        "wing": 0,
        "fold": [
          0,
          0.25,
          0.75,
          1
        ],
        "phase": [
          0,
          0,
          0,
          0
        ]
      },
      "surface": true,
      "contained": 0,
      "witness": {
        "meshA": "Fuselage",
        "meshB": "Drive_MotorFoot_L",
        "triangleA": {
          "triangleIndex": 12601,
          "vertexIndices": [
            7513,
            7541,
            7542
          ],
          "vertices": [
            [
              -0.04393111541867256,
              -0.08049597591161728,
              -0.536080002784729
            ],
            [
              -0.04683590680360794,
              -0.08927707374095917,
              -0.41999998688697815
            ],
            [
              -2.8340367162413282e-14,
              -0.09000000357627869,
              -0.41999998688697815
            ]
          ],
          "bounds": {
            "min": [
              -0.04683590680360794,
              -0.09000000357627869,
              -0.536080002784729
            ],
            "max": [
              -2.8340367162413282e-14,
              -0.08049597591161728,
              -0.41999998688697815
            ]
          }
        },
        "triangleB": {
          "triangleIndex": 15,
          "vertexIndices": [
            28,
            30,
            31
          ],
          "vertices": [
            [
              -0.03981173411011696,
              -0.08719039708375931,
              -0.4567614793777466
            ],
            [
              -0.04149999842047691,
              0.03400000184774399,
              -0.4560621678829193
            ],
            [
              -0.03981173411011696,
              0.03400000184774399,
              -0.4567614793777466
            ]
          ],
          "bounds": {
            "min": [
              -0.04149999842047691,
              -0.08719039708375931,
              -0.4567614793777466
            ],
            "max": [
              -0.03981173411011696,
              0.03400000184774399,
              -0.4560621678829193
            ]
          }
        },
        "coplanar": false,
        "epsilon": 1e-9,
        "maxSeparatingGap": -0.0005981986220349265,
        "toleranceOnly": false,
        "testedAxes": 17
      }
    },
    {
      "names": [
        "Fuselage",
        "Drive_MotorFoot_R"
      ],
      "groups": [
        "固定机体",
        "固定机体"
      ],
      "unfold": 0,
      "state": {
        "label": "full wing conversion",
        "wing": 0,
        "fold": [
          0,
          0.25,
          0.75,
          1
        ],
        "phase": [
          0,
          0,
          0,
          0
        ]
      },
      "surface": true,
      "contained": 0,
      "witness": {
        "meshA": "Fuselage",
        "meshB": "Drive_MotorFoot_R",
        "triangleA": {
          "triangleIndex": 12123,
          "vertexIndices": [
            7199,
            7198,
            7200
          ],
          "vertices": [
            [
              0.04683590680360794,
              -0.08927707374095917,
              -0.41999998688697815
            ],
            [
              0.04393111541867256,
              -0.08049597591161728,
              -0.536080002784729
            ],
            [
              -2.660440871239938e-14,
              -0.08116800338029861,
              -0.536080002784729
            ]
          ],
          "bounds": {
            "min": [
              -2.660440871239938e-14,
              -0.08927707374095917,
              -0.536080002784729
            ],
            "max": [
              0.04683590680360794,
              -0.08049597591161728,
              -0.41999998688697815
            ]
          }
        },
        "triangleB": {
          "triangleIndex": 11,
          "vertexIndices": [
            20,
            22,
            23
          ],
          "vertices": [
            [
              0.03981173411011696,
              -0.08718957751989365,
              -0.4567614793777466
            ],
            [
              0.03799999877810478,
              0.03400000184774399,
              -0.4569999873638153
            ],
            [
              0.03981173411011696,
              0.03400000184774399,
              -0.4567614793777466
            ]
          ],
          "bounds": {
            "min": [
              0.03799999877810478,
              -0.08718957751989365,
              -0.4569999873638153
            ],
            "max": [
              0.03981173411011696,
              0.03400000184774399,
              -0.4567614793777466
            ]
          }
        },
        "coplanar": false,
        "epsilon": 1e-9,
        "maxSeparatingGap": -0.0005982232550433425,
        "toleranceOnly": false,
        "testedAxes": 17
      }
    },
    {
      "names": [
        "Fuselage",
        "CargoHingeFixedSeat"
      ],
      "groups": [
        "固定机体",
        "固定机体"
      ],
      "unfold": 0,
      "state": {
        "label": "full wing conversion",
        "wing": 0,
        "fold": [
          0,
          0.25,
          0.75,
          1
        ],
        "phase": [
          0,
          0,
          0,
          0
        ]
      },
      "surface": true,
      "contained": 0,
      "witness": {
        "meshA": "Fuselage",
        "meshB": "CargoHingeFixedSeat",
        "triangleA": {
          "triangleIndex": 1771,
          "vertexIndices": [
            1206,
            1203,
            1207
          ],
          "vertices": [
            [
              0.06661887466907501,
              -0.16532109677791595,
              2.0417308807373047
            ],
            [
              -7.278200903017198e-15,
              -0.1802159994840622,
              1.9727200269699097
            ],
            [
              0.06986403465270996,
              -0.17860376834869385,
              1.9727200269699097
            ]
          ],
          "bounds": {
            "min": [
              -7.278200903017198e-15,
              -0.1802159994840622,
              1.9727200269699097
            ],
            "max": [
              0.06986403465270996,
              -0.16532109677791595,
              2.0417308807373047
            ]
          }
        },
        "triangleB": {
          "triangleIndex": 341,
          "vertexIndices": [
            335,
            343,
            344
          ],
          "vertices": [
            [
              0.05220000073313713,
              -0.17135600745677948,
              2.0360000133514404
            ],
            [
              0.05220000073313713,
              -0.1718922108411789,
              2.0250000953674316
            ],
            [
              0.05220000073313713,
              -0.16829220950603485,
              2.0250000953674316
            ]
          ],
          "bounds": {
            "min": [
              0.05220000073313713,
              -0.1718922108411789,
              2.0250000953674316
            ],
            "max": [
              0.05220000073313713,
              -0.16829220950603485,
              2.0360000133514404
            ]
          }
        },
        "coplanar": false,
        "epsilon": 1e-9,
        "maxSeparatingGap": -0.000588909921679202,
        "toleranceOnly": false,
        "testedAxes": 17
      }
    },
    {
      "names": [
        "Tail_boom_join",
        "Ventral_tail_tab"
      ],
      "groups": [
        "固定机体",
        "固定机体"
      ],
      "unfold": 0,
      "state": {
        "label": "full wing conversion",
        "wing": 0,
        "fold": [
          0,
          0.25,
          0.75,
          1
        ],
        "phase": [
          0,
          0,
          0,
          0
        ]
      },
      "surface": true,
      "contained": 0,
      "witness": {
        "meshA": "Tail_boom_join",
        "meshB": "Ventral_tail_tab",
        "triangleA": {
          "triangleIndex": 289,
          "vertexIndices": [
            212,
            211,
            213
          ],
          "vertices": [
            [
              0.020617413639323765,
              0.014514029327509767,
              -2.079999056738333
            ],
            [
              0,
              0.014037650079302494,
              -2.079999056738333
            ],
            [
              0.020463290941374352,
              0.017508913571754048,
              -2.083000946559757
            ]
          ],
          "bounds": {
            "min": [
              0,
              0.014037650079302494,
              -2.083000946559757
            ],
            "max": [
              0.020617413639323765,
              0.017508913571754048,
              -2.079999056738333
            ]
          }
        },
        "triangleB": {
          "triangleIndex": 5,
          "vertexIndices": [
            8,
            10,
            11
          ],
          "vertices": [
            [
              0.015997954129728882,
              0.025001591314812166,
              -1.9600000381469727
            ],
            [
              0.01299859523031023,
              -0.23000159511460827,
              -2.210001546411703
            ],
            [
              0.015997954129728882,
              0.025001591314812166,
              -2.2300000190734863
            ]
          ],
          "bounds": {
            "min": [
              0.01299859523031023,
              -0.23000159511460827,
              -2.2300000190734863
            ],
            "max": [
              0.015997954129728882,
              0.025001591314812166,
              -1.9600000381469727
            ]
          }
        },
        "coplanar": false,
        "epsilon": 1e-9,
        "maxSeparatingGap": -0.0047424866434220055,
        "toleranceOnly": false,
        "testedAxes": 17
      }
    },
    {
      "names": [
        "Tail_boom_join",
        "V_tail_L"
      ],
      "groups": [
        "固定机体",
        "固定机体"
      ],
      "unfold": 0,
      "state": {
        "label": "full wing conversion",
        "wing": 0,
        "fold": [
          0,
          0.25,
          0.75,
          1
        ],
        "phase": [
          0,
          0,
          0,
          0
        ]
      },
      "surface": true,
      "contained": 0,
      "witness": {
        "meshA": "Tail_boom_join",
        "meshB": "V_tail_L",
        "triangleA": {
          "triangleIndex": 133,
          "vertexIndices": [
            70,
            65,
            71
          ],
          "vertices": [
            [
              -0.07242715967045489,
              0.16582048525075635,
              -2.079999056738333
            ],
            [
              -0.061586028985149574,
              0.1709135398602665,
              -2.079999056738333
            ],
            [
              -0.07387381135802552,
              0.16844757669307586,
              -2.077000669705499
            ]
          ],
          "bounds": {
            "min": [
              -0.07387381135802552,
              0.16582048525075635,
              -2.079999056738333
            ],
            "max": [
              -0.061586028985149574,
              0.1709135398602665,
              -2.077000669705499
            ]
          }
        },
        "triangleB": {
          "triangleIndex": 231,
          "vertexIndices": [
            170,
            169,
            171
          ],
          "vertices": [
            [
              -0.06499999761581421,
              0.09776928275823593,
              -2.100428581237793
            ],
            [
              -0.06499999761581421,
              0.17223072052001953,
              -2.100428581237793
            ],
            [
              -0.06499999761581421,
              0.17321433126926422,
              -2.010599374771118
            ]
          ],
          "bounds": {
            "min": [
              -0.06499999761581421,
              0.09776928275823593,
              -2.100428581237793
            ],
            "max": [
              -0.06499999761581421,
              0.17321433126926422,
              -2.010599374771118
            ]
          }
        },
        "coplanar": false,
        "epsilon": 1e-9,
        "maxSeparatingGap": -0.0028461435758112353,
        "toleranceOnly": false,
        "testedAxes": 17
      }
    },
    {
      "names": [
        "Tail_boom_join",
        "V_tail_R"
      ],
      "groups": [
        "固定机体",
        "固定机体"
      ],
      "unfold": 0,
      "state": {
        "label": "full wing conversion",
        "wing": 0,
        "fold": [
          0,
          0.25,
          0.75,
          1
        ],
        "phase": [
          0,
          0,
          0,
          0
        ]
      },
      "surface": true,
      "contained": 0,
      "witness": {
        "meshA": "Tail_boom_join",
        "meshB": "V_tail_R",
        "triangleA": {
          "triangleIndex": 20,
          "vertexIndices": [
            14,
            10,
            9
          ],
          "vertices": [
            [
              0.10462829517611295,
              0.13701705467716488,
              -2.077000669705499
            ],
            [
              0.10570715406175885,
              0.12580813118993484,
              -2.079999056738333
            ],
            [
              0.10858994907113081,
              0.12663829208570782,
              -2.077000669705499
            ]
          ],
          "bounds": {
            "min": [
              0.10462829517611295,
              0.12580813118993484,
              -2.079999056738333
            ],
            "max": [
              0.10858994907113081,
              0.13701705467716488,
              -2.077000669705499
            ]
          }
        },
        "triangleB": {
          "triangleIndex": 135,
          "vertexIndices": [
            102,
            103,
            104
          ],
          "vertices": [
            [
              0.06499999761581421,
              0.09776928275823593,
              -2.100428581237793
            ],
            [
              0.30000001192092896,
              0.29183095693588257,
              -2.104938268661499
            ],
            [
              0.06499999761581421,
              0.09678566455841064,
              -2.010599374771118
            ]
          ],
          "bounds": {
            "min": [
              0.06499999761581421,
              0.09678566455841064,
              -2.104938268661499
            ],
            "max": [
              0.30000001192092896,
              0.29183095693588257,
              -2.010599374771118
            ]
          }
        },
        "coplanar": false,
        "epsilon": 1e-9,
        "maxSeparatingGap": -0.005234246541758507,
        "toleranceOnly": false,
        "testedAxes": 17
      }
    },
    {
      "names": [
        "BraceBall_L_Body",
        "BraceBallPin_L_Body"
      ],
      "groups": [
        "BraceSpreader",
        "BraceSpreader"
      ],
      "unfold": 0,
      "state": {
        "label": "full wing conversion",
        "wing": 0,
        "fold": [
          0,
          0.25,
          0.75,
          1
        ],
        "phase": [
          0,
          0,
          0,
          0
        ]
      },
      "surface": true,
      "contained": 0,
      "witness": {
        "meshA": "BraceBall_L_Body",
        "meshB": "BraceBallPin_L_Body",
        "triangleA": {
          "triangleIndex": 78,
          "vertexIndices": [
            25,
            48,
            26
          ],
          "vertices": [
            [
              -0.1482409705443022,
              -0.007271950538820295,
              -1.009664370870473
            ],
            [
              -0.1433700335305593,
              -0.013111911223730701,
              -1.0145353078842159
            ],
            [
              -0.14727194687313466,
              -0.007271950538820295,
              -1.0145353078842159
            ]
          ],
          "bounds": {
            "min": [
              -0.1482409705443022,
              -0.013111911223730701,
              -1.0145353078842159
            ],
            "max": [
              -0.1433700335305593,
              -0.007271950538820295,
              -1.009664370870473
            ]
          }
        },
        "triangleB": {
          "triangleIndex": 61,
          "vertexIndices": [
            42,
            43,
            10
          ],
          "vertices": [
            [
              -0.13693534064374419,
              0.004983667413431083,
              -1.008164537703983
            ],
            [
              -0.13529271120979017,
              0.0033343340016072694,
              -1.008069451371475
            ],
            [
              -0.16895557028171532,
              -0.031088983246183158,
              -1.023633455502075
            ]
          ],
          "bounds": {
            "min": [
              -0.16895557028171532,
              -0.031088983246183158,
              -1.023633455502075
            ],
            "max": [
              -0.13529271120979017,
              0.004983667413431083,
              -1.008069451371475
            ]
          }
        },
        "coplanar": false,
        "epsilon": 1e-9,
        "maxSeparatingGap": -0.001193315283968481,
        "toleranceOnly": false,
        "testedAxes": 17
      }
    },
    {
      "names": [
        "BraceBall_R_Body",
        "BraceBallPin_R_Body"
      ],
      "groups": [
        "BraceSpreader",
        "BraceSpreader"
      ],
      "unfold": 0,
      "state": {
        "label": "full wing conversion",
        "wing": 0,
        "fold": [
          0,
          0.25,
          0.75,
          1
        ],
        "phase": [
          0,
          0,
          0,
          0
        ]
      },
      "surface": true,
      "contained": 0,
      "witness": {
        "meshA": "BraceBall_R_Body",
        "meshB": "BraceBallPin_R_Body",
        "triangleA": {
          "triangleIndex": 18,
          "vertexIndices": [
            13,
            14,
            15
          ],
          "vertices": [
            [
              0.15363597245309066,
              -0.0033700371962449363,
              -1.011899058112145
            ],
            [
              0.15099972268101983,
              -0.007271950538820295,
              -1.0055355829382195
            ],
            [
              0.1551290599464202,
              -0.0033700371962449363,
              -1.009664370870473
            ]
          ],
          "bounds": {
            "min": [
              0.15099972268101983,
              -0.007271950538820295,
              -1.011899058112145
            ],
            "max": [
              0.1551290599464202,
              -0.0033700371962449363,
              -1.0055355829382195
            ]
          }
        },
        "triangleB": {
          "triangleIndex": 55,
          "vertexIndices": [
            8,
            39,
            41
          ],
          "vertices": [
            [
              0.17386888885474475,
              -0.029439650466284953,
              -1.016654477361782
            ],
            [
              0.1402060297828196,
              0.004983666781505474,
              -1.001090473231182
            ],
            [
              0.13906955464446674,
              0.003334333271888241,
              -0.9999006426512035
            ]
          ],
          "bounds": {
            "min": [
              0.13906955464446674,
              -0.029439650466284953,
              -1.016654477361782
            ],
            "max": [
              0.17386888885474475,
              0.004983666781505474,
              -0.9999006426512035
            ]
          }
        },
        "coplanar": false,
        "epsilon": 1e-9,
        "maxSeparatingGap": -0.00020673272452252167,
        "toleranceOnly": false,
        "testedAxes": 17
      }
    },
    {
      "names": [
        "BraceBallPin_L_Body",
        "BraceBodyCarriage_L"
      ],
      "groups": [
        "BraceSpreader",
        "BraceSpreader"
      ],
      "unfold": 0,
      "state": {
        "label": "full wing conversion",
        "wing": 0,
        "fold": [
          0,
          0.25,
          0.75,
          1
        ],
        "phase": [
          0,
          0,
          0,
          0
        ]
      },
      "surface": true,
      "contained": 0,
      "witness": {
        "meshA": "BraceBallPin_L_Body",
        "meshB": "BraceBodyCarriage_L",
        "triangleA": {
          "triangleIndex": 61,
          "vertexIndices": [
            42,
            43,
            10
          ],
          "vertices": [
            [
              -0.13693534064374419,
              0.004983667413431083,
              -1.008164537703983
            ],
            [
              -0.13529271120979017,
              0.0033343340016072694,
              -1.008069451371475
            ],
            [
              -0.16895557028171532,
              -0.031088983246183158,
              -1.023633455502075
            ]
          ],
          "bounds": {
            "min": [
              -0.16895557028171532,
              -0.031088983246183158,
              -1.023633455502075
            ],
            "max": [
              -0.13529271120979017,
              0.004983667413431083,
              -1.008069451371475
            ]
          }
        },
        "triangleB": {
          "triangleIndex": 269,
          "vertexIndices": [
            312,
            317,
            321
          ],
          "vertices": [
            [
              -0.14534038757065265,
              0.002696061589390248,
              -1.0036964642438861
            ],
            [
              -0.1386829822517398,
              -0.00020395306650296957,
              -1.011111044705631
            ],
            [
              -0.13610232763326383,
              -0.0012652341426000226,
              -1.001115636084003
            ]
          ],
          "bounds": {
            "min": [
              -0.14534038757065265,
              -0.0012652341426000226,
              -1.011111044705631
            ],
            "max": [
              -0.13610232763326383,
              0.002696061589390248,
              -1.001115636084003
            ]
          }
        },
        "coplanar": false,
        "epsilon": 1e-9,
        "maxSeparatingGap": -0.0008694099264769115,
        "toleranceOnly": false,
        "testedAxes": 17
      }
    },
    {
      "names": [
        "BraceBallPin_R_Body",
        "BraceBodyCarriage_R"
      ],
      "groups": [
        "BraceSpreader",
        "BraceSpreader"
      ],
      "unfold": 0,
      "state": {
        "label": "full wing conversion",
        "wing": 0,
        "fold": [
          0,
          0.25,
          0.75,
          1
        ],
        "phase": [
          0,
          0,
          0,
          0
        ]
      },
      "surface": true,
      "contained": 0,
      "witness": {
        "meshA": "BraceBallPin_R_Body",
        "meshB": "BraceBodyCarriage_R",
        "triangleA": {
          "triangleIndex": 55,
          "vertexIndices": [
            8,
            39,
            41
          ],
          "vertices": [
            [
              0.17386888885474475,
              -0.029439650466284953,
              -1.016654477361782
            ],
            [
              0.1402060297828196,
              0.004983666781505474,
              -1.001090473231182
            ],
            [
              0.13906955464446674,
              0.003334333271888241,
              -0.9999006426512035
            ]
          ],
          "bounds": {
            "min": [
              0.13906955464446674,
              -0.029439650466284953,
              -1.016654477361782
            ],
            "max": [
              0.17386888885474475,
              0.004983666781505474,
              -0.9999006426512035
            ]
          }
        },
        "triangleB": {
          "triangleIndex": 265,
          "vertexIndices": [
            312,
            315,
            317
          ],
          "vertices": [
            [
              0.14537561402494126,
              0.002696062009141343,
              -1.0067982156864284
            ],
            [
              0.14388524830984037,
              0.0020831492495592373,
              -1.0010272453373081
            ],
            [
              0.13855153343678453,
              -0.0002039546328196848,
              -0.9995367446620532
            ]
          ],
          "bounds": {
            "min": [
              0.13855153343678453,
              -0.0002039546328196848,
              -1.0067982156864284
            ],
            "max": [
              0.14537561402494126,
              0.002696062009141343,
              -0.9995367446620532
            ]
          }
        },
        "coplanar": false,
        "epsilon": 1e-9,
        "maxSeparatingGap": -0.0014791623723273122,
        "toleranceOnly": false,
        "testedAxes": 17
      }
    },
    {
      "names": [
        "BraceBodyCarriage_L",
        "Drive_Crossbeam"
      ],
      "groups": [
        "BraceSpreader",
        "BraceSpreader"
      ],
      "unfold": 0,
      "state": {
        "label": "full wing conversion",
        "wing": 0,
        "fold": [
          0,
          0.25,
          0.75,
          1
        ],
        "phase": [
          0,
          0,
          0,
          0
        ]
      },
      "surface": true,
      "contained": 0,
      "witness": {
        "meshA": "BraceBodyCarriage_L",
        "meshB": "Drive_Crossbeam",
        "triangleA": {
          "triangleIndex": 110,
          "vertexIndices": [
            77,
            71,
            72
          ],
          "vertices": [
            [
              -0.12031562186353237,
              0.046081461240926005,
              -0.9985310004773531
            ],
            [
              -0.11865412345337346,
              0.04536547976789385,
              -0.9987890330180668
            ],
            [
              -0.11844821317045913,
              0.046045561771693735,
              -0.9990761997193643
            ]
          ],
          "bounds": {
            "min": [
              -0.12031562186353237,
              0.04536547976789385,
              -0.9990761997193643
            ],
            "max": [
              -0.11844821317045913,
              0.046081461240926005,
              -0.9985310004773531
            ]
          }
        },
        "triangleB": {
          "triangleIndex": 115,
          "vertexIndices": [
            77,
            81,
            75
          ],
          "vertices": [
            [
              0.11939999461174011,
              0.04700000211596489,
              -0.9985353639349337
            ],
            [
              -0.11939999461174011,
              0.04700000211596489,
              -0.9985353639349337
            ],
            [
              -0.11939999461174011,
              0.045188268763013184,
              -0.9987738830968733
            ]
          ],
          "bounds": {
            "min": [
              -0.11939999461174011,
              0.045188268763013184,
              -0.9987738830968733
            ],
            "max": [
              0.11939999461174011,
              0.04700000211596489,
              -0.9985353639349337
            ]
          }
        },
        "coplanar": false,
        "epsilon": 1e-9,
        "maxSeparatingGap": -0.00003457492362119398,
        "toleranceOnly": false,
        "testedAxes": 17
      }
    },
    {
      "names": [
        "BraceBodyCarriage_R",
        "Drive_Crossbeam"
      ],
      "groups": [
        "BraceSpreader",
        "BraceSpreader"
      ],
      "unfold": 0,
      "state": {
        "label": "full wing conversion",
        "wing": 0,
        "fold": [
          0,
          0.25,
          0.75,
          1
        ],
        "phase": [
          0,
          0,
          0,
          0
        ]
      },
      "surface": true,
      "contained": 0,
      "witness": {
        "meshA": "BraceBodyCarriage_R",
        "meshB": "Drive_Crossbeam",
        "triangleA": {
          "triangleIndex": 164,
          "vertexIndices": [
            117,
            113,
            118
          ],
          "vertices": [
            [
              0.12269296115460965,
              0.048183925214579246,
              -1.0003159111983335
            ],
            [
              0.11993195745283405,
              0.04700000182217542,
              -0.9995446404348318
            ],
            [
              0.12135891027679412,
              0.04761291382614271,
              -0.9997319938533279
            ]
          ],
          "bounds": {
            "min": [
              0.11993195745283405,
              0.04700000182217542,
              -1.0003159111983335
            ],
            "max": [
              0.12269296115460965,
              0.048183925214579246,
              -0.9995446404348318
            ]
          }
        },
        "triangleB": {
          "triangleIndex": 151,
          "vertexIndices": [
            96,
            101,
            105
          ],
          "vertices": [
            [
              0.11999999731779099,
              0.05253808060660958,
              -1.0087327761575575
            ],
            [
              0.11999999731779099,
              0.04700000211596489,
              -0.9991405415348704
            ],
            [
              0.11999999731779099,
              0.041461923625320196,
              -1.0087327761575575
            ]
          ],
          "bounds": {
            "min": [
              0.11999999731779099,
              0.041461923625320196,
              -1.0087327761575575
            ],
            "max": [
              0.11999999731779099,
              0.05253808060660958,
              -0.9991405415348704
            ]
          }
        },
        "coplanar": false,
        "epsilon": 1e-9,
        "maxSeparatingGap": -0.00006803986495693137,
        "toleranceOnly": false,
        "testedAxes": 17
      }
    },
    {
      "names": [
        "Drive_Crossbeam",
        "Drive_GuideBridge_L"
      ],
      "groups": [
        "BraceSpreader",
        "BraceSpreader"
      ],
      "unfold": 0,
      "state": {
        "label": "full wing conversion",
        "wing": 0,
        "fold": [
          0,
          0.25,
          0.75,
          1
        ],
        "phase": [
          0,
          0,
          0,
          0
        ]
      },
      "surface": true,
      "contained": 0,
      "witness": {
        "meshA": "Drive_Crossbeam",
        "meshB": "Drive_GuideBridge_L",
        "triangleA": {
          "triangleIndex": 126,
          "vertexIndices": [
            85,
            87,
            89
          ],
          "vertices": [
            [
              0.11939999461174011,
              0.05050000222399831,
              -0.9994731862097974
            ],
            [
              0.11939999461174011,
              0.05194974970072508,
              -1.0005856165662403
            ],
            [
              -0.11939999461174011,
              0.05050000222399831,
              -0.9994731862097974
            ]
          ],
          "bounds": {
            "min": [
              -0.11939999461174011,
              0.05050000222399831,
              -1.0005856165662403
            ],
            "max": [
              0.11939999461174011,
              0.05194974970072508,
              -0.9994731862097974
            ]
          }
        },
        "triangleB": {
          "triangleIndex": 2,
          "vertexIndices": [
            4,
            5,
            6
          ],
          "vertices": [
            [
              -0.004999998956918716,
              0.04400000348687172,
              -1.020535364747047
            ],
            [
              -0.004999998956918716,
              0.05100000277161598,
              -1.020535364747047
            ],
            [
              -0.004999998956918716,
              0.05100000277161598,
              -0.9905353635549541
            ]
          ],
          "bounds": {
            "min": [
              -0.004999998956918716,
              0.04400000348687172,
              -1.020535364747047
            ],
            "max": [
              -0.004999998956918716,
              0.05100000277161598,
              -0.9905353635549541
            ]
          }
        },
        "coplanar": false,
        "epsilon": 1e-9,
        "maxSeparatingGap": -0.0005000005476176739,
        "toleranceOnly": false,
        "testedAxes": 17
      }
    },
    {
      "names": [
        "Drive_Crossbeam",
        "Drive_GuideBridge_R"
      ],
      "groups": [
        "BraceSpreader",
        "BraceSpreader"
      ],
      "unfold": 0,
      "state": {
        "label": "full wing conversion",
        "wing": 0,
        "fold": [
          0,
          0.25,
          0.75,
          1
        ],
        "phase": [
          0,
          0,
          0,
          0
        ]
      },
      "surface": true,
      "contained": 0,
      "witness": {
        "meshA": "Drive_Crossbeam",
        "meshB": "Drive_GuideBridge_R",
        "triangleA": {
          "triangleIndex": 126,
          "vertexIndices": [
            85,
            87,
            89
          ],
          "vertices": [
            [
              0.11939999461174011,
              0.05050000222399831,
              -0.9994731862097974
            ],
            [
              0.11939999461174011,
              0.05194974970072508,
              -1.0005856165662403
            ],
            [
              -0.11939999461174011,
              0.05050000222399831,
              -0.9994731862097974
            ]
          ],
          "bounds": {
            "min": [
              -0.11939999461174011,
              0.05050000222399831,
              -1.0005856165662403
            ],
            "max": [
              0.11939999461174011,
              0.05194974970072508,
              -0.9994731862097974
            ]
          }
        },
        "triangleB": {
          "triangleIndex": 92,
          "vertexIndices": [
            184,
            185,
            186
          ],
          "vertices": [
            [
              0.054707106202840805,
              0.05170710990205407,
              -1.0205353656783696
            ],
            [
              0.054707106202840805,
              0.05170710990205407,
              -0.9905353626236315
            ],
            [
              0.054999999701976776,
              0.05100000277161598,
              -0.9905353635549541
            ]
          ],
          "bounds": {
            "min": [
              0.054707106202840805,
              0.05100000277161598,
              -1.0205353656783696
            ],
            "max": [
              0.054999999701976776,
              0.05170710990205407,
              -0.9905353626236315
            ]
          }
        },
        "coplanar": false,
        "epsilon": 1e-9,
        "maxSeparatingGap": -0.0003282959060957537,
        "toleranceOnly": false,
        "testedAxes": 17
      }
    },
    {
      "names": [
        "Drive_Crossbeam",
        "Drive_GuideBushing_L"
      ],
      "groups": [
        "BraceSpreader",
        "BraceSpreader"
      ],
      "unfold": 0,
      "state": {
        "label": "full wing conversion",
        "wing": 0,
        "fold": [
          0,
          0.25,
          0.75,
          1
        ],
        "phase": [
          0,
          0,
          0,
          0
        ]
      },
      "surface": true,
      "contained": 0,
      "witness": {
        "meshA": "Drive_Crossbeam",
        "meshB": "Drive_GuideBushing_L",
        "triangleA": {
          "triangleIndex": 137,
          "vertexIndices": [
            93,
            1,
            94
          ],
          "vertices": [
            [
              0.11939999461174011,
              0.05306218005716801,
              -1.0020353640429671
            ],
            [
              0.11939999461174011,
              0.053761483170092106,
              -1.0037236307980488
            ],
            [
              -0.11939999461174011,
              0.05306218005716801,
              -1.0020353640429671
            ]
          ],
          "bounds": {
            "min": [
              -0.11939999461174011,
              0.05306218005716801,
              -1.0037236307980488
            ],
            "max": [
              0.11939999461174011,
              0.053761483170092106,
              -1.0020353640429671
            ]
          }
        },
        "triangleB": {
          "triangleIndex": 95,
          "vertexIndices": [
            47,
            52,
            48
          ],
          "vertices": [
            [
              -0.052000001072883606,
              0.05287564918398857,
              -0.9815353080630298
            ],
            [
              -0.053999029099941254,
              0.05427537485957146,
              -1.0295353084802623
            ],
            [
              -0.052000001072883606,
              0.05287564918398857,
              -1.0295353084802623
            ]
          ],
          "bounds": {
            "min": [
              -0.053999029099941254,
              0.05287564918398857,
              -1.0295353084802623
            ],
            "max": [
              -0.052000001072883606,
              0.05427537485957146,
              -0.9815353080630298
            ]
          }
        },
        "coplanar": false,
        "epsilon": 1e-9,
        "maxSeparatingGap": -0.00038390371377151845,
        "toleranceOnly": false,
        "testedAxes": 17
      }
    },
    {
      "names": [
        "Drive_Crossbeam",
        "Drive_GuideBushing_R"
      ],
      "groups": [
        "BraceSpreader",
        "BraceSpreader"
      ],
      "unfold": 0,
      "state": {
        "label": "full wing conversion",
        "wing": 0,
        "fold": [
          0,
          0.25,
          0.75,
          1
        ],
        "phase": [
          0,
          0,
          0,
          0
        ]
      },
      "surface": true,
      "contained": 0,
      "witness": {
        "meshA": "Drive_Crossbeam",
        "meshB": "Drive_GuideBushing_R",
        "triangleA": {
          "triangleIndex": 137,
          "vertexIndices": [
            93,
            1,
            94
          ],
          "vertices": [
            [
              0.11939999461174011,
              0.05306218005716801,
              -1.0020353640429671
            ],
            [
              0.11939999461174011,
              0.053761483170092106,
              -1.0037236307980488
            ],
            [
              -0.11939999461174011,
              0.05306218005716801,
              -1.0020353640429671
            ]
          ],
          "bounds": {
            "min": [
              -0.11939999461174011,
              0.05306218005716801,
              -1.0037236307980488
            ],
            "max": [
              0.11939999461174011,
              0.053761483170092106,
              -1.0020353640429671
            ]
          }
        },
        "triangleB": {
          "triangleIndex": 94,
          "vertexIndices": [
            47,
            51,
            52
          ],
          "vertices": [
            [
              0.03800000250339508,
              0.05287564918398857,
              -0.9815353080630298
            ],
            [
              0.03600097447633743,
              0.05427537485957146,
              -0.9815353080630298
            ],
            [
              0.03600097447633743,
              0.05427537485957146,
              -1.0295353084802623
            ]
          ],
          "bounds": {
            "min": [
              0.03600097447633743,
              0.05287564918398857,
              -1.0295353084802623
            ],
            "max": [
              0.03800000250339508,
              0.05427537485957146,
              -0.9815353080630298
            ]
          }
        },
        "coplanar": false,
        "epsilon": 1e-9,
        "maxSeparatingGap": -0.000014754873007520185,
        "toleranceOnly": false,
        "testedAxes": 17
      }
    },
    {
      "names": [
        "Drive_Crossbeam",
        "Drive_NutCarriage"
      ],
      "groups": [
        "BraceSpreader",
        "BraceSpreader"
      ],
      "unfold": 0,
      "state": {
        "label": "full wing conversion",
        "wing": 0,
        "fold": [
          0,
          0.25,
          0.75,
          1
        ],
        "phase": [
          0,
          0,
          0,
          0
        ]
      },
      "surface": true,
      "contained": 0,
      "witness": {
        "meshA": "Drive_Crossbeam",
        "meshB": "Drive_NutCarriage",
        "triangleA": {
          "triangleIndex": 138,
          "vertexIndices": [
            93,
            94,
            91
          ],
          "vertices": [
            [
              0.11939999461174011,
              0.05306218005716801,
              -1.0020353640429671
            ],
            [
              -0.11939999461174011,
              0.05306218005716801,
              -1.0020353640429671
            ],
            [
              -0.11939999461174011,
              0.05194974970072508,
              -1.0005856165662403
            ]
          ],
          "bounds": {
            "min": [
              -0.11939999461174011,
              0.05194974970072508,
              -1.0020353640429671
            ],
            "max": [
              0.11939999461174011,
              0.05306218005716801,
              -1.0005856165662403
            ]
          }
        },
        "triangleB": {
          "triangleIndex": 79,
          "vertexIndices": [
            39,
            44,
            40
          ],
          "vertices": [
            [
              -0.004341204650700092,
              0.05237981304526329,
              -0.9765353091061111
            ],
            [
              -0.008550504222512245,
              0.053507689386606216,
              -1.034535307437181
            ],
            [
              -0.004341204650700092,
              0.05237981304526329,
              -1.034535307437181
            ]
          ],
          "bounds": {
            "min": [
              -0.008550504222512245,
              0.05237981304526329,
              -1.034535307437181
            ],
            "max": [
              -0.004341204650700092,
              0.053507689386606216,
              -0.9765353091061111
            ]
          }
        },
        "coplanar": false,
        "epsilon": 1e-9,
        "maxSeparatingGap": -0.00038341310946550457,
        "toleranceOnly": false,
        "testedAxes": 17
      }
    },
    {
      "names": [
        "Drive_Crossbeam",
        "Drive_OutputWeb"
      ],
      "groups": [
        "BraceSpreader",
        "BraceSpreader"
      ],
      "unfold": 0,
      "state": {
        "label": "full wing conversion",
        "wing": 0,
        "fold": [
          0,
          0.25,
          0.75,
          1
        ],
        "phase": [
          0,
          0,
          0,
          0
        ]
      },
      "surface": true,
      "contained": 0,
      "witness": {
        "meshA": "Drive_Crossbeam",
        "meshB": "Drive_OutputWeb",
        "triangleA": {
          "triangleIndex": 137,
          "vertexIndices": [
            93,
            1,
            94
          ],
          "vertices": [
            [
              0.11939999461174011,
              0.05306218005716801,
              -1.0020353640429671
            ],
            [
              0.11939999461174011,
              0.053761483170092106,
              -1.0037236307980488
            ],
            [
              -0.11939999461174011,
              0.05306218005716801,
              -1.0020353640429671
            ]
          ],
          "bounds": {
            "min": [
              -0.11939999461174011,
              0.05306218005716801,
              -1.0037236307980488
            ],
            "max": [
              0.11939999461174011,
              0.053761483170092106,
              -1.0020353640429671
            ]
          }
        },
        "triangleB": {
          "triangleIndex": 3,
          "vertexIndices": [
            4,
            6,
            7
          ],
          "vertices": [
            [
              0.013000000268220901,
              0.04900000337511301,
              -1.0195353636518116
            ],
            [
              0.013000000268220901,
              0.06100000347942114,
              -0.9915353646501894
            ],
            [
              0.013000000268220901,
              0.04900000337511301,
              -0.9915353646501894
            ]
          ],
          "bounds": {
            "min": [
              0.013000000268220901,
              0.04900000337511301,
              -1.0195353636518116
            ],
            "max": [
              0.013000000268220901,
              0.06100000347942114,
              -0.9915353646501894
            ]
          }
        },
        "coplanar": false,
        "epsilon": 1e-9,
        "maxSeparatingGap": -0.0031598583466620842,
        "toleranceOnly": false,
        "testedAxes": 17
      }
    },
    {
      "names": [
        "Drive_GuideBridge_L",
        "Drive_GuideBushing_L"
      ],
      "groups": [
        "BraceSpreader",
        "BraceSpreader"
      ],
      "unfold": 0,
      "state": {
        "label": "full wing conversion",
        "wing": 0,
        "fold": [
          0,
          0.25,
          0.75,
          1
        ],
        "phase": [
          0,
          0,
          0,
          0
        ]
      },
      "surface": true,
      "contained": 0,
      "witness": {
        "meshA": "Drive_GuideBridge_L",
        "meshB": "Drive_GuideBushing_L",
        "triangleA": {
          "triangleIndex": 102,
          "vertexIndices": [
            204,
            205,
            206
          ],
          "vertices": [
            [
              -0.0059999991208314896,
              0.052000002935528755,
              -0.9905353635549541
            ],
            [
              -0.053999999538064,
              0.052000002935528755,
              -0.9905353635549541
            ],
            [
              -0.053999999538064,
              0.05170710990205407,
              -0.9898282550275321
            ]
          ],
          "bounds": {
            "min": [
              -0.053999999538064,
              0.05170710990205407,
              -0.9905353635549541
            ],
            "max": [
              -0.0059999991208314896,
              0.052000002935528755,
              -0.9898282550275321
            ]
          }
        },
        "triangleB": {
          "triangleIndex": 87,
          "vertexIndices": [
            43,
            48,
            44
          ],
          "vertices": [
            [
              -0.04978828504681587,
              0.05184430256485939,
              -0.9815353080630298
            ],
            [
              -0.052000001072883606,
              0.05287564918398857,
              -1.0295353084802623
            ],
            [
              -0.04978828504681587,
              0.05184430256485939,
              -1.0295353084802623
            ]
          ],
          "bounds": {
            "min": [
              -0.052000001072883606,
              0.05184430256485939,
              -1.0295353084802623
            ],
            "max": [
              -0.04978828504681587,
              0.05287564918398857,
              -0.9815353080630298
            ]
          }
        },
        "coplanar": false,
        "epsilon": 1e-9,
        "maxSeparatingGap": -0.00015570037066936493,
        "toleranceOnly": false,
        "testedAxes": 17
      }
    },
    {
      "names": [
        "Drive_GuideBridge_L",
        "Drive_OutputWeb"
      ],
      "groups": [
        "BraceSpreader",
        "BraceSpreader"
      ],
      "unfold": 0,
      "state": {
        "label": "full wing conversion",
        "wing": 0,
        "fold": [
          0,
          0.25,
          0.75,
          1
        ],
        "phase": [
          0,
          0,
          0,
          0
        ]
      },
      "surface": true,
      "contained": 0,
      "witness": {
        "meshA": "Drive_GuideBridge_L",
        "meshB": "Drive_OutputWeb",
        "triangleA": {
          "triangleIndex": 44,
          "vertexIndices": [
            88,
            89,
            90
          ],
          "vertices": [
            [
              -0.004999998956918716,
              0.05100000277161598,
              -0.9905353635549541
            ],
            [
              -0.0052928924560546875,
              0.05170710990205407,
              -0.9905353626236315
            ],
            [
              -0.005422648042440414,
              0.05157735338434577,
              -0.989958012476563
            ]
          ],
          "bounds": {
            "min": [
              -0.005422648042440414,
              0.05100000277161598,
              -0.9905353635549541
            ],
            "max": [
              -0.004999998956918716,
              0.05170710990205407,
              -0.989958012476563
            ]
          }
        },
        "triangleB": {
          "triangleIndex": 1,
          "vertexIndices": [
            0,
            2,
            3
          ],
          "vertices": [
            [
              0.012000000104308128,
              0.04900000337511301,
              -0.9905353644862767
            ],
            [
              -0.012000000104308128,
              0.06100000347942114,
              -0.9905353644862767
            ],
            [
              -0.012000000104308128,
              0.04900000337511301,
              -0.9905353644862767
            ]
          ],
          "bounds": {
            "min": [
              -0.012000000104308128,
              0.04900000337511301,
              -0.9905353644862767
            ],
            "max": [
              0.012000000104308128,
              0.06100000347942114,
              -0.9905353644862767
            ]
          }
        },
        "coplanar": false,
        "epsilon": 1e-9,
        "maxSeparatingGap": 9.313225746154785e-10,
        "toleranceOnly": true,
        "testedAxes": 17
      }
    },
    {
      "names": [
        "Drive_GuideBridge_R",
        "Drive_GuideBushing_R"
      ],
      "groups": [
        "BraceSpreader",
        "BraceSpreader"
      ],
      "unfold": 0,
      "state": {
        "label": "full wing conversion",
        "wing": 0,
        "fold": [
          0,
          0.25,
          0.75,
          1
        ],
        "phase": [
          0,
          0,
          0,
          0
        ]
      },
      "surface": true,
      "contained": 0,
      "witness": {
        "meshA": "Drive_GuideBridge_R",
        "meshB": "Drive_GuideBushing_R",
        "triangleA": {
          "triangleIndex": 102,
          "vertexIndices": [
            204,
            205,
            206
          ],
          "vertices": [
            [
              0.053999999538064,
              0.052000002935528755,
              -0.9905353635549541
            ],
            [
              0.0059999991208314896,
              0.052000002935528755,
              -0.9905353635549541
            ],
            [
              0.0059999991208314896,
              0.05170710990205407,
              -0.9898282550275321
            ]
          ],
          "bounds": {
            "min": [
              0.0059999991208314896,
              0.05170710990205407,
              -0.9905353635549541
            ],
            "max": [
              0.053999999538064,
              0.052000002935528755,
              -0.9898282550275321
            ]
          }
        },
        "triangleB": {
          "triangleIndex": 87,
          "vertexIndices": [
            43,
            48,
            44
          ],
          "vertices": [
            [
              0.040211718529462814,
              0.05184430256485939,
              -0.9815353080630298
            ],
            [
              0.03800000250339508,
              0.05287564918398857,
              -1.0295353084802623
            ],
            [
              0.040211718529462814,
              0.05184430256485939,
              -1.0295353084802623
            ]
          ],
          "bounds": {
            "min": [
              0.03800000250339508,
              0.05184430256485939,
              -1.0295353084802623
            ],
            "max": [
              0.040211718529462814,
              0.05287564918398857,
              -0.9815353080630298
            ]
          }
        },
        "coplanar": false,
        "epsilon": 1e-9,
        "maxSeparatingGap": -0.00011976234714357255,
        "toleranceOnly": false,
        "testedAxes": 17
      }
    },
    {
      "names": [
        "Drive_GuideBridge_R",
        "Drive_OutputWeb"
      ],
      "groups": [
        "BraceSpreader",
        "BraceSpreader"
      ],
      "unfold": 0,
      "state": {
        "label": "full wing conversion",
        "wing": 0,
        "fold": [
          0,
          0.25,
          0.75,
          1
        ],
        "phase": [
          0,
          0,
          0,
          0
        ]
      },
      "surface": true,
      "contained": 0,
      "witness": {
        "meshA": "Drive_GuideBridge_R",
        "meshB": "Drive_OutputWeb",
        "triangleA": {
          "triangleIndex": 102,
          "vertexIndices": [
            204,
            205,
            206
          ],
          "vertices": [
            [
              0.053999999538064,
              0.052000002935528755,
              -0.9905353635549541
            ],
            [
              0.0059999991208314896,
              0.052000002935528755,
              -0.9905353635549541
            ],
            [
              0.0059999991208314896,
              0.05170710990205407,
              -0.9898282550275321
            ]
          ],
          "bounds": {
            "min": [
              0.0059999991208314896,
              0.05170710990205407,
              -0.9905353635549541
            ],
            "max": [
              0.053999999538064,
              0.052000002935528755,
              -0.9898282550275321
            ]
          }
        },
        "triangleB": {
          "triangleIndex": 94,
          "vertexIndices": [
            188,
            189,
            190
          ],
          "vertices": [
            [
              0.012000000104308128,
              0.06100000347942114,
              -0.9905353644862767
            ],
            [
              0.012000000104308128,
              0.04900000337511301,
              -0.9905353644862767
            ],
            [
              0.01270710676908493,
              0.04900000290945172,
              -0.9908282589167352
            ]
          ],
          "bounds": {
            "min": [
              0.012000000104308128,
              0.04900000290945172,
              -0.9908282589167352
            ],
            "max": [
              0.01270710676908493,
              0.06100000347942114,
              -0.9905353644862767
            ]
          }
        },
        "coplanar": false,
        "epsilon": 1e-9,
        "maxSeparatingGap": 9.313225746154785e-10,
        "toleranceOnly": true,
        "testedAxes": 17
      }
    },
    {
      "names": [
        "Drive_NutCarriage",
        "Drive_NutInternalThread"
      ],
      "groups": [
        "BraceSpreader",
        "BraceSpreader"
      ],
      "unfold": 0,
      "state": {
        "label": "full wing conversion",
        "wing": 0,
        "fold": [
          0,
          0.25,
          0.75,
          1
        ],
        "phase": [
          0,
          0,
          0,
          0
        ]
      },
      "surface": true,
      "contained": 0,
      "witness": {
        "meshA": "Drive_NutCarriage",
        "meshB": "Drive_NutInternalThread",
        "triangleA": {
          "triangleIndex": 279,
          "vertexIndices": [
            3,
            142,
            141
          ],
          "vertices": [
            [
              0.012000000104308128,
              0.07700000330805779,
              -0.9765353091061111
            ],
            [
              0.011817692779004574,
              0.07908378168940544,
              -0.9765353091061111
            ],
            [
              0.011817692779004574,
              0.07908378168940544,
              -1.034535307437181
            ]
          ],
          "bounds": {
            "min": [
              0.011817692779004574,
              0.07700000330805779,
              -1.034535307437181
            ],
            "max": [
              0.012000000104308128,
              0.07908378168940544,
              -0.9765353091061111
            ]
          }
        },
        "triangleB": {
          "triangleIndex": 128,
          "vertexIndices": [
            256,
            257,
            258
          ],
          "vertices": [
            [
              0.008406001143157482,
              0.0807388685643673,
              -1.0010686414316292
            ],
            [
              0.00908726453781128,
              0.07843583449721336,
              -1.002401974983513
            ],
            [
              0.012643150053918362,
              0.07899769023060799,
              -1.0047019748017187
            ]
          ],
          "bounds": {
            "min": [
              0.008406001143157482,
              0.07843583449721336,
              -1.0047019748017187
            ],
            "max": [
              0.012643150053918362,
              0.0807388685643673,
              -1.0010686414316292
            ]
          }
        },
        "coplanar": false,
        "epsilon": 1e-9,
        "maxSeparatingGap": -0.00021386643472331556,
        "toleranceOnly": false,
        "testedAxes": 17
      }
    },
    {
      "names": [
        "Drive_NutCarriage",
        "Drive_OutputWeb"
      ],
      "groups": [
        "BraceSpreader",
        "BraceSpreader"
      ],
      "unfold": 0,
      "state": {
        "label": "full wing conversion",
        "wing": 0,
        "fold": [
          0,
          0.25,
          0.75,
          1
        ],
        "phase": [
          0,
          0,
          0,
          0
        ]
      },
      "surface": true,
      "contained": 0,
      "witness": {
        "meshA": "Drive_NutCarriage",
        "meshB": "Drive_OutputWeb",
        "triangleA": {
          "triangleIndex": 95,
          "vertexIndices": [
            47,
            52,
            48
          ],
          "vertices": [
            [
              -0.012500000186264515,
              0.05534936860203743,
              -0.9765353091061111
            ],
            [
              -0.016069691628217697,
              0.057848889380693436,
              -1.034535307437181
            ],
            [
              -0.012500000186264515,
              0.05534936860203743,
              -1.034535307437181
            ]
          ],
          "bounds": {
            "min": [
              -0.016069691628217697,
              0.05534936860203743,
              -1.034535307437181
            ],
            "max": [
              -0.012500000186264515,
              0.057848889380693436,
              -0.9765353091061111
            ]
          }
        },
        "triangleB": {
          "triangleIndex": 64,
          "vertexIndices": [
            128,
            129,
            130
          ],
          "vertices": [
            [
              -0.01270710676908493,
              0.04900000290945172,
              -0.9908282589167352
            ],
            [
              -0.01270710676908493,
              0.061000003945082426,
              -0.9908282589167352
            ],
            [
              -0.013000000268220901,
              0.06100000347942114,
              -0.9915353646501894
            ]
          ],
          "bounds": {
            "min": [
              -0.013000000268220901,
              0.04900000290945172,
              -0.9915353646501894
            ],
            "max": [
              -0.01270710676908493,
              0.061000003945082426,
              -0.9908282589167352
            ]
          }
        },
        "coplanar": false,
        "epsilon": 1e-9,
        "maxSeparatingGap": -0.000361972765226098,
        "toleranceOnly": false,
        "testedAxes": 17
      }
    },
    {
      "names": [
        "Fixed_root_L",
        "RootFixedBearingPedestal_L"
      ],
      "groups": [
        "固定机体",
        "固定机体"
      ],
      "unfold": 0,
      "state": {
        "label": "full wing conversion",
        "wing": 0,
        "fold": [
          0,
          0.25,
          0.75,
          1
        ],
        "phase": [
          0,
          0,
          0,
          0
        ]
      },
      "surface": true,
      "contained": 0,
      "witness": {
        "meshA": "Fixed_root_L",
        "meshB": "RootFixedBearingPedestal_L",
        "triangleA": {
          "triangleIndex": 1661,
          "vertexIndices": [
            1386,
            1073,
            1074
          ],
          "vertices": [
            [
              -1.386927604675293,
              -0.14153309166431427,
              1.5530729293823242
            ],
            [
              -1.4851808547973633,
              -0.2392760068178177,
              1.460465431213379
            ],
            [
              -1.387537956237793,
              -0.14163300395011902,
              1.5581084489822388
            ]
          ],
          "bounds": {
            "min": [
              -1.4851808547973633,
              -0.2392760068178177,
              1.460465431213379
            ],
            "max": [
              -1.386927604675293,
              -0.14153309166431427,
              1.5581084489822388
            ]
          }
        },
        "triangleB": {
          "triangleIndex": 181,
          "vertexIndices": [
            123,
            119,
            125
          ],
          "vertices": [
            [
              -1.4534669641608409,
              -0.14751441913533853,
              1.5175396636280398
            ],
            [
              -1.4206249952351122,
              -0.17570339225466122,
              1.5235280364402386
            ],
            [
              -1.418921231654726,
              -0.17436186879789195,
              1.5204990363230597
            ]
          ],
          "bounds": {
            "min": [
              -1.4534669641608409,
              -0.17570339225466122,
              1.5175396636280398
            ],
            "max": [
              -1.418921231654726,
              -0.14751441913533853,
              1.5235280364402386
            ]
          }
        },
        "coplanar": false,
        "epsilon": 1e-9,
        "maxSeparatingGap": -0.0006261378770332057,
        "toleranceOnly": false,
        "testedAxes": 17
      }
    },
    {
      "names": [
        "Fixed_root_L",
        "Root_access_cover_L"
      ],
      "groups": [
        "固定机体",
        "固定机体"
      ],
      "unfold": 0,
      "state": {
        "label": "full wing conversion",
        "wing": 0,
        "fold": [
          0,
          0.25,
          0.75,
          1
        ],
        "phase": [
          0,
          0,
          0,
          0
        ]
      },
      "surface": true,
      "contained": 0,
      "witness": {
        "meshA": "Fixed_root_L",
        "meshB": "Root_access_cover_L",
        "triangleA": {
          "triangleIndex": 970,
          "vertexIndices": [
            735,
            717,
            716
          ],
          "vertices": [
            [
              -1,
              -0.14165207743644714,
              1.510350227355957
            ],
            [
              -0.949999988079071,
              -0.1409073770046234,
              1.510345697402954
            ],
            [
              -1,
              -0.14275580644607544,
              1.4639065265655518
            ]
          ],
          "bounds": {
            "min": [
              -1,
              -0.14275580644607544,
              1.4639065265655518
            ],
            "max": [
              -0.949999988079071,
              -0.1409073770046234,
              1.510350227355957
            ]
          }
        },
        "triangleB": {
          "triangleIndex": 245,
          "vertexIndices": [
            128,
            123,
            129
          ],
          "vertices": [
            [
              -0.9926915447176127,
              -0.1421902710553979,
              1.4873366726690112
            ],
            [
              -1.0021561643514998,
              -0.1421311171826861,
              1.4945928810549913
            ],
            [
              -0.9945027799630262,
              -0.14135648313526974,
              1.48551135316819
            ]
          ],
          "bounds": {
            "min": [
              -1.0021561643514998,
              -0.1421902710553979,
              1.48551135316819
            ],
            "max": [
              -0.9926915447176127,
              -0.14135648313526974,
              1.4945928810549913
            ]
          }
        },
        "coplanar": false,
        "epsilon": 1e-9,
        "maxSeparatingGap": -0.00010010777469145714,
        "toleranceOnly": false,
        "testedAxes": 17
      }
    },
    {
      "names": [
        "BraceBall_L_Wing",
        "BraceBallPin_L_Wing"
      ],
      "groups": [
        "WingPivot_L",
        "WingPivot_L"
      ],
      "unfold": 0,
      "state": {
        "label": "full wing conversion",
        "wing": 0,
        "fold": [
          0,
          0.25,
          0.75,
          1
        ],
        "phase": [
          0,
          0,
          0,
          0
        ]
      },
      "surface": true,
      "contained": 0,
      "witness": {
        "meshA": "BraceBall_L_Wing",
        "meshB": "BraceBallPin_L_Wing",
        "triangleA": {
          "triangleIndex": 170,
          "vertexIndices": [
            19,
            95,
            18
          ],
          "vertices": [
            [
              -1.4924556574146002,
              -0.5210000518123608,
              1.8500001723548039
            ],
            [
              -1.4910856175538483,
              -0.5183638024381807,
              1.8436361463262059
            ],
            [
              -1.4910856178378267,
              -0.5210000527128864,
              1.843112083038865
            ]
          ],
          "bounds": {
            "min": [
              -1.4924556574146002,
              -0.5210000527128864,
              1.843112083038865
            ],
            "max": [
              -1.4910856175538483,
              -0.5183638024381807,
              1.8500001723548039
            ]
          }
        },
        "triangleB": {
          "triangleIndex": 58,
          "vertexIndices": [
            24,
            42,
            22
          ],
          "vertices": [
            [
              -1.4611553953120344,
              -0.5210000596214018,
              1.845500450539636
            ],
            [
              -1.5047559749794932,
              -0.5210000440286207,
              1.8455004427432453
            ],
            [
              -1.4611553951252776,
              -0.5187498533327324,
              1.8461033434364151
            ]
          ],
          "bounds": {
            "min": [
              -1.5047559749794932,
              -0.5210000596214018,
              1.8455004427432453
            ],
            "max": [
              -1.4611553951252776,
              -0.5187498533327324,
              1.8461033434364151
            ]
          }
        },
        "coplanar": false,
        "epsilon": 1e-9,
        "maxSeparatingGap": -0.0006782067826534637,
        "toleranceOnly": false,
        "testedAxes": 17
      }
    },
    {
      "names": [
        "BraceBallPin_L_Wing",
        "BraceWingSeat_L"
      ],
      "groups": [
        "WingPivot_L",
        "WingPivot_L"
      ],
      "unfold": 0,
      "state": {
        "label": "full wing conversion",
        "wing": 0,
        "fold": [
          0,
          0.25,
          0.75,
          1
        ],
        "phase": [
          0,
          0,
          0,
          0
        ]
      },
      "surface": true,
      "contained": 0,
      "witness": {
        "meshA": "BraceBallPin_L_Wing",
        "meshB": "BraceWingSeat_L",
        "triangleA": {
          "triangleIndex": 7,
          "vertexIndices": [
            2,
            8,
            0
          ],
          "vertices": [
            [
              -1.5047559766966492,
              -0.5171032115086168,
              1.852250374404606
            ],
            [
              -1.4611553979125094,
              -0.5187498535495375,
              1.8538970088519637
            ],
            [
              -1.4611553970291904,
              -0.517103227101398,
              1.8522503822009966
            ]
          ],
          "bounds": {
            "min": [
              -1.5047559766966492,
              -0.5187498535495375,
              1.852250374404606
            ],
            "max": [
              -1.4611553970291904,
              -0.5171032115086168,
              1.8538970088519637
            ]
          }
        },
        "triangleB": {
          "triangleIndex": 222,
          "vertexIndices": [
            203,
            195,
            204
          ],
          "vertices": [
            [
              -1.4984558903837502,
              -0.5136090253034865,
              1.8530612691356292
            ],
            [
              -1.4984558932604368,
              -0.5199555365161455,
              1.8579318144671249
            ],
            [
              -1.4984558877342196,
              -0.5146535682561345,
              1.8451303731179425
            ]
          ],
          "bounds": {
            "min": [
              -1.4984558932604368,
              -0.5199555365161455,
              1.8451303731179425
            ],
            "max": [
              -1.4984558877342196,
              -0.5136090253034865,
              1.8579318144671249
            ]
          }
        },
        "coplanar": false,
        "epsilon": 1e-9,
        "maxSeparatingGap": -0.00046124780969675986,
        "toleranceOnly": false,
        "testedAxes": 17
      }
    },
    {
      "names": [
        "BraceBallPin_L_Wing",
        "Composite_wing_L"
      ],
      "groups": [
        "WingPivot_L",
        "WingPivot_L"
      ],
      "unfold": 0,
      "state": {
        "label": "full wing conversion",
        "wing": 0,
        "fold": [
          0,
          0.25,
          0.75,
          1
        ],
        "phase": [
          0,
          0,
          0,
          0
        ]
      },
      "surface": true,
      "contained": 0,
      "witness": {
        "meshA": "BraceBallPin_L_Wing",
        "meshB": "Composite_wing_L",
        "triangleA": {
          "triangleIndex": 55,
          "vertexIndices": [
            37,
            41,
            26
          ],
          "vertices": [
            [
              -1.5047559764807918,
              -0.5248968767989723,
              1.847749962970535
            ],
            [
              -1.5047559755974729,
              -0.5232502503508328,
              1.8461033363195678
            ],
            [
              -1.4611553959300139,
              -0.5232502659436139,
              1.8461033441159584
            ]
          ],
          "bounds": {
            "min": [
              -1.5047559764807918,
              -0.5248968767989723,
              1.8461033363195678
            ],
            "max": [
              -1.4611553959300139,
              -0.5232502503508328,
              1.847749962970535
            ]
          }
        },
        "triangleB": {
          "triangleIndex": 196,
          "vertexIndices": [
            173,
            163,
            162
          ],
          "vertices": [
            [
              -1.5088652022789604,
              -0.5637242206920574,
              1.7700001516521984
            ],
            [
              -1.504643326239875,
              -0.5243059350287129,
              1.7700001430090764
            ],
            [
              -1.504643397407823,
              -0.5223059186970359,
              1.9700001663740956
            ]
          ],
          "bounds": {
            "min": [
              -1.5088652022789604,
              -0.5637242206920574,
              1.7700001430090764
            ],
            "max": [
              -1.504643326239875,
              -0.5223059186970359,
              1.9700001663740956
            ]
          }
        },
        "coplanar": false,
        "epsilon": 1e-9,
        "maxSeparatingGap": -0.00011262232974730907,
        "toleranceOnly": false,
        "testedAxes": 17
      }
    },
    {
      "names": [
        "BraceWingSeat_L",
        "Composite_wing_L"
      ],
      "groups": [
        "WingPivot_L",
        "WingPivot_L"
      ],
      "unfold": 0,
      "state": {
        "label": "full wing conversion",
        "wing": 0,
        "fold": [
          0,
          0.25,
          0.75,
          1
        ],
        "phase": [
          0,
          0,
          0,
          0
        ]
      },
      "surface": true,
      "contained": 0,
      "witness": {
        "meshA": "BraceWingSeat_L",
        "meshB": "Composite_wing_L",
        "triangleA": {
          "triangleIndex": 0,
          "vertexIndices": [
            0,
            1,
            2
          ],
          "vertices": [
            [
              -1.5058155497876653,
              -0.5210000753765072,
              1.8745001862081458
            ],
            [
              -1.5061437923380918,
              -0.5241980052548897,
              1.874290829793515
            ],
            [
              -1.5029555825067242,
              -0.5241980063950823,
              1.8742908303636112
            ]
          ],
          "bounds": {
            "min": [
              -1.5061437923380918,
              -0.5241980063950823,
              1.874290829793515
            ],
            "max": [
              -1.5029555825067242,
              -0.5210000753765072,
              1.8745001862081458
            ]
          }
        },
        "triangleB": {
          "triangleIndex": 196,
          "vertexIndices": [
            173,
            163,
            162
          ],
          "vertices": [
            [
              -1.5088652022789604,
              -0.5637242206920574,
              1.7700001516521984
            ],
            [
              -1.504643326239875,
              -0.5243059350287129,
              1.7700001430090764
            ],
            [
              -1.504643397407823,
              -0.5223059186970359,
              1.9700001663740956
            ]
          ],
          "bounds": {
            "min": [
              -1.5088652022789604,
              -0.5637242206920574,
              1.7700001430090764
            ],
            "max": [
              -1.504643326239875,
              -0.5223059186970359,
              1.9700001663740956
            ]
          }
        },
        "coplanar": false,
        "epsilon": 1e-9,
        "maxSeparatingGap": -0.000934939281121718,
        "toleranceOnly": false,
        "testedAxes": 17
      }
    },
    {
      "names": [
        "Composite_wing_L",
        "ControlFlexureFixed_L_Inboard"
      ],
      "groups": [
        "WingPivot_L",
        "WingPivot_L"
      ],
      "unfold": 0,
      "state": {
        "label": "full wing conversion",
        "wing": 0,
        "fold": [
          0,
          0.25,
          0.75,
          1
        ],
        "phase": [
          0,
          0,
          0,
          0
        ]
      },
      "surface": true,
      "contained": 0,
      "witness": {
        "meshA": "Composite_wing_L",
        "meshB": "ControlFlexureFixed_L_Inboard",
        "triangleA": {
          "triangleIndex": 5599,
          "vertexIndices": [
            3662,
            3663,
            3664
          ],
          "vertices": [
            [
              -1.5510968719887452,
              -0.5443296715660617,
              0.4983332362786951
            ],
            [
              -1.506789701362598,
              -0.5438223887122167,
              0.5566665322136242
            ],
            [
              -1.551209962790674,
              -0.5438205548843038,
              0.5566665242702294
            ]
          ],
          "bounds": {
            "min": [
              -1.551209962790674,
              -0.5443296715660617,
              0.4983332362786951
            ],
            "max": [
              -1.506789701362598,
              -0.5438205548843038,
              0.5566665322136242
            ]
          }
        },
        "triangleB": {
          "triangleIndex": 11,
          "vertexIndices": [
            15,
            14,
            17
          ],
          "vertices": [
            [
              -1.528005567592375,
              -0.5492746359891996,
              0.41547645244061915
            ],
            [
              -1.528349434099878,
              -0.5425747644718344,
              0.5849330822258566
            ],
            [
              -1.5281471605557755,
              -0.5506206875615973,
              0.420687806970089
            ]
          ],
          "bounds": {
            "min": [
              -1.528349434099878,
              -0.5506206875615973,
              0.41547645244061915
            ],
            "max": [
              -1.528005567592375,
              -0.5425747644718344,
              0.5849330822258566
            ]
          }
        },
        "coplanar": false,
        "epsilon": 1e-9,
        "maxSeparatingGap": -0.0001290501791094067,
        "toleranceOnly": false,
        "testedAxes": 17
      }
    },
    {
      "names": [
        "Composite_wing_L",
        "ControlFlexureFixed_L_Outboard"
      ],
      "groups": [
        "WingPivot_L",
        "WingPivot_L"
      ],
      "unfold": 0,
      "state": {
        "label": "full wing conversion",
        "wing": 0,
        "fold": [
          0,
          0.25,
          0.75,
          1
        ],
        "phase": [
          0,
          0,
          0,
          0
        ]
      },
      "surface": true,
      "contained": 0,
      "witness": {
        "meshA": "Composite_wing_L",
        "meshB": "ControlFlexureFixed_L_Outboard",
        "triangleA": {
          "triangleIndex": 5629,
          "vertexIndices": [
            3697,
            3696,
            3698
          ],
          "vertices": [
            [
              -1.5366362311428585,
              -0.5546338660168459,
              -1.0800005379544118
            ],
            [
              -1.501362453103128,
              -0.5546381105622666,
              -1.0800005316459602
            ],
            [
              -1.536937128639587,
              -0.554497876305347,
              -1.0534502403243242
            ]
          ],
          "bounds": {
            "min": [
              -1.536937128639587,
              -0.5546381105622666,
              -1.0800005379544118
            ],
            "max": [
              -1.501362453103128,
              -0.554497876305347,
              -1.0534502403243242
            ]
          }
        },
        "triangleB": {
          "triangleIndex": 38,
          "vertexIndices": [
            31,
            46,
            48
          ],
          "vertices": [
            [
              -1.5197762287658783,
              -0.5535593482298893,
              -1.065056455985499
            ],
            [
              -1.5158773882579295,
              -0.5609027410835539,
              -1.207712328503184
            ],
            [
              -1.5191273310424445,
              -0.5612592566615551,
              -1.0650016177506672
            ]
          ],
          "bounds": {
            "min": [
              -1.5197762287658783,
              -0.5612592566615551,
              -1.207712328503184
            ],
            "max": [
              -1.5158773882579295,
              -0.5535593482298893,
              -1.0650016177506672
            ]
          }
        },
        "coplanar": false,
        "epsilon": 1e-9,
        "maxSeparatingGap": -0.0009413011868319963,
        "toleranceOnly": false,
        "testedAxes": 17
      }
    },
    {
      "names": [
        "Composite_wing_L",
        "Nacelle_L_Front"
      ],
      "groups": [
        "WingPivot_L",
        "WingPivot_L"
      ],
      "unfold": 0,
      "state": {
        "label": "full wing conversion",
        "wing": 0,
        "fold": [
          0,
          0.25,
          0.75,
          1
        ],
        "phase": [
          0,
          0,
          0,
          0
        ]
      },
      "surface": true,
      "contained": 0,
      "witness": {
        "meshA": "Composite_wing_L",
        "meshB": "Nacelle_L_Front",
        "triangleA": {
          "triangleIndex": 952,
          "vertexIndices": [
            595,
            655,
            594
          ],
          "vertices": [
            [
              -1.5688464154186241,
              0.0370784376450832,
              1.3299999064890629
            ],
            [
              -1.5727997520965897,
              0.004909448893494539,
              1.3299999134518363
            ],
            [
              -1.5728506955661201,
              0.006763017797056514,
              1.5499999585983748
            ]
          ],
          "bounds": {
            "min": [
              -1.5728506955661201,
              0.004909448893494539,
              1.3299999064890629
            ],
            "max": [
              -1.5688464154186241,
              0.0370784376450832,
              1.5499999585983748
            ]
          }
        },
        "triangleB": {
          "triangleIndex": 507,
          "vertexIndices": [
            275,
            232,
            276
          ],
          "vertices": [
            [
              -1.5915585348297465,
              -0.0010094535085066192,
              1.366177825275688
            ],
            [
              -1.5923532220386518,
              0.08010692631553756,
              1.3650708992842682
            ],
            [
              -1.569448776826146,
              -0.0010094630869798005,
              1.338136197651002
            ]
          ],
          "bounds": {
            "min": [
              -1.5923532220386518,
              -0.0010094630869798005,
              1.338136197651002
            ],
            "max": [
              -1.569448776826146,
              0.08010692631553756,
              1.366177825275688
            ]
          }
        },
        "coplanar": false,
        "epsilon": 1e-9,
        "maxSeparatingGap": -0.0015952381257769172,
        "toleranceOnly": false,
        "testedAxes": 17
      }
    },
    {
      "names": [
        "Composite_wing_L",
        "Nacelle_L_Rear"
      ],
      "groups": [
        "WingPivot_L",
        "WingPivot_L"
      ],
      "unfold": 0,
      "state": {
        "label": "full wing conversion",
        "wing": 0,
        "fold": [
          0,
          0.25,
          0.75,
          1
        ],
        "phase": [
          0,
          0,
          0,
          0
        ]
      },
      "surface": true,
      "contained": 0,
      "witness": {
        "meshA": "Composite_wing_L",
        "meshB": "Nacelle_L_Rear",
        "triangleA": {
          "triangleIndex": 1738,
          "vertexIndices": [
            1042,
            1194,
            1195
          ],
          "vertices": [
            [
              -1.5504128598343927,
              -0.5467935141862021,
              0.08999986242852342
            ],
            [
              -1.5541554437668532,
              -0.5060619264990502,
              0.08999985204813021
            ],
            [
              -1.5401139206574994,
              -0.513045521107226,
              -1.0800005484917055
            ]
          ],
          "bounds": {
            "min": [
              -1.5541554437668532,
              -0.5467935141862021,
              -1.0800005484917055
            ],
            "max": [
              -1.5401139206574994,
              -0.5060619264990502,
              0.08999986242852342
            ]
          }
        },
        "triangleB": {
          "triangleIndex": 933,
          "vertexIndices": [
            488,
            446,
            489
          ],
          "vertices": [
            [
              -1.5449542400977367,
              -0.527159154742189,
              -0.70813652513943
            ],
            [
              -1.5416618858664313,
              -0.43100020062394573,
              -0.7073702275854855
            ],
            [
              -1.5370639707512495,
              -0.5271591596786049,
              -0.7436142964742619
            ]
          ],
          "bounds": {
            "min": [
              -1.5449542400977367,
              -0.5271591596786049,
              -0.7436142964742619
            ],
            "max": [
              -1.5370639707512495,
              -0.43100020062394573,
              -0.7073702275854855
            ]
          }
        },
        "coplanar": false,
        "epsilon": 1e-9,
        "maxSeparatingGap": -0.00144989416191375,
        "toleranceOnly": false,
        "testedAxes": 17
      }
    },
    {
      "names": [
        "Composite_wing_L",
        "Pod_mount_seam_L_Front"
      ],
      "groups": [
        "WingPivot_L",
        "WingPivot_L"
      ],
      "unfold": 0,
      "state": {
        "label": "full wing conversion",
        "wing": 0,
        "fold": [
          0,
          0.25,
          0.75,
          1
        ],
        "phase": [
          0,
          0,
          0,
          0
        ]
      },
      "surface": true,
      "contained": 0,
      "witness": {
        "meshA": "Composite_wing_L",
        "meshB": "Pod_mount_seam_L_Front",
        "triangleA": {
          "triangleIndex": 1318,
          "vertexIndices": [
            921,
            924,
            920
          ],
          "vertices": [
            [
              -1.5654456011652478,
              -0.3978875646783079,
              1.081666616571717
            ],
            [
              -1.565198236099929,
              -0.39909103094039877,
              1.0233332691650834
            ],
            [
              -1.5614963726037787,
              -0.4441337602589085,
              1.0816666283038463
            ]
          ],
          "bounds": {
            "min": [
              -1.5654456011652478,
              -0.4441337602589085,
              1.0233332691650834
            ],
            "max": [
              -1.5614963726037787,
              -0.3978875646783079,
              1.0816666283038463
            ]
          }
        },
        "triangleB": {
          "triangleIndex": 47,
          "vertexIndices": [
            27,
            20,
            24
          ],
          "vertices": [
            [
              -1.5619659708607148,
              -0.45107639047401454,
              1.070000031853155
            ],
            [
              -1.560260170642039,
              -0.39606129343494156,
              1.0700000190415544
            ],
            [
              -1.564162008858325,
              -0.45100251674557146,
              1.0722027843760769
            ]
          ],
          "bounds": {
            "min": [
              -1.564162008858325,
              -0.45107639047401454,
              1.0700000190415544
            ],
            "max": [
              -1.560260170642039,
              -0.39606129343494156,
              1.0722027843760769
            ]
          }
        },
        "coplanar": false,
        "epsilon": 1e-9,
        "maxSeparatingGap": -0.000978825159182125,
        "toleranceOnly": false,
        "testedAxes": 17
      }
    },
    {
      "names": [
        "Composite_wing_L",
        "Pod_mount_seam_L_Front001"
      ],
      "groups": [
        "WingPivot_L",
        "WingPivot_L"
      ],
      "unfold": 0,
      "state": {
        "label": "full wing conversion",
        "wing": 0,
        "fold": [
          0,
          0.25,
          0.75,
          1
        ],
        "phase": [
          0,
          0,
          0,
          0
        ]
      },
      "surface": true,
      "contained": 0,
      "witness": {
        "meshA": "Composite_wing_L",
        "meshB": "Pod_mount_seam_L_Front001",
        "triangleA": {
          "triangleIndex": 1196,
          "vertexIndices": [
            854,
            828,
            827
          ],
          "vertices": [
            [
              -1.5575807187618607,
              -0.4862870532498888,
              1.330000033283584
            ],
            [
              -1.5576139932783601,
              -0.4850039903121278,
              1.550000078569301
            ],
            [
              -1.561755662996914,
              -0.44168524572383017,
              1.3300000219031465
            ]
          ],
          "bounds": {
            "min": [
              -1.561755662996914,
              -0.4862870532498888,
              1.3300000219031465
            ],
            "max": [
              -1.5575807187618607,
              -0.44168524572383017,
              1.550000078569301
            ]
          }
        },
        "triangleB": {
          "triangleIndex": 47,
          "vertexIndices": [
            27,
            20,
            24
          ],
          "vertices": [
            [
              -1.5619660638439665,
              -0.4510763749768019,
              1.3300000688080351
            ],
            [
              -1.5602602636252907,
              -0.39606127793772894,
              1.3300000559964344
            ],
            [
              -1.5641621018415768,
              -0.45100250124835883,
              1.332202821330957
            ]
          ],
          "bounds": {
            "min": [
              -1.5641621018415768,
              -0.4510763749768019,
              1.3300000559964344
            ],
            "max": [
              -1.5602602636252907,
              -0.39606127793772894,
              1.332202821330957
            ]
          }
        },
        "coplanar": false,
        "epsilon": 1e-9,
        "maxSeparatingGap": -0.00005719590538343349,
        "toleranceOnly": false,
        "testedAxes": 17
      }
    },
    {
      "names": [
        "Composite_wing_L",
        "Pod_mount_seam_L_Rear"
      ],
      "groups": [
        "WingPivot_L",
        "WingPivot_L"
      ],
      "unfold": 0,
      "state": {
        "label": "full wing conversion",
        "wing": 0,
        "fold": [
          0,
          0.25,
          0.75,
          1
        ],
        "phase": [
          0,
          0,
          0,
          0
        ]
      },
      "surface": true,
      "contained": 0,
      "witness": {
        "meshA": "Composite_wing_L",
        "meshB": "Pod_mount_seam_L_Rear",
        "triangleA": {
          "triangleIndex": 1999,
          "vertexIndices": [
            1330,
            1323,
            1322
          ],
          "vertices": [
            [
              -1.5554139211636613,
              -0.21884277767181912,
              -1.0800006213709583
            ],
            [
              -1.5545994644932128,
              -0.26032965960428106,
              -1.0800006113340785
            ],
            [
              -1.571413341891904,
              -0.233653952448322,
              0.08999978401505615
            ]
          ],
          "bounds": {
            "min": [
              -1.571413341891904,
              -0.26032965960428106,
              -1.0800006213709583
            ],
            "max": [
              -1.5545994644932128,
              -0.21884277767181912,
              0.08999978401505615
            ]
          }
        },
        "triangleB": {
          "triangleIndex": 11,
          "vertexIndices": [
            9,
            5,
            10
          ],
          "vertices": [
            [
              -1.5574858000259295,
              -0.23101611949676942,
              -0.9100002737281236
            ],
            [
              -1.5571634361018771,
              -0.17600773767310335,
              -0.9100002867855009
            ],
            [
              -1.55968855374451,
              -0.23100268715738484,
              -0.9077975211919925
            ]
          ],
          "bounds": {
            "min": [
              -1.55968855374451,
              -0.23101611949676942,
              -0.9100002867855009
            ],
            "max": [
              -1.5571634361018771,
              -0.17600773767310335,
              -0.9077975211919925
            ]
          }
        },
        "coplanar": false,
        "epsilon": 1e-9,
        "maxSeparatingGap": -0.00031152049193686583,
        "toleranceOnly": false,
        "testedAxes": 17
      }
    },
    {
      "names": [
        "Composite_wing_L",
        "Pod_mount_seam_L_Rear001"
      ],
      "groups": [
        "WingPivot_L",
        "WingPivot_L"
      ],
      "unfold": 0,
      "state": {
        "label": "full wing conversion",
        "wing": 0,
        "fold": [
          0,
          0.25,
          0.75,
          1
        ],
        "phase": [
          0,
          0,
          0,
          0
        ]
      },
      "surface": true,
      "contained": 0,
      "witness": {
        "meshA": "Composite_wing_L",
        "meshB": "Pod_mount_seam_L_Rear001",
        "triangleA": {
          "triangleIndex": 1985,
          "vertexIndices": [
            1287,
            1322,
            1323
          ],
          "vertices": [
            [
              -1.5697133955207623,
              -0.27953488989601993,
              0.08999979525789814
            ],
            [
              -1.571413341891904,
              -0.233653952448322,
              0.08999978401505615
            ],
            [
              -1.5545994644932128,
              -0.26032965960428106,
              -1.0800006113340785
            ]
          ],
          "bounds": {
            "min": [
              -1.571413341891904,
              -0.27953488989601993,
              -1.0800006113340785
            ],
            "max": [
              -1.5545994644932128,
              -0.233653952448322,
              0.08999979525789814
            ]
          }
        },
        "triangleB": {
          "triangleIndex": 19,
          "vertexIndices": [
            10,
            13,
            14
          ],
          "vertices": [
            [
              -1.5596886467276763,
              -0.23100267166018643,
              -0.6477977226557344
            ],
            [
              -1.562462244065977,
              -0.2859707584775438,
              -0.6500004629794952
            ],
            [
              -1.5602594919253299,
              -0.28599762197466416,
              -0.6477977096459913
            ]
          ],
          "bounds": {
            "min": [
              -1.562462244065977,
              -0.28599762197466416,
              -0.6500004629794952
            ],
            "max": [
              -1.5596886467276763,
              -0.23100267166018643,
              -0.6477977096459913
            ]
          }
        },
        "coplanar": false,
        "epsilon": 1e-9,
        "maxSeparatingGap": -0.0009196570674227123,
        "toleranceOnly": false,
        "testedAxes": 17
      }
    },
    {
      "names": [
        "Composite_wing_L",
        "Pod_wing_saddle_L_Front"
      ],
      "groups": [
        "WingPivot_L",
        "WingPivot_L"
      ],
      "unfold": 0,
      "state": {
        "label": "full wing conversion",
        "wing": 0,
        "fold": [
          0,
          0.25,
          0.75,
          1
        ],
        "phase": [
          0,
          0,
          0,
          0
        ]
      },
      "surface": true,
      "contained": 0,
      "witness": {
        "meshA": "Composite_wing_L",
        "meshB": "Pod_wing_saddle_L_Front",
        "triangleA": {
          "triangleIndex": 1254,
          "vertexIndices": [
            888,
            826,
            789
          ],
          "vertices": [
            [
              -1.5693646214273649,
              -0.3487838113107318,
              1.1874999747002728
            ],
            [
              -1.5657363888677944,
              -0.39529535820887884,
              1.3300000101311262
            ],
            [
              -1.5693998612941362,
              -0.347700801116419,
              1.32999999812862
            ]
          ],
          "bounds": {
            "min": [
              -1.5693998612941362,
              -0.39529535820887884,
              1.1874999747002728
            ],
            "max": [
              -1.5657363888677944,
              -0.347700801116419,
              1.3300000101311262
            ]
          }
        },
        "triangleB": {
          "triangleIndex": 146,
          "vertexIndices": [
            101,
            94,
            102
          ],
          "vertices": [
            [
              -1.5468993983741037,
              -0.39600176865181996,
              1.2866653897328297
            ],
            [
              -1.5678003246027454,
              -0.3960017585942459,
              1.329998016211424
            ],
            [
              -1.566444071925467,
              -0.34100006916151804,
              1.3299980033405159
            ]
          ],
          "bounds": {
            "min": [
              -1.5678003246027454,
              -0.39600176865181996,
              1.2866653897328297
            ],
            "max": [
              -1.5468993983741037,
              -0.34100006916151804,
              1.329998016211424
            ]
          }
        },
        "coplanar": false,
        "epsilon": 1e-9,
        "maxSeparatingGap": -0.0018437101260866395,
        "toleranceOnly": false,
        "testedAxes": 17
      }
    },
    {
      "names": [
        "Composite_wing_L",
        "Pod_wing_saddle_L_Rear"
      ],
      "groups": [
        "WingPivot_L",
        "WingPivot_L"
      ],
      "unfold": 0,
      "state": {
        "label": "full wing conversion",
        "wing": 0,
        "fold": [
          0,
          0.25,
          0.75,
          1
        ],
        "phase": [
          0,
          0,
          0,
          0
        ]
      },
      "surface": true,
      "contained": 0,
      "witness": {
        "meshA": "Composite_wing_L",
        "meshB": "Pod_wing_saddle_L_Rear",
        "triangleA": {
          "triangleIndex": 1739,
          "vertexIndices": [
            1042,
            1195,
            1045
          ],
          "vertices": [
            [
              -1.5504128598343927,
              -0.5467935141862021,
              0.08999986242852342
            ],
            [
              -1.5401139206574994,
              -0.513045521107226,
              -1.0800005484917055
            ],
            [
              -1.5369725534567154,
              -0.5508326087986216,
              -1.0800005389208414
            ]
          ],
          "bounds": {
            "min": [
              -1.5504128598343927,
              -0.5508326087986216,
              -1.0800005484917055
            ],
            "max": [
              -1.5369725534567154,
              -0.513045521107226,
              0.08999986242852342
            ]
          }
        },
        "triangleB": {
          "triangleIndex": 46,
          "vertexIndices": [
            34,
            36,
            38
          ],
          "vertices": [
            [
              -1.5470531336297046,
              -0.5059985523758789,
              -0.6933350466016144
            ],
            [
              -1.5495373506509995,
              -0.5610002414052153,
              -0.693335033932402
            ],
            [
              -1.5377339939827288,
              -0.5610002482092452,
              -0.7366676620377683
            ]
          ],
          "bounds": {
            "min": [
              -1.5495373506509995,
              -0.5610002482092452,
              -0.7366676620377683
            ],
            "max": [
              -1.5377339939827288,
              -0.5059985523758789,
              -0.693335033932402
            ]
          }
        },
        "coplanar": false,
        "epsilon": 1e-9,
        "maxSeparatingGap": -0.0013395017059808344,
        "toleranceOnly": false,
        "testedAxes": 17
      }
    },
    {
      "names": [
        "Composite_wing_L",
        "RootCarrierBridge_L"
      ],
      "groups": [
        "WingPivot_L",
        "WingPivot_L"
      ],
      "unfold": 0,
      "state": {
        "label": "full wing conversion",
        "wing": 0,
        "fold": [
          0,
          0.25,
          0.75,
          1
        ],
        "phase": [
          0,
          0,
          0,
          0
        ]
      },
      "surface": true,
      "contained": 0,
      "witness": {
        "meshA": "Composite_wing_L",
        "meshB": "RootCarrierBridge_L",
        "triangleA": {
          "triangleIndex": 3227,
          "vertexIndices": [
            2119,
            2120,
            2121
          ],
          "vertices": [
            [
              -1.5764828711121548,
              -0.22103462202194668,
              1.3790660496287348
            ],
            [
              -1.5085868039473147,
              -0.15313857692079283,
              1.4469621090549327
            ],
            [
              -1.5766401915963735,
              -0.21715146585167028,
              1.385053127696792
            ]
          ],
          "bounds": {
            "min": [
              -1.5766401915963735,
              -0.22103462202194668,
              1.3790660496287348
            ],
            "max": [
              -1.5085868039473147,
              -0.15313857692079283,
              1.4469621090549327
            ]
          }
        },
        "triangleB": {
          "triangleIndex": 350,
          "vertexIndices": [
            243,
            241,
            244
          ],
          "vertices": [
            [
              -1.5320688024839861,
              -0.1781002543832533,
              1.4284540677689659
            ],
            [
              -1.528849425441946,
              -0.13873626052794177,
              1.3877437871960872
            ],
            [
              -1.5322409020924068,
              -0.1791832333891899,
              1.4290813971816343
            ]
          ],
          "bounds": {
            "min": [
              -1.5322409020924068,
              -0.1791832333891899,
              1.3877437871960872
            ],
            "max": [
              -1.528849425441946,
              -0.13873626052794177,
              1.4290813971816343
            ]
          }
        },
        "coplanar": false,
        "epsilon": 1e-9,
        "maxSeparatingGap": -0.0003467120576517973,
        "toleranceOnly": false,
        "testedAxes": 17
      }
    },
    {
      "names": [
        "Composite_wing_L",
        "Wing_service_panel_L"
      ],
      "groups": [
        "WingPivot_L",
        "WingPivot_L"
      ],
      "unfold": 0,
      "state": {
        "label": "full wing conversion",
        "wing": 0,
        "fold": [
          0,
          0.25,
          0.75,
          1
        ],
        "phase": [
          0,
          0,
          0,
          0
        ]
      },
      "surface": true,
      "contained": 0,
      "witness": {
        "meshA": "Composite_wing_L",
        "meshB": "Wing_service_panel_L",
        "triangleA": {
          "triangleIndex": 1878,
          "vertexIndices": [
            1259,
            1269,
            1258
          ],
          "vertices": [
            [
              -1.5671917231144807,
              -0.35950953656694895,
              0.6733332325495429
            ],
            [
              -1.5699453620515194,
              -0.3135001243845658,
              0.6149998733498605
            ],
            [
              -1.5669249791020363,
              -0.3608051218309429,
              0.6149998851683371
            ]
          ],
          "bounds": {
            "min": [
              -1.5699453620515194,
              -0.3608051218309429,
              0.6149998733498605
            ],
            "max": [
              -1.5669249791020363,
              -0.3135001243845658,
              0.6733332325495429
            ]
          }
        },
        "triangleB": {
          "triangleIndex": 22,
          "vertexIndices": [
            15,
            10,
            16
          ],
          "vertices": [
            [
              -1.5723992630307069,
              -0.31927796977029244,
              0.61335987677853
            ],
            [
              -1.5717699104933422,
              -0.3301147201880088,
              0.6220219749986465
            ],
            [
              -1.5696008697477808,
              -0.3170527421081487,
              0.6150625137537318
            ]
          ],
          "bounds": {
            "min": [
              -1.5723992630307069,
              -0.3301147201880088,
              0.61335987677853
            ],
            "max": [
              -1.5696008697477808,
              -0.3170527421081487,
              0.6220219749986465
            ]
          }
        },
        "coplanar": false,
        "epsilon": 1e-9,
        "maxSeparatingGap": -0.0001176182699482683,
        "toleranceOnly": false,
        "testedAxes": 17
      }
    },
    {
      "names": [
        "Composite_wing_L",
        "Wing_service_panel_L001"
      ],
      "groups": [
        "WingPivot_L",
        "WingPivot_L"
      ],
      "unfold": 0,
      "state": {
        "label": "full wing conversion",
        "wing": 0,
        "fold": [
          0,
          0.25,
          0.75,
          1
        ],
        "phase": [
          0,
          0,
          0,
          0
        ]
      },
      "surface": true,
      "contained": 0,
      "witness": {
        "meshA": "Composite_wing_L",
        "meshB": "Wing_service_panel_L001",
        "triangleA": {
          "triangleIndex": 1759,
          "vertexIndices": [
            1210,
            1195,
            1194
          ],
          "vertices": [
            [
              -1.5431982681791383,
              -0.4731576971577949,
              -1.0800005585532277
            ],
            [
              -1.5401139206574994,
              -0.513045521107226,
              -1.0800005484917055
            ],
            [
              -1.5541554437668532,
              -0.5060619264990502,
              0.08999985204813021
            ]
          ],
          "bounds": {
            "min": [
              -1.5541554437668532,
              -0.513045521107226,
              -1.0800005585532277
            ],
            "max": [
              -1.5401139206574994,
              -0.4731576971577949,
              0.08999985204813021
            ]
          }
        },
        "triangleB": {
          "triangleIndex": 5,
          "vertexIndices": [
            1,
            6,
            2
          ],
          "vertices": [
            [
              -1.5461842646900033,
              -0.47310762486897784,
              -1.0650054597621759
            ],
            [
              -1.542466213238311,
              -0.48342271716223123,
              -1.0705145361389705
            ],
            [
              -1.5452579602782548,
              -0.4849212267016973,
              -1.0681410390576254
            ]
          ],
          "bounds": {
            "min": [
              -1.5461842646900033,
              -0.4849212267016973,
              -1.0705145361389705
            ],
            "max": [
              -1.542466213238311,
              -0.47310762486897784,
              -1.0650054597621759
            ]
          }
        },
        "coplanar": false,
        "epsilon": 1e-9,
        "maxSeparatingGap": -0.00004762769225099146,
        "toleranceOnly": false,
        "testedAxes": 17
      }
    },
    {
      "names": [
        "ControlFlexureFixed_L_Inboard",
        "ControlHingeFixed_L_Inboard"
      ],
      "groups": [
        "WingPivot_L",
        "WingPivot_L"
      ],
      "unfold": 0,
      "state": {
        "label": "full wing conversion",
        "wing": 0,
        "fold": [
          0,
          0.25,
          0.75,
          1
        ],
        "phase": [
          0,
          0,
          0,
          0
        ]
      },
      "surface": true,
      "contained": 0,
      "witness": {
        "meshA": "ControlFlexureFixed_L_Inboard",
        "meshB": "ControlHingeFixed_L_Inboard",
        "triangleA": {
          "triangleIndex": 11,
          "vertexIndices": [
            15,
            14,
            17
          ],
          "vertices": [
            [
              -1.528005567592375,
              -0.5492746359891996,
              0.41547645244061915
            ],
            [
              -1.528349434099878,
              -0.5425747644718344,
              0.5849330822258566
            ],
            [
              -1.5281471605557755,
              -0.5506206875615973,
              0.420687806970089
            ]
          ],
          "bounds": {
            "min": [
              -1.528349434099878,
              -0.5506206875615973,
              0.41547645244061915
            ],
            "max": [
              -1.528005567592375,
              -0.5425747644718344,
              0.5849330822258566
            ]
          }
        },
        "triangleB": {
          "triangleIndex": 348,
          "vertexIndices": [
            320,
            349,
            321
          ],
          "vertices": [
            [
              -1.5257367539564024,
              -0.5520126955750351,
              0.42021108969882626
            ],
            [
              -1.5272800279589156,
              -0.5497031338360059,
              0.42018378994003647
            ],
            [
              -1.5282367273459203,
              -0.5495128754340821,
              0.42017771004875004
            ]
          ],
          "bounds": {
            "min": [
              -1.5282367273459203,
              -0.5520126955750351,
              0.42017771004875004
            ],
            "max": [
              -1.5257367539564024,
              -0.5495128754340821,
              0.42021108969882626
            ]
          }
        },
        "coplanar": false,
        "epsilon": 1e-9,
        "maxSeparatingGap": -0.0001851575843252451,
        "toleranceOnly": false,
        "testedAxes": 17
      }
    },
    {
      "names": [
        "ControlFlexureFixed_L_Outboard",
        "ControlHingeFixed_L_Outboard"
      ],
      "groups": [
        "WingPivot_L",
        "WingPivot_L"
      ],
      "unfold": 0,
      "state": {
        "label": "full wing conversion",
        "wing": 0,
        "fold": [
          0,
          0.25,
          0.75,
          1
        ],
        "phase": [
          0,
          0,
          0,
          0
        ]
      },
      "surface": true,
      "contained": 0,
      "witness": {
        "meshA": "ControlFlexureFixed_L_Outboard",
        "meshB": "ControlHingeFixed_L_Outboard",
        "triangleA": {
          "triangleIndex": 11,
          "vertexIndices": [
            15,
            14,
            17
          ],
          "vertices": [
            [
              -1.5154544901931186,
              -0.5595378247375467,
              -1.2129108083812765
            ],
            [
              -1.518476584655328,
              -0.5535593486928592,
              -1.0650259381695224
            ],
            [
              -1.5156938133712896,
              -0.5609026219396387,
              -1.2077080369351956
            ]
          ],
          "bounds": {
            "min": [
              -1.518476584655328,
              -0.5609026219396387,
              -1.2129108083812765
            ],
            "max": [
              -1.5154544901931186,
              -0.5535593486928592,
              -1.0650259381695224
            ]
          }
        },
        "triangleB": {
          "triangleIndex": 335,
          "vertexIndices": [
            337,
            338,
            320
          ],
          "vertices": [
            [
              -1.5148176292555138,
              -0.5599830714601337,
              -1.2081920267998796
            ],
            [
              -1.5152864841021592,
              -0.5598408545852901,
              -1.2082037094300895
            ],
            [
              -1.5157740762478844,
              -0.5597928726639858,
              -1.2082153920411827
            ]
          ],
          "bounds": {
            "min": [
              -1.5157740762478844,
              -0.5599830714601337,
              -1.2082153920411827
            ],
            "max": [
              -1.5148176292555138,
              -0.5597928726639858,
              -1.2081920267998796
            ]
          }
        },
        "coplanar": false,
        "epsilon": 1e-9,
        "maxSeparatingGap": -0.0001853567899566148,
        "toleranceOnly": false,
        "testedAxes": 17
      }
    },
    {
      "names": [
        "ControlFlexureMoving_L_Inboard",
        "ControlHingeMoving_L_Inboard"
      ],
      "groups": [
        "ControlPivot_L_Inboard",
        "ControlPivot_L_Inboard"
      ],
      "unfold": 0,
      "state": {
        "label": "full wing conversion",
        "wing": 0,
        "fold": [
          0,
          0.25,
          0.75,
          1
        ],
        "phase": [
          0,
          0,
          0,
          0
        ]
      },
      "surface": true,
      "contained": 0,
      "witness": {
        "meshA": "ControlFlexureMoving_L_Inboard",
        "meshB": "ControlHingeMoving_L_Inboard",
        "triangleA": {
          "triangleIndex": 3,
          "vertexIndices": [
            7,
            6,
            9
          ],
          "vertices": [
            [
              -1.5280073710884097,
              -0.5548296049806638,
              0.41592494899451415
            ],
            [
              -1.5279731106779266,
              -0.5548941870781311,
              0.4085252992649138
            ],
            [
              -1.5281247779782139,
              -0.5534381535832835,
              0.415912252850165
            ]
          ],
          "bounds": {
            "min": [
              -1.5281247779782139,
              -0.5548941870781311,
              0.4085252992649138
            ],
            "max": [
              -1.5279731106779266,
              -0.5534381535832835,
              0.41592494899451415
            ]
          }
        },
        "triangleB": {
          "triangleIndex": 146,
          "vertexIndices": [
            145,
            147,
            148
          ],
          "vertices": [
            [
              -1.5282133175362949,
              -0.5534563425593236,
              0.41521198754430855
            ],
            [
              -1.5282133177364146,
              -0.5545563008399631,
              0.4152215841560838
            ],
            [
              -1.5277792018324978,
              -0.5545183044242599,
              0.4152232680561667
            ]
          ],
          "bounds": {
            "min": [
              -1.5282133177364146,
              -0.5545563008399631,
              0.41521198754430855
            ],
            "max": [
              -1.5277792018324978,
              -0.5534563425593236,
              0.4152232680561667
            ]
          }
        },
        "coplanar": false,
        "epsilon": 1e-9,
        "maxSeparatingGap": -0.00018495548993171108,
        "toleranceOnly": false,
        "testedAxes": 17
      }
    },
    {
      "names": [
        "ControlFlexureMoving_L_Inboard",
        "ControlSurface_L_Inboard"
      ],
      "groups": [
        "ControlPivot_L_Inboard",
        "ControlPivot_L_Inboard"
      ],
      "unfold": 0,
      "state": {
        "label": "full wing conversion",
        "wing": 0,
        "fold": [
          0,
          0.25,
          0.75,
          1
        ],
        "phase": [
          0,
          0,
          0,
          0
        ]
      },
      "surface": true,
      "contained": 0,
      "witness": {
        "meshA": "ControlFlexureMoving_L_Inboard",
        "meshB": "ControlSurface_L_Inboard",
        "triangleA": {
          "triangleIndex": 37,
          "vertexIndices": [
            45,
            38,
            47
          ],
          "vertices": [
            [
              -1.5283306722112049,
              -0.5533962527806559,
              0.42071120242627863
            ],
            [
              -1.5296498073289977,
              -0.5585741585347231,
              0.5850668386546775
            ],
            [
              -1.528999501689754,
              -0.5508744442833801,
              0.5850025831166489
            ]
          ],
          "bounds": {
            "min": [
              -1.5296498073289977,
              -0.5585741585347231,
              0.42071120242627863
            ],
            "max": [
              -1.5283306722112049,
              -0.5508744442833801,
              0.5850668386546775
            ]
          }
        },
        "triangleB": {
          "triangleIndex": 361,
          "vertexIndices": [
            220,
            222,
            223
          ],
          "vertices": [
            [
              -1.549782621923736,
              -0.5578211525141993,
              0.5566665278634603
            ],
            [
              -1.5081600231765249,
              -0.5575741938116235,
              0.5851574413351971
            ],
            [
              -1.5082165107946133,
              -0.55782283630975,
              0.5566665352964576
            ]
          ],
          "bounds": {
            "min": [
              -1.549782621923736,
              -0.55782283630975,
              0.5566665278634603
            ],
            "max": [
              -1.5081600231765249,
              -0.5575741938116235,
              0.5851574413351971
            ]
          }
        },
        "coplanar": false,
        "epsilon": 1e-9,
        "maxSeparatingGap": -0.0004147408194560831,
        "toleranceOnly": false,
        "testedAxes": 17
      }
    },
    {
      "names": [
        "ControlHorn_L_Inboard",
        "ControlSurface_L_Inboard"
      ],
      "groups": [
        "ControlPivot_L_Inboard",
        "ControlPivot_L_Inboard"
      ],
      "unfold": 0,
      "state": {
        "label": "full wing conversion",
        "wing": 0,
        "fold": [
          0,
          0.25,
          0.75,
          1
        ],
        "phase": [
          0,
          0,
          0,
          0
        ]
      },
      "surface": true,
      "contained": 0,
      "witness": {
        "meshA": "ControlHorn_L_Inboard",
        "meshB": "ControlSurface_L_Inboard",
        "triangleA": {
          "triangleIndex": 30,
          "vertexIndices": [
            31,
            27,
            32
          ],
          "vertices": [
            [
              -1.5664122870544595,
              -0.6461599691512929,
              0.43899992277631883
            ],
            [
              -1.5422608567150224,
              -0.6189315951602378,
              0.4390000398124893
            ],
            [
              -1.5673855604134463,
              -0.6468102853963309,
              0.4389999227573316
            ]
          ],
          "bounds": {
            "min": [
              -1.5673855604134463,
              -0.6468102853963309,
              0.4389999227573316
            ],
            "max": [
              -1.5422608567150224,
              -0.6189315951602378,
              0.4390000398124893
            ]
          }
        },
        "triangleB": {
          "triangleIndex": 306,
          "vertexIndices": [
            183,
            190,
            191
          ],
          "vertices": [
            [
              -1.5402292623845435,
              -0.6460360678273998,
              0.43999997433752946
            ],
            [
              -1.5437402960092554,
              -0.6146517120904715,
              0.4399999662270945
            ],
            [
              -1.5436355834386113,
              -0.6154513418598235,
              0.3816665590940148
            ]
          ],
          "bounds": {
            "min": [
              -1.5437402960092554,
              -0.6460360678273998,
              0.3816665590940148
            ],
            "max": [
              -1.5402292623845435,
              -0.6146517120904715,
              0.43999997433752946
            ]
          }
        },
        "coplanar": false,
        "epsilon": 1e-9,
        "maxSeparatingGap": -0.0009941763618797582,
        "toleranceOnly": false,
        "testedAxes": 17
      }
    },
    {
      "names": [
        "ControlFlexureMoving_L_Outboard",
        "ControlHingeMoving_L_Outboard"
      ],
      "groups": [
        "ControlPivot_L_Outboard",
        "ControlPivot_L_Outboard"
      ],
      "unfold": 0,
      "state": {
        "label": "full wing conversion",
        "wing": 0,
        "fold": [
          0,
          0.25,
          0.75,
          1
        ],
        "phase": [
          0,
          0,
          0,
          0
        ]
      },
      "surface": true,
      "contained": 0,
      "witness": {
        "meshA": "ControlFlexureMoving_L_Outboard",
        "meshB": "ControlHingeMoving_L_Outboard",
        "triangleA": {
          "triangleIndex": 6,
          "vertexIndices": [
            10,
            11,
            12
          ],
          "vertices": [
            [
              -1.5154642299490302,
              -0.5650942628889842,
              -1.2124822346845294
            ],
            [
              -1.51540826550409,
              -0.5637406725921165,
              -1.219889931376851
            ],
            [
              -1.5155814962683136,
              -0.5637027735400838,
              -1.2124920996077295
            ]
          ],
          "bounds": {
            "min": [
              -1.5155814962683136,
              -0.5650942628889842,
              -1.219889931376851
            ],
            "max": [
              -1.51540826550409,
              -0.5637027735400838,
              -1.2124822346845294
            ]
          }
        },
        "triangleB": {
          "triangleIndex": 215,
          "vertexIndices": [
            214,
            145,
            148
          ],
          "vertices": [
            [
              -1.5152227532568396,
              -0.5647803937488863,
              -1.2131783276846628
            ],
            [
              -1.5156567545810185,
              -0.5637184398004917,
              -1.2131939295340175
            ],
            [
              -1.5156567547797257,
              -0.5648184257882192,
              -1.213188296631822
            ]
          ],
          "bounds": {
            "min": [
              -1.5156567547797257,
              -0.5648184257882192,
              -1.2131939295340175
            ],
            "max": [
              -1.5152227532568396,
              -0.5637184398004917,
              -1.2131783276846628
            ]
          }
        },
        "coplanar": false,
        "epsilon": 1e-9,
        "maxSeparatingGap": -0.00018475595711266968,
        "toleranceOnly": false,
        "testedAxes": 17
      }
    },
    {
      "names": [
        "ControlFlexureMoving_L_Outboard",
        "ControlSurface_L_Outboard"
      ],
      "groups": [
        "ControlPivot_L_Outboard",
        "ControlPivot_L_Outboard"
      ],
      "unfold": 0,
      "state": {
        "label": "full wing conversion",
        "wing": 0,
        "fold": [
          0,
          0.25,
          0.75,
          1
        ],
        "phase": [
          0,
          0,
          0,
          0
        ]
      },
      "surface": true,
      "contained": 0,
      "witness": {
        "meshA": "ControlFlexureMoving_L_Outboard",
        "meshB": "ControlSurface_L_Outboard",
        "triangleA": {
          "triangleIndex": 37,
          "vertexIndices": [
            45,
            38,
            47
          ],
          "vertices": [
            [
              -1.5158774874796368,
              -0.5636781671359818,
              -1.2076977545032352
            ],
            [
              -1.519777875440834,
              -0.5695591450917467,
              -1.0649744361652682
            ],
            [
              -1.5191271290537176,
              -0.5618592371230507,
              -1.0649987565841237
            ]
          ],
          "bounds": {
            "min": [
              -1.519777875440834,
              -0.5695591450917467,
              -1.2076977545032352
            ],
            "max": [
              -1.5158774874796368,
              -0.5618592371230507,
              -1.0649744361652682
            ]
          }
        },
        "triangleB": {
          "triangleIndex": 134,
          "vertexIndices": [
            108,
            104,
            109
          ],
          "vertices": [
            [
              -1.534019102203893,
              -0.5860274890772358,
              -1.0652235822451495
            ],
            [
              -1.50268972081074,
              -0.568559163875205,
              -1.064579612110492
            ],
            [
              -1.5355632861569204,
              -0.5685591521645753,
              -1.065349233299701
            ]
          ],
          "bounds": {
            "min": [
              -1.5355632861569204,
              -0.5860274890772358,
              -1.065349233299701
            ],
            "max": [
              -1.50268972081074,
              -0.5685591521645753,
              -1.064579612110492
            ]
          }
        },
        "coplanar": false,
        "epsilon": 1e-9,
        "maxSeparatingGap": -1.1268445176959574e-7,
        "toleranceOnly": false,
        "testedAxes": 17
      }
    },
    {
      "names": [
        "ControlHorn_L_Outboard",
        "ControlSurface_L_Outboard"
      ],
      "groups": [
        "ControlPivot_L_Outboard",
        "ControlPivot_L_Outboard"
      ],
      "unfold": 0,
      "state": {
        "label": "full wing conversion",
        "wing": 0,
        "fold": [
          0,
          0.25,
          0.75,
          1
        ],
        "phase": [
          0,
          0,
          0,
          0
        ]
      },
      "surface": true,
      "contained": 0,
      "witness": {
        "meshA": "ControlHorn_L_Outboard",
        "meshB": "ControlSurface_L_Outboard",
        "triangleA": {
          "triangleIndex": 17,
          "vertexIndices": [
            13,
            18,
            0
          ],
          "vertices": [
            [
              -1.5233265503562496,
              -0.6640436332325069,
              -1.2190002348904954
            ],
            [
              -1.5481194507060128,
              -0.6498955429771485,
              -1.2190002426969766
            ],
            [
              -1.5275597276947603,
              -0.6210436113934157,
              -1.2190002458994502
            ]
          ],
          "bounds": {
            "min": [
              -1.5481194507060128,
              -0.6640436332325069,
              -1.2190002458994502
            ],
            "max": [
              -1.5233265503562496,
              -0.6210436113934157,
              -1.2190002348904954
            ]
          }
        },
        "triangleB": {
          "triangleIndex": 87,
          "vertexIndices": [
            64,
            60,
            66
          ],
          "vertices": [
            [
              -1.5184461166257726,
              -0.6485505093317397,
              -1.7500002315724037
            ],
            [
              -1.5254679969882676,
              -0.6719891035648955,
              -1.0800002695590862
            ],
            [
              -1.5280259351563288,
              -0.6470053940925509,
              -1.0800002759730616
            ]
          ],
          "bounds": {
            "min": [
              -1.5280259351563288,
              -0.6719891035648955,
              -1.7500002315724037
            ],
            "max": [
              -1.5184461166257726,
              -0.6470053940925509,
              -1.0800002695590862
            ]
          }
        },
        "coplanar": false,
        "epsilon": 1e-9,
        "maxSeparatingGap": -0.0010609090595880928,
        "toleranceOnly": false,
        "testedAxes": 17
      }
    },
    {
      "names": [
        "Cowl_boundary_L_Front",
        "Nacelle_L_Front"
      ],
      "groups": [
        "WingPivot_L",
        "WingPivot_L"
      ],
      "unfold": 0,
      "state": {
        "label": "full wing conversion",
        "wing": 0,
        "fold": [
          0,
          0.25,
          0.75,
          1
        ],
        "phase": [
          0,
          0,
          0,
          0
        ]
      },
      "surface": true,
      "contained": 0,
      "witness": {
        "meshA": "Cowl_boundary_L_Front",
        "meshB": "Nacelle_L_Front",
        "triangleA": {
          "triangleIndex": 40,
          "vertexIndices": [
            24,
            19,
            25
          ],
          "vertices": [
            [
              -1.6632340053069783,
              0.4380001123394302,
              1.346337942987776
            ],
            [
              -1.6820768546923208,
              0.43800011966009444,
              1.3561012369844396
            ],
            [
              -1.6620096181072344,
              0.44060259791016293,
              1.3483520864511025
            ]
          ],
          "bounds": {
            "min": [
              -1.6820768546923208,
              0.4380001123394302,
              1.346337942987776
            ],
            "max": [
              -1.6620096181072344,
              0.44060259791016293,
              1.3561012369844396
            ]
          }
        },
        "triangleB": {
          "triangleIndex": 9,
          "vertexIndices": [
            6,
            8,
            5
          ],
          "vertices": [
            [
              -1.6704042528087055,
              0.4390001024752443,
              1.3508229262261793
            ],
            [
              -1.645257609841403,
              0.4107881681464037,
              1.3433016496269032
            ],
            [
              -1.6675092740943067,
              0.4107881769686815,
              1.357804959146447
            ]
          ],
          "bounds": {
            "min": [
              -1.6704042528087055,
              0.4107881681464037,
              1.3433016496269032
            ],
            "max": [
              -1.645257609841403,
              0.4390001024752443,
              1.357804959146447
            ]
          }
        },
        "coplanar": false,
        "epsilon": 1e-9,
        "maxSeparatingGap": -0.00016332455528493333,
        "toleranceOnly": false,
        "testedAxes": 17
      }
    },
    {
      "names": [
        "Cowl_boundary_L_Rear",
        "Nacelle_L_Rear"
      ],
      "groups": [
        "WingPivot_L",
        "WingPivot_L"
      ],
      "unfold": 0,
      "state": {
        "label": "full wing conversion",
        "wing": 0,
        "fold": [
          0,
          0.25,
          0.75,
          1
        ],
        "phase": [
          0,
          0,
          0,
          0
        ]
      },
      "surface": true,
      "contained": 0,
      "witness": {
        "meshA": "Cowl_boundary_L_Rear",
        "meshB": "Nacelle_L_Rear",
        "triangleA": {
          "triangleIndex": 40,
          "vertexIndices": [
            24,
            19,
            25
          ],
          "vertices": [
            [
              -1.6632332662776799,
              0.4379999943221794,
              -0.6336624254459946
            ],
            [
              -1.682076112429669,
              0.4380000016428424,
              -0.6238991331246713
            ],
            [
              -1.6620088792880356,
              0.44060247944633657,
              -0.6316482823282867
            ]
          ],
          "bounds": {
            "min": [
              -1.682076112429669,
              0.4379999943221794,
              -0.6336624254459946
            ],
            "max": [
              -1.6620088792880356,
              0.44060247944633657,
              -0.6238991331246713
            ]
          }
        },
        "triangleB": {
          "triangleIndex": 9,
          "vertexIndices": [
            6,
            8,
            5
          ],
          "vertices": [
            [
              -1.6704035000019568,
              0.43899998445798827,
              -0.6291774468989065
            ],
            [
              -1.6452568570346542,
              0.41078805012914765,
              -0.6366987234981825
            ],
            [
              -1.667508521287558,
              0.41078805895142545,
              -0.6221954139786388
            ]
          ],
          "bounds": {
            "min": [
              -1.6704035000019568,
              0.41078805012914765,
              -0.6366987234981825
            ],
            "max": [
              -1.6452568570346542,
              0.43899998445798827,
              -0.6221954139786388
            ]
          }
        },
        "coplanar": false,
        "epsilon": 1e-9,
        "maxSeparatingGap": -0.0001633229429990669,
        "toleranceOnly": false,
        "testedAxes": 17
      }
    },
    {
      "names": [
        "Landing_wear_tip_L_Front",
        "Nacelle_L_Front"
      ],
      "groups": [
        "WingPivot_L",
        "WingPivot_L"
      ],
      "unfold": 0,
      "state": {
        "label": "full wing conversion",
        "wing": 0,
        "fold": [
          0,
          0.25,
          0.75,
          1
        ],
        "phase": [
          0,
          0,
          0,
          0
        ]
      },
      "surface": true,
      "contained": 0,
      "witness": {
        "meshA": "Landing_wear_tip_L_Front",
        "meshB": "Nacelle_L_Front",
        "triangleA": {
          "triangleIndex": 1556,
          "vertexIndices": [
            888,
            889,
            813
          ],
          "vertices": [
            [
              -1.7711490976165587,
              -1.3750002626296975,
              1.2389120000177187
            ],
            [
              -1.771485755416893,
              -1.3747141602329296,
              1.237742437340391
            ],
            [
              -1.7778293513775707,
              -1.37500026015132,
              1.2404107578840726
            ]
          ],
          "bounds": {
            "min": [
              -1.7778293513775707,
              -1.3750002626296975,
              1.237742437340391
            ],
            "max": [
              -1.7711490976165587,
              -1.3747141602329296,
              1.2404107578840726
            ]
          }
        },
        "triangleB": {
          "triangleIndex": 2348,
          "vertexIndices": [
            1196,
            1153,
            1154
          ],
          "vertices": [
            [
              -1.7734319892475092,
              -1.3903757416616673,
              1.231334205352997
            ],
            [
              -1.7774906465612723,
              -1.3677834938337938,
              1.2429425264832414
            ],
            [
              -1.7704518558801066,
              -1.367783496445797,
              1.241353123522867
            ]
          ],
          "bounds": {
            "min": [
              -1.7774906465612723,
              -1.3903757416616673,
              1.231334205352997
            ],
            "max": [
              -1.7704518558801066,
              -1.3677834938337938,
              1.2429425264832414
            ]
          }
        },
        "coplanar": false,
        "epsilon": 1e-9,
        "maxSeparatingGap": -0.000490411960509378,
        "toleranceOnly": false,
        "testedAxes": 17
      }
    },
    {
      "names": [
        "Landing_wear_tip_L_Rear",
        "Nacelle_L_Rear"
      ],
      "groups": [
        "WingPivot_L",
        "WingPivot_L"
      ],
      "unfold": 0,
      "state": {
        "label": "full wing conversion",
        "wing": 0,
        "fold": [
          0,
          0.25,
          0.75,
          1
        ],
        "phase": [
          0,
          0,
          0,
          0
        ]
      },
      "surface": true,
      "contained": 0,
      "witness": {
        "meshA": "Landing_wear_tip_L_Rear",
        "meshB": "Nacelle_L_Rear",
        "triangleA": {
          "triangleIndex": 1556,
          "vertexIndices": [
            888,
            889,
            813
          ],
          "vertices": [
            [
              -1.7711483448098313,
              -1.3750003806469502,
              -0.7410883135027113
            ],
            [
              -1.7714849988847468,
              -1.3747142782502049,
              -0.7422582338079713
            ],
            [
              -1.777828598570822,
              -1.3750003781685762,
              -0.7395896152410129
            ]
          ],
          "bounds": {
            "min": [
              -1.777828598570822,
              -1.3750003806469502,
              -0.7422582338079713
            ],
            "max": [
              -1.7711483448098313,
              -1.3747142782502049,
              -0.7395896152410129
            ]
          }
        },
        "triangleB": {
          "triangleIndex": 2348,
          "vertexIndices": [
            1196,
            1153,
            1154
          ],
          "vertices": [
            [
              -1.7734312364407605,
              -1.3903758596789233,
              -0.7486661677720887
            ],
            [
              -1.7774898937545236,
              -1.36778361185105,
              -0.7370578466418441
            ],
            [
              -1.7704511030733578,
              -1.367783614463053,
              -0.7386472496022187
            ]
          ],
          "bounds": {
            "min": [
              -1.7774898937545236,
              -1.3903758596789233,
              -0.7486661677720887
            ],
            "max": [
              -1.7704511030733578,
              -1.36778361185105,
              -0.7370578466418441
            ]
          }
        },
        "coplanar": false,
        "epsilon": 1e-9,
        "maxSeparatingGap": -0.0004906547790718798,
        "toleranceOnly": false,
        "testedAxes": 17
      }
    },
    {
      "names": [
        "Motor_cowl_L_Front",
        "MotorFrontBearing_L_Front"
      ],
      "groups": [
        "WingPivot_L",
        "WingPivot_L"
      ],
      "unfold": 0,
      "state": {
        "label": "full wing conversion",
        "wing": 0,
        "fold": [
          0,
          0.25,
          0.75,
          1
        ],
        "phase": [
          0,
          0,
          0,
          0
        ]
      },
      "surface": false,
      "contained": 1,
      "witness": {
        "contained": "MotorFrontBearing_L_Front",
        "container": "Motor_cowl_L_Front",
        "point": [
          -1.7489996423125362,
          0.8129999267190473,
          1.2279997213781728
        ],
        "depth": 0.010535525889960175,
        "sourceTriangleIndex": 0,
        "state": "inside",
        "parity": [
          1,
          1,
          1
        ],
        "distance": 0.010535525889960175,
        "triangleIndex": 49
      }
    },
    {
      "names": [
        "Motor_cowl_L_Front",
        "Nacelle_L_Front"
      ],
      "groups": [
        "WingPivot_L",
        "WingPivot_L"
      ],
      "unfold": 0,
      "state": {
        "label": "full wing conversion",
        "wing": 0,
        "fold": [
          0,
          0.25,
          0.75,
          1
        ],
        "phase": [
          0,
          0,
          0,
          0
        ]
      },
      "surface": true,
      "contained": 0,
      "witness": {
        "meshA": "Motor_cowl_L_Front",
        "meshB": "Nacelle_L_Front",
        "triangleA": {
          "triangleIndex": 1347,
          "vertexIndices": [
            698,
            705,
            704
          ],
          "vertices": [
            [
              -1.6488651563645111,
              0.4390000939444245,
              1.336934067857676
            ],
            [
              -1.6704154852698572,
              0.4390001024785848,
              1.3508115775101455
            ],
            [
              -1.6937663763555502,
              0.4390001114353389,
              1.3609756572024847
            ]
          ],
          "bounds": {
            "min": [
              -1.6937663763555502,
              0.4390000939444245,
              1.336934067857676
            ],
            "max": [
              -1.6488651563645111,
              0.4390001114353389,
              1.3609756572024847
            ]
          }
        },
        "triangleB": {
          "triangleIndex": 6,
          "vertexIndices": [
            6,
            4,
            7
          ],
          "vertices": [
            [
              -1.6704042528087055,
              0.4390001024752443,
              1.3508229262261793
            ],
            [
              -1.693762822018284,
              0.4390001114345507,
              1.3609837561637166
            ],
            [
              -1.648862144234022,
              0.43900009394394096,
              1.3369440253800817
            ]
          ],
          "bounds": {
            "min": [
              -1.693762822018284,
              0.43900009394394096,
              1.3369440253800817
            ],
            "max": [
              -1.648862144234022,
              0.4390001114345507,
              1.3609837561637166
            ]
          }
        },
        "coplanar": false,
        "epsilon": 1e-9,
        "maxSeparatingGap": 1.1163078717106005e-16,
        "toleranceOnly": true,
        "testedAxes": 17
      }
    },
    {
      "names": [
        "Motor_cowl_L_Rear",
        "MotorFrontBearing_L_Rear"
      ],
      "groups": [
        "WingPivot_L",
        "WingPivot_L"
      ],
      "unfold": 0,
      "state": {
        "label": "full wing conversion",
        "wing": 0,
        "fold": [
          0,
          0.25,
          0.75,
          1
        ],
        "phase": [
          0,
          0,
          0,
          0
        ]
      },
      "surface": false,
      "contained": 1,
      "witness": {
        "contained": "MotorFrontBearing_L_Rear",
        "container": "Motor_cowl_L_Rear",
        "point": [
          -1.748998889505737,
          0.8129998458207665,
          -0.7520007746815238
        ],
        "depth": 0.010535534349338661,
        "sourceTriangleIndex": 0,
        "state": "inside",
        "parity": [
          1,
          1,
          1
        ],
        "distance": 0.010535534349338661,
        "triangleIndex": 49
      }
    },
    {
      "names": [
        "Motor_cowl_L_Rear",
        "Nacelle_L_Rear"
      ],
      "groups": [
        "WingPivot_L",
        "WingPivot_L"
      ],
      "unfold": 0,
      "state": {
        "label": "full wing conversion",
        "wing": 0,
        "fold": [
          0,
          0.25,
          0.75,
          1
        ],
        "phase": [
          0,
          0,
          0,
          0
        ]
      },
      "surface": true,
      "contained": 0,
      "witness": {
        "meshA": "Motor_cowl_L_Rear",
        "meshB": "Nacelle_L_Rear",
        "triangleA": {
          "triangleIndex": 1347,
          "vertexIndices": [
            698,
            705,
            704
          ],
          "vertices": [
            [
              -1.648864403557784,
              0.4389999759271721,
              -0.6430662456627543
            ],
            [
              -1.6704147324630871,
              0.43899998446132527,
              -0.6291888552195957
            ],
            [
              -1.693765623548844,
              0.43899999341809004,
              -0.6190245967132899
            ]
          ],
          "bounds": {
            "min": [
              -1.693765623548844,
              0.4389999759271721,
              -0.6430662456627543
            ],
            "max": [
              -1.648864403557784,
              0.43899999341809004,
              -0.6190245967132899
            ]
          }
        },
        "triangleB": {
          "triangleIndex": 6,
          "vertexIndices": [
            6,
            4,
            7
          ],
          "vertices": [
            [
              -1.6704035000019568,
              0.43899998445798827,
              -0.6291774468989065
            ],
            [
              -1.6937620692115354,
              0.4389999934172947,
              -0.6190166169613691
            ],
            [
              -1.6488613914272734,
              0.43899997592668494,
              -0.643056347745004
            ]
          ],
          "bounds": {
            "min": [
              -1.6937620692115354,
              0.43899997592668494,
              -0.643056347745004
            ],
            "max": [
              -1.6488613914272734,
              0.4389999934172947,
              -0.6190166169613691
            ]
          }
        },
        "coplanar": false,
        "epsilon": 1e-9,
        "maxSeparatingGap": 5.611865345602966e-17,
        "toleranceOnly": true,
        "testedAxes": 17
      }
    },
    {
      "names": [
        "Nacelle_L_Front",
        "Pod_wing_saddle_L_Front"
      ],
      "groups": [
        "WingPivot_L",
        "WingPivot_L"
      ],
      "unfold": 0,
      "state": {
        "label": "full wing conversion",
        "wing": 0,
        "fold": [
          0,
          0.25,
          0.75,
          1
        ],
        "phase": [
          0,
          0,
          0,
          0
        ]
      },
      "surface": true,
      "contained": 0,
      "witness": {
        "meshA": "Nacelle_L_Front",
        "meshB": "Pod_wing_saddle_L_Front",
        "triangleA": {
          "triangleIndex": 680,
          "vertexIndices": [
            362,
            319,
            363
          ],
          "vertices": [
            [
              -1.5381715866904786,
              -0.21100951058137218,
              1.2731693558597432
            ],
            [
              -1.5511138703724077,
              -0.09912679979020039,
              1.3072563709246565
            ],
            [
              -1.5379728910960158,
              -0.09912680653167283,
              1.2729990359111776
            ]
          ],
          "bounds": {
            "min": [
              -1.5511138703724077,
              -0.21100951058137218,
              1.2729990359111776
            ],
            "max": [
              -1.5379728910960158,
              -0.09912679979020039,
              1.3072563709246565
            ]
          }
        },
        "triangleB": {
          "triangleIndex": 202,
          "vertexIndices": [
            136,
            137,
            138
          ],
          "vertices": [
            [
              -1.5405478356913953,
              -0.12100003540798404,
              1.2866653253030536
            ],
            [
              -1.5438981583560634,
              -0.12100003420981537,
              1.2866653247039692
            ],
            [
              -1.5613883352587503,
              -0.12100002537202023,
              1.329997951792453
            ]
          ],
          "bounds": {
            "min": [
              -1.5613883352587503,
              -0.12100003540798404,
              1.2866653247039692
            ],
            "max": [
              -1.5405478356913953,
              -0.12100002537202023,
              1.329997951792453
            ]
          }
        },
        "coplanar": false,
        "epsilon": 1e-9,
        "maxSeparatingGap": -0.0008677753440711113,
        "toleranceOnly": false,
        "testedAxes": 17
      }
    },
    {
      "names": [
        "Nacelle_L_Front",
        "Wing_blue_leading_L"
      ],
      "groups": [
        "WingPivot_L",
        "WingPivot_L"
      ],
      "unfold": 0,
      "state": {
        "label": "full wing conversion",
        "wing": 0,
        "fold": [
          0,
          0.25,
          0.75,
          1
        ],
        "phase": [
          0,
          0,
          0,
          0
        ]
      },
      "surface": true,
      "contained": 0,
      "witness": {
        "meshA": "Nacelle_L_Front",
        "meshB": "Wing_blue_leading_L",
        "triangleA": {
          "triangleIndex": 508,
          "vertexIndices": [
            276,
            232,
            277
          ],
          "vertices": [
            [
              -1.569448776826146,
              -0.0010094630869798005,
              1.338136197651002
            ],
            [
              -1.5923532220386518,
              0.08010692631553756,
              1.3650708992842682
            ],
            [
              -1.570527286277919,
              0.08010691684871735,
              1.3371995649180102
            ]
          ],
          "bounds": {
            "min": [
              -1.5923532220386518,
              -0.0010094630869798005,
              1.3371995649180102
            ],
            "max": [
              -1.569448776826146,
              0.08010692631553756,
              1.3650708992842682
            ]
          }
        },
        "triangleB": {
          "triangleIndex": 3570,
          "vertexIndices": [
            3411,
            3364,
            3410
          ],
          "vertices": [
            [
              -1.5704582940154155,
              0.05189560421925013,
              1.3299999026681488
            ],
            [
              -1.5704691839986877,
              0.052372638459993154,
              1.3849999195397975
            ],
            [
              -1.5697798582525366,
              0.055662484089547354,
              1.3299999018913684
            ]
          ],
          "bounds": {
            "min": [
              -1.5704691839986877,
              0.05189560421925013,
              1.3299999018913684
            ],
            "max": [
              -1.5697798582525366,
              0.055662484089547354,
              1.3849999195397975
            ]
          }
        },
        "coplanar": false,
        "epsilon": 1e-9,
        "maxSeparatingGap": -0.0003066955321021463,
        "toleranceOnly": false,
        "testedAxes": 17
      }
    },
    {
      "names": [
        "Nacelle_L_Rear",
        "Pod_wing_saddle_L_Rear"
      ],
      "groups": [
        "WingPivot_L",
        "WingPivot_L"
      ],
      "unfold": 0,
      "state": {
        "label": "full wing conversion",
        "wing": 0,
        "fold": [
          0,
          0.25,
          0.75,
          1
        ],
        "phase": [
          0,
          0,
          0,
          0
        ]
      },
      "surface": true,
      "contained": 0,
      "witness": {
        "meshA": "Nacelle_L_Rear",
        "meshB": "Pod_wing_saddle_L_Rear",
        "triangleA": {
          "triangleIndex": 680,
          "vertexIndices": [
            362,
            319,
            363
          ],
          "vertices": [
            [
              -1.53817083388373,
              -0.2110096285986282,
              -0.7068310172653425
            ],
            [
              -1.551113117565659,
              -0.09912691780745642,
              -0.6727440022004292
            ],
            [
              -1.537972138289267,
              -0.09912692454892885,
              -0.7070013372139081
            ]
          ],
          "bounds": {
            "min": [
              -1.551113117565659,
              -0.2110096285986282,
              -0.7070013372139081
            ],
            "max": [
              -1.537972138289267,
              -0.09912691780745642,
              -0.6727440022004292
            ]
          }
        },
        "triangleB": {
          "triangleIndex": 202,
          "vertexIndices": [
            136,
            137,
            138
          ],
          "vertices": [
            [
              -1.5405471275881062,
              -0.12100015342522935,
              -0.6933351372290231
            ],
            [
              -1.5438974502527743,
              -0.12100015222706068,
              -0.6933351378281074
            ],
            [
              -1.5613876271554612,
              -0.12100014338926554,
              -0.6500025107396237
            ]
          ],
          "bounds": {
            "min": [
              -1.5613876271554612,
              -0.12100015342522935,
              -0.6933351378281074
            ],
            "max": [
              -1.5405471275881062,
              -0.12100014338926554,
              -0.6500025107396237
            ]
          }
        },
        "coplanar": false,
        "epsilon": 1e-9,
        "maxSeparatingGap": -0.000867850260366728,
        "toleranceOnly": false,
        "testedAxes": 17
      }
    },
    {
      "names": [
        "Nacelle_L_Rear",
        "Wing_blue_leading_L"
      ],
      "groups": [
        "WingPivot_L",
        "WingPivot_L"
      ],
      "unfold": 0,
      "state": {
        "label": "full wing conversion",
        "wing": 0,
        "fold": [
          0,
          0.25,
          0.75,
          1
        ],
        "phase": [
          0,
          0,
          0,
          0
        ]
      },
      "surface": true,
      "contained": 0,
      "witness": {
        "meshA": "Nacelle_L_Rear",
        "meshB": "Wing_blue_leading_L",
        "triangleA": {
          "triangleIndex": 594,
          "vertexIndices": [
            319,
            276,
            320
          ],
          "vertices": [
            [
              -1.551113117565659,
              -0.09912691780745642,
              -0.6727440022004292
            ],
            [
              -1.5694480240193975,
              -0.0010095811042358238,
              -0.6418641754740837
            ],
            [
              -1.551652361963644,
              -0.0010095893428732627,
              -0.6733116700537795
            ]
          ],
          "bounds": {
            "min": [
              -1.5694480240193975,
              -0.09912691780745642,
              -0.6733116700537795
            ],
            "max": [
              -1.551113117565659,
              -0.0010095811042358238,
              -0.6418641754740837
            ]
          }
        },
        "triangleB": {
          "triangleIndex": 3770,
          "vertexIndices": [
            3628,
            3629,
            3630
          ],
          "vertices": [
            [
              -1.5676053222576907,
              0.0018498959651208624,
              0.08999972854748917
            ],
            [
              -1.5516084632140912,
              -0.03848143117358874,
              -1.0800004252733646
            ],
            [
              -1.552045738469895,
              -0.04185018183416339,
              -1.0800004245483827
            ]
          ],
          "bounds": {
            "min": [
              -1.5676053222576907,
              -0.04185018183416339,
              -1.0800004252733646
            ],
            "max": [
              -1.5516084632140912,
              0.0018498959651208624,
              0.08999972854748917
            ]
          }
        },
        "coplanar": false,
        "epsilon": 1e-9,
        "maxSeparatingGap": -0.005944158444676906,
        "toleranceOnly": false,
        "testedAxes": 17
      }
    },
    {
      "names": [
        "Pod_mount_seam_L_Front",
        "Pod_wing_saddle_L_Front"
      ],
      "groups": [
        "WingPivot_L",
        "WingPivot_L"
      ],
      "unfold": 0,
      "state": {
        "label": "full wing conversion",
        "wing": 0,
        "fold": [
          0,
          0.25,
          0.75,
          1
        ],
        "phase": [
          0,
          0,
          0,
          0
        ]
      },
      "surface": true,
      "contained": 0,
      "witness": {
        "meshA": "Pod_mount_seam_L_Front",
        "meshB": "Pod_wing_saddle_L_Front",
        "triangleA": {
          "triangleIndex": 1,
          "vertexIndices": [
            0,
            2,
            3
          ],
          "vertices": [
            [
              -1.5593870799237872,
              -0.12099923679064034,
              1.0722027065509858
            ],
            [
              -1.561569694772614,
              -0.17599418665999844,
              1.0699999663393056
            ],
            [
              -1.5593669426283643,
              -0.17600090302663213,
              1.072202719668006
            ]
          ],
          "bounds": {
            "min": [
              -1.561569694772614,
              -0.17600090302663213,
              1.0699999663393056
            ],
            "max": [
              -1.5593669426283643,
              -0.12099923679064034,
              1.072202719668006
            ]
          }
        },
        "triangleB": {
          "triangleIndex": 0,
          "vertexIndices": [
            2,
            0,
            1
          ],
          "vertices": [
            [
              -1.5613882422770207,
              -0.1210000408689792,
              1.0700021704966445
            ],
            [
              -1.5405477737035753,
              -0.12100004573928999,
              1.1133348044391813
            ],
            [
              -1.5613681098916599,
              -0.17600173079394066,
              1.0700021836136693
            ]
          ],
          "bounds": {
            "min": [
              -1.5613882422770207,
              -0.17600173079394066,
              1.0700021704966445
            ],
            "max": [
              -1.5405477737035753,
              -0.1210000408689792,
              1.1133348044391813
            ]
          }
        },
        "coplanar": false,
        "epsilon": 1e-9,
        "maxSeparatingGap": -0.00014097251052904726,
        "toleranceOnly": false,
        "testedAxes": 17
      }
    },
    {
      "names": [
        "Pod_mount_seam_L_Front001",
        "Pod_wing_saddle_L_Front"
      ],
      "groups": [
        "WingPivot_L",
        "WingPivot_L"
      ],
      "unfold": 0,
      "state": {
        "label": "full wing conversion",
        "wing": 0,
        "fold": [
          0,
          0.25,
          0.75,
          1
        ],
        "phase": [
          0,
          0,
          0,
          0
        ]
      },
      "surface": true,
      "contained": 0,
      "witness": {
        "meshA": "Pod_mount_seam_L_Front001",
        "meshB": "Pod_wing_saddle_L_Front",
        "triangleA": {
          "triangleIndex": 6,
          "vertexIndices": [
            6,
            7,
            1
          ],
          "vertices": [
            [
              -1.5593871713315075,
              -0.12099922155601636,
              1.3277972376394331
            ],
            [
              -1.5593670340360846,
              -0.17600088779200818,
              1.3277972507564533
            ],
            [
              -1.5615899250524896,
              -0.12099922063695626,
              1.3299999901787667
            ]
          ],
          "bounds": {
            "min": [
              -1.5615899250524896,
              -0.17600088779200818,
              1.3277972376394331
            ],
            "max": [
              -1.5593670340360846,
              -0.12099922063695626,
              1.3299999901787667
            ]
          }
        },
        "triangleB": {
          "triangleIndex": 27,
          "vertexIndices": [
            21,
            10,
            22
          ],
          "vertices": [
            [
              -1.5613682028733895,
              -0.1760017152969817,
              1.3299979649094777
            ],
            [
              -1.5405478356913953,
              -0.12100003540798404,
              1.2866653253030536
            ],
            [
              -1.5613883352587503,
              -0.12100002537202023,
              1.329997951792453
            ]
          ],
          "bounds": {
            "min": [
              -1.5613883352587503,
              -0.1760017152969817,
              1.2866653253030536
            ],
            "max": [
              -1.5405478356913953,
              -0.12100002537202023,
              1.3299979649094777
            ]
          }
        },
        "coplanar": false,
        "epsilon": 1e-9,
        "maxSeparatingGap": -0.0001411039015708044,
        "toleranceOnly": false,
        "testedAxes": 17
      }
    },
    {
      "names": [
        "Pod_mount_seam_L_Rear",
        "Pod_wing_saddle_L_Rear"
      ],
      "groups": [
        "WingPivot_L",
        "WingPivot_L"
      ],
      "unfold": 0,
      "state": {
        "label": "full wing conversion",
        "wing": 0,
        "fold": [
          0,
          0.25,
          0.75,
          1
        ],
        "phase": [
          0,
          0,
          0,
          0
        ]
      },
      "surface": true,
      "contained": 0,
      "witness": {
        "meshA": "Pod_mount_seam_L_Rear",
        "meshB": "Pod_wing_saddle_L_Rear",
        "triangleA": {
          "triangleIndex": 1,
          "vertexIndices": [
            0,
            2,
            3
          ],
          "vertices": [
            [
              -1.5593863271170814,
              -0.1209993548078892,
              -0.9077975473647888
            ],
            [
              -1.5615689419659082,
              -0.1759943046772473,
              -0.910000287576469
            ],
            [
              -1.5593661898216584,
              -0.176001021043881,
              -0.9077975342477687
            ]
          ],
          "bounds": {
            "min": [
              -1.5615689419659082,
              -0.176001021043881,
              -0.910000287576469
            ],
            "max": [
              -1.5593661898216584,
              -0.1209993548078892,
              -0.9077975342477687
            ]
          }
        },
        "triangleB": {
          "triangleIndex": 0,
          "vertexIndices": [
            2,
            0,
            1
          ],
          "vertices": [
            [
              -1.5613875341737316,
              -0.12100015888622451,
              -0.9099982920354321
            ],
            [
              -1.5405470656002862,
              -0.1210001637565353,
              -0.8666656580928953
            ],
            [
              -1.5613674017883707,
              -0.17600184881118597,
              -0.9099982789184072
            ]
          ],
          "bounds": {
            "min": [
              -1.5613875341737316,
              -0.17600184881118597,
              -0.9099982920354321
            ],
            "max": [
              -1.5405470656002862,
              -0.12100015888622451,
              -0.8666656580928953
            ]
          }
        },
        "coplanar": false,
        "epsilon": 1e-9,
        "maxSeparatingGap": -0.00014108841408974789,
        "toleranceOnly": false,
        "testedAxes": 17
      }
    },
    {
      "names": [
        "Pod_mount_seam_L_Rear001",
        "Pod_wing_saddle_L_Rear"
      ],
      "groups": [
        "WingPivot_L",
        "WingPivot_L"
      ],
      "unfold": 0,
      "state": {
        "label": "full wing conversion",
        "wing": 0,
        "fold": [
          0,
          0.25,
          0.75,
          1
        ],
        "phase": [
          0,
          0,
          0,
          0
        ]
      },
      "surface": true,
      "contained": 0,
      "witness": {
        "meshA": "Pod_mount_seam_L_Rear001",
        "meshB": "Pod_wing_saddle_L_Rear",
        "triangleA": {
          "triangleIndex": 6,
          "vertexIndices": [
            6,
            7,
            1
          ],
          "vertices": [
            [
              -1.5593864185247162,
              -0.12099933957327944,
              -0.6522032546949634
            ],
            [
              -1.5593662812292932,
              -0.17600100580927125,
              -0.6522032415779433
            ],
            [
              -1.5615891722456983,
              -0.12099933865421933,
              -0.6500005021556299
            ]
          ],
          "bounds": {
            "min": [
              -1.5615891722456983,
              -0.17600100580927125,
              -0.6522032546949634
            ],
            "max": [
              -1.5593662812292932,
              -0.12099933865421933,
              -0.6500005021556299
            ]
          }
        },
        "triangleB": {
          "triangleIndex": 27,
          "vertexIndices": [
            21,
            10,
            22
          ],
          "vertices": [
            [
              -1.5613674947701004,
              -0.176001833314227,
              -0.6500024976225988
            ],
            [
              -1.5405471275881062,
              -0.12100015342522935,
              -0.6933351372290231
            ],
            [
              -1.5613876271554612,
              -0.12100014338926554,
              -0.6500025107396237
            ]
          ],
          "bounds": {
            "min": [
              -1.5613876271554612,
              -0.176001833314227,
              -0.6933351372290231
            ],
            "max": [
              -1.5405471275881062,
              -0.12100014338926554,
              -0.6500024976225988
            ]
          }
        },
        "coplanar": false,
        "epsilon": 1e-9,
        "maxSeparatingGap": -0.00014109336485824595,
        "toleranceOnly": false,
        "testedAxes": 17
      }
    },
    {
      "names": [
        "Blade_hinge_arm_L_Front_A",
        "Spinner_L_Front"
      ],
      "groups": [
        "Prop_L_Front",
        "Prop_L_Front"
      ],
      "unfold": 0,
      "state": {
        "label": "full wing conversion",
        "wing": 0,
        "fold": [
          0,
          0.25,
          0.75,
          1
        ],
        "phase": [
          0,
          0,
          0,
          0
        ]
      },
      "surface": true,
      "contained": 0,
      "witness": {
        "meshA": "Blade_hinge_arm_L_Front_A",
        "meshB": "Spinner_L_Front",
        "triangleA": {
          "triangleIndex": 1350,
          "vertexIndices": [
            758,
            740,
            741
          ],
          "vertices": [
            [
              -1.7082139558431955,
              0.928979975636432,
              1.0930001013913104
            ],
            [
              -1.7149912684077921,
              0.9279814739380468,
              1.1049995540205038
            ],
            [
              -1.7082139594122605,
              0.909020316221976,
              1.0930001061500634
            ]
          ],
          "bounds": {
            "min": [
              -1.7149912684077921,
              0.909020316221976,
              1.0930001013913104
            ],
            "max": [
              -1.7082139558431955,
              0.928979975636432,
              1.1049995540205038
            ]
          }
        },
        "triangleB": {
          "triangleIndex": 1056,
          "vertexIndices": [
            566,
            563,
            562
          ],
          "vertices": [
            [
              -1.7222760343008243,
              0.9245455539624787,
              1.100265685976525
            ],
            [
              -1.722799714123436,
              0.9287191241282032,
              1.1022239302145815
            ],
            [
              -1.7094855517895136,
              0.9245455496468468,
              1.1046042966294007
            ]
          ],
          "bounds": {
            "min": [
              -1.722799714123436,
              0.9245455496468468,
              1.100265685976525
            ],
            "max": [
              -1.7094855517895136,
              0.9287191241282032,
              1.1046042966294007
            ]
          }
        },
        "coplanar": false,
        "epsilon": 1e-9,
        "maxSeparatingGap": -0.00002818851707430542,
        "toleranceOnly": false,
        "testedAxes": 17
      }
    },
    {
      "names": [
        "Blade_hinge_arm_L_Front_B",
        "Spinner_L_Front"
      ],
      "groups": [
        "Prop_L_Front",
        "Prop_L_Front"
      ],
      "unfold": 0,
      "state": {
        "label": "full wing conversion",
        "wing": 0,
        "fold": [
          0,
          0.25,
          0.75,
          1
        ],
        "phase": [
          0,
          0,
          0,
          0
        ]
      },
      "surface": true,
      "contained": 0,
      "witness": {
        "meshA": "Blade_hinge_arm_L_Front_B",
        "meshB": "Spinner_L_Front",
        "triangleA": {
          "triangleIndex": 640,
          "vertexIndices": [
            380,
            157,
            381
          ],
          "vertices": [
            [
              -1.708233167481675,
              0.929000863064216,
              1.3069993485016476
            ],
            [
              -1.7150104714639054,
              0.9280006203799185,
              1.294999893925239
            ],
            [
              -1.7229932956088894,
              0.9290008683428488,
              1.306999345862331
            ]
          ],
          "bounds": {
            "min": [
              -1.7229932956088894,
              0.9280006203799185,
              1.294999893925239
            ],
            "max": [
              -1.708233167481675,
              0.9290008683428488,
              1.3069993485016476
            ]
          }
        },
        "triangleB": {
          "triangleIndex": 846,
          "vertexIndices": [
            455,
            403,
            456
          ],
          "vertices": [
            [
              -1.722276105636161,
              0.9245455658517047,
              1.2997337610103414
            ],
            [
              -1.71026320386394,
              0.9287191310468758,
              1.2935194277228639
            ],
            [
              -1.7227997840581268,
              0.928719135783988,
              1.2977755145948893
            ]
          ],
          "bounds": {
            "min": [
              -1.7227997840581268,
              0.9245455658517047,
              1.2935194277228639
            ],
            "max": [
              -1.71026320386394,
              0.928719135783988,
              1.2997337610103414
            ]
          }
        },
        "coplanar": false,
        "epsilon": 1e-9,
        "maxSeparatingGap": -0.00042515360135710056,
        "toleranceOnly": false,
        "testedAxes": 17
      }
    },
    {
      "names": [
        "Blade_hinge_arm_L_Rear_A",
        "Spinner_L_Rear"
      ],
      "groups": [
        "Prop_L_Rear",
        "Prop_L_Rear"
      ],
      "unfold": 0,
      "state": {
        "label": "full wing conversion",
        "wing": 0,
        "fold": [
          0,
          0.25,
          0.75,
          1
        ],
        "phase": [
          0,
          0,
          0,
          0
        ]
      },
      "surface": true,
      "contained": 0,
      "witness": {
        "meshA": "Blade_hinge_arm_L_Rear_A",
        "meshB": "Spinner_L_Rear",
        "triangleA": {
          "triangleIndex": 1350,
          "vertexIndices": [
            758,
            740,
            741
          ],
          "vertices": [
            [
              -1.7082132477400132,
              0.9289798576192044,
              -0.8870000631174895
            ],
            [
              -1.7149905603046098,
              0.9279813559208192,
              -0.8750006104882962
            ],
            [
              -1.7082132513090782,
              0.9090201982047484,
              -0.8870000583587364
            ]
          ],
          "bounds": {
            "min": [
              -1.7149905603046098,
              0.9090201982047484,
              -0.8870000631174895
            ],
            "max": [
              -1.7082132477400132,
              0.9289798576192044,
              -0.8750006104882962
            ]
          }
        },
        "triangleB": {
          "triangleIndex": 1056,
          "vertexIndices": [
            566,
            563,
            562
          ],
          "vertices": [
            [
              -1.722275326197642,
              0.9245454359452512,
              -0.879734478532275
            ],
            [
              -1.7227990060202536,
              0.9287190061109757,
              -0.8777762342942182
            ],
            [
              -1.7094848436863312,
              0.9245454316296192,
              -0.8753958678793993
            ]
          ],
          "bounds": {
            "min": [
              -1.7227990060202536,
              0.9245454316296192,
              -0.879734478532275
            ],
            "max": [
              -1.7094848436863312,
              0.9287190061109757,
              -0.8753958678793993
            ]
          }
        },
        "coplanar": false,
        "epsilon": 1e-9,
        "maxSeparatingGap": -0.00002818851707426205,
        "toleranceOnly": false,
        "testedAxes": 17
      }
    },
    {
      "names": [
        "Blade_hinge_arm_L_Rear_B",
        "Spinner_L_Rear"
      ],
      "groups": [
        "Prop_L_Rear",
        "Prop_L_Rear"
      ],
      "unfold": 0,
      "state": {
        "label": "full wing conversion",
        "wing": 0,
        "fold": [
          0,
          0.25,
          0.75,
          1
        ],
        "phase": [
          0,
          0,
          0,
          0
        ]
      },
      "surface": true,
      "contained": 0,
      "witness": {
        "meshA": "Blade_hinge_arm_L_Rear_B",
        "meshB": "Spinner_L_Rear",
        "triangleA": {
          "triangleIndex": 640,
          "vertexIndices": [
            380,
            157,
            381
          ],
          "vertices": [
            [
              -1.7082324593784928,
              0.9290007450469885,
              -0.6730008160071523
            ],
            [
              -1.715009763360723,
              0.9280005023626909,
              -0.6850002705835608
            ],
            [
              -1.722992587505707,
              0.9290007503256212,
              -0.6730008186464688
            ]
          ],
          "bounds": {
            "min": [
              -1.722992587505707,
              0.9280005023626909,
              -0.6850002705835608
            ],
            "max": [
              -1.7082324593784928,
              0.9290007503256212,
              -0.6730008160071523
            ]
          }
        },
        "triangleB": {
          "triangleIndex": 846,
          "vertexIndices": [
            455,
            403,
            456
          ],
          "vertices": [
            [
              -1.7222753975329788,
              0.9245454478344771,
              -0.6802664034984585
            ],
            [
              -1.7102624957607577,
              0.9287190130296482,
              -0.6864807367859361
            ],
            [
              -1.7227990759549445,
              0.9287190177667605,
              -0.6822246499139106
            ]
          ],
          "bounds": {
            "min": [
              -1.7227990759549445,
              0.9245454478344771,
              -0.6864807367859361
            ],
            "max": [
              -1.7102624957607577,
              0.9287190177667605,
              -0.6802664034984585
            ]
          }
        },
        "coplanar": false,
        "epsilon": 1e-9,
        "maxSeparatingGap": -0.0004251536013569462,
        "toleranceOnly": false,
        "testedAxes": 17
      }
    },
    {
      "names": [
        "RootCarrierBridge_L",
        "RootCarrierMoving_L"
      ],
      "groups": [
        "WingPivot_L",
        "WingPivot_L"
      ],
      "unfold": 0,
      "state": {
        "label": "full wing conversion",
        "wing": 0,
        "fold": [
          0,
          0.25,
          0.75,
          1
        ],
        "phase": [
          0,
          0,
          0,
          0
        ]
      },
      "surface": true,
      "contained": 0,
      "witness": {
        "meshA": "RootCarrierBridge_L",
        "meshB": "RootCarrierMoving_L",
        "triangleA": {
          "triangleIndex": 384,
          "vertexIndices": [
            276,
            277,
            278
          ],
          "vertices": [
            [
              -1.5085942163935555,
              -0.20241802623343907,
              1.4227197498457471
            ],
            [
              -1.5053579073867018,
              -0.15687842892682344,
              1.372735758825215
            ],
            [
              -1.5078141711927766,
              -0.2023290995245701,
              1.4232530331148394
            ]
          ],
          "bounds": {
            "min": [
              -1.5085942163935555,
              -0.20241802623343907,
              1.372735758825215
            ],
            "max": [
              -1.5053579073867018,
              -0.15687842892682344,
              1.4232530331148394
            ]
          }
        },
        "triangleB": {
          "triangleIndex": 262,
          "vertexIndices": [
            131,
            135,
            136
          ],
          "vertices": [
            [
              -1.5091923773573688,
              -0.20019239583333098,
              1.4130419172834205
            ],
            [
              -1.514223118559394,
              -0.1956467099168358,
              1.4135255871741328
            ],
            [
              -1.4870876068099341,
              -0.16851120140218084,
              1.4406611021583984
            ]
          ],
          "bounds": {
            "min": [
              -1.514223118559394,
              -0.20019239583333098,
              1.4130419172834205
            ],
            "max": [
              -1.4870876068099341,
              -0.16851120140218084,
              1.4406611021583984
            ]
          }
        },
        "coplanar": false,
        "epsilon": 1e-9,
        "maxSeparatingGap": -0.0013674694517364439,
        "toleranceOnly": false,
        "testedAxes": 17
      }
    },
    {
      "names": [
        "RootCarrierBridge_L",
        "RootFairingMoving_L"
      ],
      "groups": [
        "WingPivot_L",
        "WingPivot_L"
      ],
      "unfold": 0,
      "state": {
        "label": "full wing conversion",
        "wing": 0,
        "fold": [
          0,
          0.25,
          0.75,
          1
        ],
        "phase": [
          0,
          0,
          0,
          0
        ]
      },
      "surface": true,
      "contained": 0,
      "witness": {
        "meshA": "RootCarrierBridge_L",
        "meshB": "RootFairingMoving_L",
        "triangleA": {
          "triangleIndex": 350,
          "vertexIndices": [
            243,
            241,
            244
          ],
          "vertices": [
            [
              -1.5320688024839861,
              -0.1781002543832533,
              1.4284540677689659
            ],
            [
              -1.528849425441946,
              -0.13873626052794177,
              1.3877437871960872
            ],
            [
              -1.5322409020924068,
              -0.1791832333891899,
              1.4290813971816343
            ]
          ],
          "bounds": {
            "min": [
              -1.5322409020924068,
              -0.1791832333891899,
              1.3877437871960872
            ],
            "max": [
              -1.528849425441946,
              -0.13873626052794177,
              1.4290813971816343
            ]
          }
        },
        "triangleB": {
          "triangleIndex": 446,
          "vertexIndices": [
            234,
            248,
            233
          ],
          "vertices": [
            [
              -1.5332981896236266,
              -0.1772176356812848,
              1.4260295160451222
            ],
            [
              -1.5296435791436698,
              -0.17312310428460842,
              1.4295844044276982
            ],
            [
              -1.5303459181895318,
              -0.1778876341784064,
              1.4237472470256372
            ]
          ],
          "bounds": {
            "min": [
              -1.5332981896236266,
              -0.1778876341784064,
              1.4237472470256372
            ],
            "max": [
              -1.5296435791436698,
              -0.17312310428460842,
              1.4295844044276982
            ]
          }
        },
        "coplanar": false,
        "epsilon": 1e-9,
        "maxSeparatingGap": -0.0006433035367044633,
        "toleranceOnly": false,
        "testedAxes": 17
      }
    },
    {
      "names": [
        "RootCarrierMoving_L",
        "RootCarrierThrust_L"
      ],
      "groups": [
        "WingPivot_L",
        "WingPivot_L"
      ],
      "unfold": 0,
      "state": {
        "label": "full wing conversion",
        "wing": 0,
        "fold": [
          0,
          0.25,
          0.75,
          1
        ],
        "phase": [
          0,
          0,
          0,
          0
        ]
      },
      "surface": true,
      "contained": 0,
      "witness": {
        "meshA": "RootCarrierMoving_L",
        "meshB": "RootCarrierThrust_L",
        "triangleA": {
          "triangleIndex": 20,
          "vertexIndices": [
            14,
            13,
            12
          ],
          "vertices": [
            [
              -1.5373617653885323,
              -0.1916193352705137,
              1.4326382434376899
            ],
            [
              -1.5063568774623333,
              -0.16485662987858113,
              1.4562757998614386
            ],
            [
              -1.5102262536390727,
              -0.16448382675585874,
              1.4597737584219554
            ]
          ],
          "bounds": {
            "min": [
              -1.5373617653885323,
              -0.1916193352705137,
              1.4326382434376899
            ],
            "max": [
              -1.5063568774623333,
              -0.16448382675585874,
              1.4597737584219554
            ]
          }
        },
        "triangleB": {
          "triangleIndex": 18,
          "vertexIndices": [
            9,
            13,
            14
          ],
          "vertices": [
            [
              -1.5121302938096528,
              -0.17063023640758382,
              1.4505025453626497
            ],
            [
              -1.5069346990482495,
              -0.165433591164034,
              1.4556981407429779
            ],
            [
              -1.5160004514435839,
              -0.17025814481418924,
              1.4539995599291566
            ]
          ],
          "bounds": {
            "min": [
              -1.5160004514435839,
              -0.17063023640758382,
              1.4505025453626497
            ],
            "max": [
              -1.5069346990482495,
              -0.165433591164034,
              1.4556981407429779
            ]
          }
        },
        "coplanar": false,
        "epsilon": 1e-9,
        "maxSeparatingGap": -2.0307879491573977e-7,
        "toleranceOnly": false,
        "testedAxes": 17
      }
    },
    {
      "names": [
        "RootHingeShaft_L",
        "RootFixedBearingPedestal_L"
      ],
      "groups": [
        "固定机体",
        "固定机体"
      ],
      "unfold": 0,
      "state": {
        "label": "full wing conversion",
        "wing": 0,
        "fold": [
          0,
          0.25,
          0.75,
          1
        ],
        "phase": [
          0,
          0,
          0,
          0
        ]
      },
      "surface": true,
      "contained": 0,
      "witness": {
        "meshA": "RootHingeShaft_L",
        "meshB": "RootFixedBearingPedestal_L",
        "triangleA": {
          "triangleIndex": 37,
          "vertexIndices": [
            27,
            23,
            29
          ],
          "vertices": [
            [
              -1.542864579934994,
              -0.232569305961429,
              1.4106746912082553
            ],
            [
              -1.4470250200387715,
              -0.13672993355315954,
              1.5065142239207652
            ],
            [
              -1.4451218291467431,
              -0.13870565524362835,
              1.5065867508681372
            ]
          ],
          "bounds": {
            "min": [
              -1.542864579934994,
              -0.232569305961429,
              1.4106746912082553
            ],
            "max": [
              -1.4451218291467431,
              -0.13672993355315954,
              1.5065867508681372
            ]
          }
        },
        "triangleB": {
          "triangleIndex": 230,
          "vertexIndices": [
            176,
            177,
            178
          ],
          "vertices": [
            [
              -1.4527769560926416,
              -0.14493063875286244,
              1.5001168420774615
            ],
            [
              -1.4532613915935926,
              -0.1461682456545666,
              1.4969478590118233
            ],
            [
              -1.45659064709869,
              -0.14748038351576154,
              1.4983471018630405
            ]
          ],
          "bounds": {
            "min": [
              -1.45659064709869,
              -0.14748038351576154,
              1.4969478590118233
            ],
            "max": [
              -1.4527769560926416,
              -0.14493063875286244,
              1.5001168420774615
            ]
          }
        },
        "coplanar": false,
        "epsilon": 1e-9,
        "maxSeparatingGap": -0.000839094829130034,
        "toleranceOnly": false,
        "testedAxes": 17
      }
    },
    {
      "names": [
        "RootHingeShaft_L",
        "RootHingeEndcap_L-0148"
      ],
      "groups": [
        "固定机体",
        "固定机体"
      ],
      "unfold": 0,
      "state": {
        "label": "full wing conversion",
        "wing": 0,
        "fold": [
          0,
          0.25,
          0.75,
          1
        ],
        "phase": [
          0,
          0,
          0,
          0
        ]
      },
      "surface": true,
      "contained": 0,
      "witness": {
        "meshA": "RootHingeShaft_L",
        "meshB": "RootHingeEndcap_L-0148",
        "triangleA": {
          "triangleIndex": 104,
          "vertexIndices": [
            67,
            73,
            68
          ],
          "vertices": [
            [
              -1.5403825573037992,
              -0.2501315234310475,
              1.4257548563698383
            ],
            [
              -1.5422042278451769,
              -0.2503508048743605,
              1.4277958085686233
            ],
            [
              -1.544847132754393,
              -0.2511912166692812,
              1.4251529048470921
            ]
          ],
          "bounds": {
            "min": [
              -1.544847132754393,
              -0.2511912166692812,
              1.4251529048470921
            ],
            "max": [
              -1.5403825573037992,
              -0.2501315234310475,
              1.4277958085686233
            ]
          }
        },
        "triangleB": {
          "triangleIndex": 147,
          "vertexIndices": [
            146,
            148,
            149
          ],
          "vertices": [
            [
              -1.5407295434140726,
              -0.25150762550053907,
              1.4249405181988721
            ],
            [
              -1.5379372104683324,
              -0.24391153068095794,
              1.4170885260422725
            ],
            [
              -1.542928662790645,
              -0.24890298476483735,
              1.4270714832240805
            ]
          ],
          "bounds": {
            "min": [
              -1.542928662790645,
              -0.25150762550053907,
              1.4170885260422725
            ],
            "max": [
              -1.5379372104683324,
              -0.24391153068095794,
              1.4270714832240805
            ]
          }
        },
        "coplanar": false,
        "epsilon": 1e-9,
        "maxSeparatingGap": -0.00018697526545756026,
        "toleranceOnly": false,
        "testedAxes": 17
      }
    },
    {
      "names": [
        "RootHingeShaft_L",
        "RootHingeEndcap_L0148"
      ],
      "groups": [
        "固定机体",
        "固定机体"
      ],
      "unfold": 0,
      "state": {
        "label": "full wing conversion",
        "wing": 0,
        "fold": [
          0,
          0.25,
          0.75,
          1
        ],
        "phase": [
          0,
          0,
          0,
          0
        ]
      },
      "surface": true,
      "contained": 0,
      "witness": {
        "meshA": "RootHingeShaft_L",
        "meshB": "RootHingeEndcap_L0148",
        "triangleA": {
          "triangleIndex": 76,
          "vertexIndices": [
            53,
            54,
            55
          ],
          "vertices": [
            [
              -1.4410390611512196,
              -0.1511630098781357,
              1.5149613157237265
            ],
            [
              -1.4401562172507527,
              -0.14827232080898045,
              1.5173140071083333
            ],
            [
              -1.4418288232771623,
              -0.15258395115696569,
              1.5171720170399707
            ]
          ],
          "bounds": {
            "min": [
              -1.4418288232771623,
              -0.15258395115696569,
              1.5149613157237265
            ],
            "max": [
              -1.4401562172507527,
              -0.14827232080898045,
              1.5173140071083333
            ]
          }
        },
        "triangleB": {
          "triangleIndex": 145,
          "vertexIndices": [
            142,
            144,
            145
          ],
          "vertices": [
            [
              -1.4394922213503605,
              -0.15027046521801327,
              1.5150596131049565
            ],
            [
              -1.4470883198644242,
              -0.15306282132955965,
              1.522911586875608
            ],
            [
              -1.4420968744489606,
              -0.14807137418026003,
              1.512928629496459
            ]
          ],
          "bounds": {
            "min": [
              -1.4470883198644242,
              -0.15306282132955965,
              1.512928629496459
            ],
            "max": [
              -1.4394922213503605,
              -0.14807137418026003,
              1.522911586875608
            ]
          }
        },
        "coplanar": false,
        "epsilon": 1e-9,
        "maxSeparatingGap": -0.0005821179989502744,
        "toleranceOnly": false,
        "testedAxes": 17
      }
    },
    {
      "names": [
        "RootBearingFixed_L_Front",
        "RootBearingSeal_L_Front"
      ],
      "groups": [
        "固定机体",
        "固定机体"
      ],
      "unfold": 0,
      "state": {
        "label": "full wing conversion",
        "wing": 0,
        "fold": [
          0,
          0.25,
          0.75,
          1
        ],
        "phase": [
          0,
          0,
          0,
          0
        ]
      },
      "surface": true,
      "contained": 0,
      "witness": {
        "meshA": "RootBearingFixed_L_Front",
        "meshB": "RootBearingSeal_L_Front",
        "triangleA": {
          "triangleIndex": 129,
          "vertexIndices": [
            64,
            69,
            65
          ],
          "vertices": [
            [
              -1.5000023482087206,
              -0.2213358585083947,
              1.432787804978009
            ],
            [
              -1.5094730937492205,
              -0.21592693323359358,
              1.4368505167758114
            ],
            [
              -1.5088472382122318,
              -0.2182636388781055,
              1.4385613668833348
            ]
          ],
          "bounds": {
            "min": [
              -1.5094730937492205,
              -0.2213358585083947,
              1.432787804978009
            ],
            "max": [
              -1.5000023482087206,
              -0.21592693323359358,
              1.4385613668833348
            ]
          }
        },
        "triangleB": {
          "triangleIndex": 127,
          "vertexIndices": [
            63,
            68,
            64
          ],
          "vertices": [
            [
              -1.5154661910216918,
              -0.23463419703758462,
              1.41998179526976
            ],
            [
              -1.5014133375875554,
              -0.21604847624612822,
              1.4323754912188802
            ],
            [
              -1.5004557266078313,
              -0.2196228556905925,
              1.4349922596836204
            ]
          ],
          "bounds": {
            "min": [
              -1.5154661910216918,
              -0.23463419703758462,
              1.41998179526976
            ],
            "max": [
              -1.5004557266078313,
              -0.21604847624612822,
              1.4349922596836204
            ]
          }
        },
        "coplanar": false,
        "epsilon": 1e-9,
        "maxSeparatingGap": -0.0005074726917674015,
        "toleranceOnly": false,
        "testedAxes": 17
      }
    },
    {
      "names": [
        "RootBearingFixed_L_Front",
        "RootBearingHousing_L"
      ],
      "groups": [
        "固定机体",
        "固定机体"
      ],
      "unfold": 0,
      "state": {
        "label": "full wing conversion",
        "wing": 0,
        "fold": [
          0,
          0.25,
          0.75,
          1
        ],
        "phase": [
          0,
          0,
          0,
          0
        ]
      },
      "surface": true,
      "contained": 0,
      "witness": {
        "meshA": "RootBearingFixed_L_Front",
        "meshB": "RootBearingHousing_L",
        "triangleA": {
          "triangleIndex": 40,
          "vertexIndices": [
            20,
            24,
            25
          ],
          "vertices": [
            [
              -1.5264862008893276,
              -0.23102948707488763,
              1.4689661777572127
            ],
            [
              -1.522516208430338,
              -0.2333153753894731,
              1.4672820736128087
            ],
            [
              -1.522516208430338,
              -0.22553764931441705,
              1.4595043475377525
            ]
          ],
          "bounds": {
            "min": [
              -1.5264862008893276,
              -0.2333153753894731,
              1.4595043475377525
            ],
            "max": [
              -1.522516208430338,
              -0.22553764931441705,
              1.4689661777572127
            ]
          }
        },
        "triangleB": {
          "triangleIndex": 84,
          "vertexIndices": [
            84,
            85,
            86
          ],
          "vertices": [
            [
              -1.535218358039856,
              -0.24446171522140503,
              1.453024983406067
            ],
            [
              -1.4590080976486206,
              -0.16825148463249207,
              1.5292352437973022
            ],
            [
              -1.5315603017807007,
              -0.2460135519504547,
              1.4509189128875732
            ]
          ],
          "bounds": {
            "min": [
              -1.535218358039856,
              -0.2460135519504547,
              1.4509189128875732
            ],
            "max": [
              -1.4590080976486206,
              -0.16825148463249207,
              1.5292352437973022
            ]
          }
        },
        "coplanar": false,
        "epsilon": 1e-9,
        "maxSeparatingGap": -3.528135815401498e-7,
        "toleranceOnly": false,
        "testedAxes": 17
      }
    },
    {
      "names": [
        "RootBearingSeal_L_Front",
        "RootBearingHousing_L"
      ],
      "groups": [
        "固定机体",
        "固定机体"
      ],
      "unfold": 0,
      "state": {
        "label": "full wing conversion",
        "wing": 0,
        "fold": [
          0,
          0.25,
          0.75,
          1
        ],
        "phase": [
          0,
          0,
          0,
          0
        ]
      },
      "surface": true,
      "contained": 0,
      "witness": {
        "meshA": "RootBearingSeal_L_Front",
        "meshB": "RootBearingHousing_L",
        "triangleA": {
          "triangleIndex": 57,
          "vertexIndices": [
            28,
            33,
            29
          ],
          "vertices": [
            [
              -1.5176760625133625,
              -0.23231032423880385,
              1.464900064137363
            ],
            [
              -1.5168938381599617,
              -0.22522733533474643,
              1.4570357278130364
            ],
            [
              -1.5190931864540531,
              -0.22463803627030088,
              1.4586457770426822
            ]
          ],
          "bounds": {
            "min": [
              -1.5190931864540531,
              -0.23231032423880385,
              1.4570357278130364
            ],
            "max": [
              -1.5168938381599617,
              -0.22463803627030088,
              1.464900064137363
            ]
          }
        },
        "triangleB": {
          "triangleIndex": 85,
          "vertexIndices": [
            86,
            85,
            87
          ],
          "vertices": [
            [
              -1.5315603017807007,
              -0.2460135519504547,
              1.4509189128875732
            ],
            [
              -1.4590080976486206,
              -0.16825148463249207,
              1.5292352437973022
            ],
            [
              -1.4553500413894653,
              -0.16980332136154175,
              1.5271291732788086
            ]
          ],
          "bounds": {
            "min": [
              -1.5315603017807007,
              -0.2460135519504547,
              1.4509189128875732
            ],
            "max": [
              -1.4553500413894653,
              -0.16825148463249207,
              1.5292352437973022
            ]
          }
        },
        "coplanar": false,
        "epsilon": 1e-9,
        "maxSeparatingGap": -3.069782843765148e-7,
        "toleranceOnly": false,
        "testedAxes": 17
      }
    },
    {
      "names": [
        "RootBearingFixed_L_Rear",
        "RootBearingSeal_L_Rear"
      ],
      "groups": [
        "固定机体",
        "固定机体"
      ],
      "unfold": 0,
      "state": {
        "label": "full wing conversion",
        "wing": 0,
        "fold": [
          0,
          0.25,
          0.75,
          1
        ],
        "phase": [
          0,
          0,
          0,
          0
        ]
      },
      "surface": true,
      "contained": 0,
      "witness": {
        "meshA": "RootBearingFixed_L_Rear",
        "meshB": "RootBearingSeal_L_Rear",
        "triangleA": {
          "triangleIndex": 129,
          "vertexIndices": [
            64,
            69,
            65
          ],
          "vertices": [
            [
              -1.436493837619121,
              -0.1578273404682145,
              1.4962963155676086
            ],
            [
              -1.4459645831596208,
              -0.15241841519341337,
              1.500359027365411
            ],
            [
              -1.4453387276226322,
              -0.15475512083792528,
              1.5020698774729344
            ]
          ],
          "bounds": {
            "min": [
              -1.4459645831596208,
              -0.1578273404682145,
              1.4962963155676086
            ],
            "max": [
              -1.436493837619121,
              -0.15241841519341337,
              1.5020698774729344
            ]
          }
        },
        "triangleB": {
          "triangleIndex": 127,
          "vertexIndices": [
            63,
            68,
            64
          ],
          "vertices": [
            [
              -1.4519576839069228,
              -0.17112566026738105,
              1.4834894344106484
            ],
            [
              -1.4379048341165606,
              -0.1525399442950294,
              1.4958840040791026
            ],
            [
              -1.4369472233851364,
              -0.1561143228126903,
              1.4985007718653391
            ]
          ],
          "bounds": {
            "min": [
              -1.4519576839069228,
              -0.17112566026738105,
              1.4834894344106484
            ],
            "max": [
              -1.4369472233851364,
              -0.1525399442950294,
              1.4985007718653391
            ]
          }
        },
        "coplanar": false,
        "epsilon": 1e-9,
        "maxSeparatingGap": -0.0005074146076915337,
        "toleranceOnly": false,
        "testedAxes": 17
      }
    },
    {
      "names": [
        "RootBearingFixed_L_Rear",
        "RootFixedBearingPedestal_L"
      ],
      "groups": [
        "固定机体",
        "固定机体"
      ],
      "unfold": 0,
      "state": {
        "label": "full wing conversion",
        "wing": 0,
        "fold": [
          0,
          0.25,
          0.75,
          1
        ],
        "phase": [
          0,
          0,
          0,
          0
        ]
      },
      "surface": true,
      "contained": 0,
      "witness": {
        "meshA": "RootBearingFixed_L_Rear",
        "meshB": "RootFixedBearingPedestal_L",
        "triangleA": {
          "triangleIndex": 137,
          "vertexIndices": [
            68,
            73,
            69
          ],
          "vertices": [
            [
              -1.4375253402634172,
              -0.15397770484326126,
              1.4934790741190553
            ],
            [
              -1.4469871704828774,
              -0.15000771238427177,
              1.498970911879526
            ],
            [
              -1.4459645831596208,
              -0.15241841519341337,
              1.500359027365411
            ]
          ],
          "bounds": {
            "min": [
              -1.4469871704828774,
              -0.15397770484326126,
              1.4934790741190553
            ],
            "max": [
              -1.4375253402634172,
              -0.15000771238427177,
              1.500359027365411
            ]
          }
        },
        "triangleB": {
          "triangleIndex": 23,
          "vertexIndices": [
            19,
            17,
            15
          ],
          "vertices": [
            [
              -1.4496797987935146,
              -0.14751441867428436,
              1.4967697552694739
            ],
            [
              -1.4491547478119315,
              -0.14617289536101302,
              1.5002051553787656
            ],
            [
              -1.416837829867786,
              -0.17570339179360708,
              1.5027581280816726
            ]
          ],
          "bounds": {
            "min": [
              -1.4496797987935146,
              -0.17570339179360708,
              1.4967697552694739
            ],
            "max": [
              -1.416837829867786,
              -0.14617289536101302,
              1.5027581280816726
            ]
          }
        },
        "coplanar": false,
        "epsilon": 1e-9,
        "maxSeparatingGap": -0.0005817321722536377,
        "toleranceOnly": false,
        "testedAxes": 17
      }
    },
    {
      "names": [
        "RootBearingFixed_L_Rear",
        "RootBearingHousing_L"
      ],
      "groups": [
        "固定机体",
        "固定机体"
      ],
      "unfold": 0,
      "state": {
        "label": "full wing conversion",
        "wing": 0,
        "fold": [
          0,
          0.25,
          0.75,
          1
        ],
        "phase": [
          0,
          0,
          0,
          0
        ]
      },
      "surface": true,
      "contained": 0,
      "witness": {
        "meshA": "RootBearingFixed_L_Rear",
        "meshB": "RootBearingHousing_L",
        "triangleA": {
          "triangleIndex": 200,
          "vertexIndices": [
            100,
            104,
            105
          ],
          "vertices": [
            [
              -1.462977690299728,
              -0.12852535480695054,
              1.4934790741190553
            ],
            [
              -1.4668273259246811,
              -0.12749385216265438,
              1.4962963155676086
            ],
            [
              -1.4637551062943919,
              -0.13633874216616548,
              1.5020698774729344
            ]
          ],
          "bounds": {
            "min": [
              -1.4668273259246811,
              -0.13633874216616548,
              1.4934790741190553
            ],
            "max": [
              -1.462977690299728,
              -0.12749385216265438,
              1.5020698774729344
            ]
          }
        },
        "triangleB": {
          "triangleIndex": 266,
          "vertexIndices": [
            267,
            266,
            268
          ],
          "vertices": [
            [
              -1.4626661539077759,
              -0.1302129328250885,
              1.4948546886444092
            ],
            [
              -1.462935447692871,
              -0.1287551373243332,
              1.4936662912368774
            ],
            [
              -1.4667435884475708,
              -0.12773478031158447,
              1.4964540004730225
            ]
          ],
          "bounds": {
            "min": [
              -1.4667435884475708,
              -0.1302129328250885,
              1.4936662912368774
            ],
            "max": [
              -1.4626661539077759,
              -0.12773478031158447,
              1.4964540004730225
            ]
          }
        },
        "coplanar": false,
        "epsilon": 1e-9,
        "maxSeparatingGap": -2.4467842609844116e-7,
        "toleranceOnly": false,
        "testedAxes": 17
      }
    },
    {
      "names": [
        "RootBearingSeal_L_Rear",
        "RootFixedBearingPedestal_L"
      ],
      "groups": [
        "固定机体",
        "固定机体"
      ],
      "unfold": 0,
      "state": {
        "label": "full wing conversion",
        "wing": 0,
        "fold": [
          0,
          0.25,
          0.75,
          1
        ],
        "phase": [
          0,
          0,
          0,
          0
        ]
      },
      "surface": true,
      "contained": 0,
      "witness": {
        "meshA": "RootBearingSeal_L_Rear",
        "meshB": "RootFixedBearingPedestal_L",
        "triangleA": {
          "triangleIndex": 128,
          "vertexIndices": [
            64,
            68,
            69
          ],
          "vertices": [
            [
              -1.4369472233851364,
              -0.1561143228126903,
              1.4985007718653391
            ],
            [
              -1.4379048341165606,
              -0.1525399442950294,
              1.4958840040791026
            ],
            [
              -1.4455771200957106,
              -0.15112194378888177,
              1.5021391664850092
            ]
          ],
          "bounds": {
            "min": [
              -1.4455771200957106,
              -0.1561143228126903,
              1.4958840040791026
            ],
            "max": [
              -1.4369472233851364,
              -0.15112194378888177,
              1.5021391664850092
            ]
          }
        },
        "triangleB": {
          "triangleIndex": 23,
          "vertexIndices": [
            19,
            17,
            15
          ],
          "vertices": [
            [
              -1.4496797987935146,
              -0.14751441867428436,
              1.4967697552694739
            ],
            [
              -1.4491547478119315,
              -0.14617289536101302,
              1.5002051553787656
            ],
            [
              -1.416837829867786,
              -0.17570339179360708,
              1.5027581280816726
            ]
          ],
          "bounds": {
            "min": [
              -1.4496797987935146,
              -0.17570339179360708,
              1.4967697552694739
            ],
            "max": [
              -1.416837829867786,
              -0.14617289536101302,
              1.5027581280816726
            ]
          }
        },
        "coplanar": false,
        "epsilon": 1e-9,
        "maxSeparatingGap": -0.0003878130133869723,
        "toleranceOnly": false,
        "testedAxes": 17
      }
    },
    {
      "names": [
        "RootBearingSeal_L_Rear",
        "RootBearingHousing_L"
      ],
      "groups": [
        "固定机体",
        "固定机体"
      ],
      "unfold": 0,
      "state": {
        "label": "full wing conversion",
        "wing": 0,
        "fold": [
          0,
          0.25,
          0.75,
          1
        ],
        "phase": [
          0,
          0,
          0,
          0
        ]
      },
      "surface": true,
      "contained": 0,
      "witness": {
        "meshA": "RootBearingSeal_L_Rear",
        "meshB": "RootBearingHousing_L",
        "triangleA": {
          "triangleIndex": 174,
          "vertexIndices": [
            87,
            91,
            92
          ],
          "vertices": [
            [
              -1.46560363682972,
              -0.15021870289751996,
              1.476229306896489
            ],
            [
              -1.4691780153473808,
              -0.14760193511128342,
              1.477186917627913
            ],
            [
              -1.4541675548255943,
              -0.1325914745894969,
              1.4921982550826038
            ]
          ],
          "bounds": {
            "min": [
              -1.4691780153473808,
              -0.15021870289751996,
              1.476229306896489
            ],
            "max": [
              -1.4541675548255943,
              -0.1325914745894969,
              1.4921982550826038
            ]
          }
        },
        "triangleB": {
          "triangleIndex": 261,
          "vertexIndices": [
            260,
            262,
            263
          ],
          "vertices": [
            [
              -1.451803207397461,
              -0.13646741211414337,
              1.490246295928955
            ],
            [
              -1.4550807476043701,
              -0.13268253207206726,
              1.489738941192627
            ],
            [
              -1.4553500413894653,
              -0.133870929479599,
              1.4911967515945435
            ]
          ],
          "bounds": {
            "min": [
              -1.4553500413894653,
              -0.13646741211414337,
              1.489738941192627
            ],
            "max": [
              -1.451803207397461,
              -0.13268253207206726,
              1.4911967515945435
            ]
          }
        },
        "coplanar": false,
        "epsilon": 1e-9,
        "maxSeparatingGap": -0.00019877397920143973,
        "toleranceOnly": false,
        "testedAxes": 17
      }
    },
    {
      "names": [
        "RootFixedBearingPedestal_L",
        "RootBearingHousing_L"
      ],
      "groups": [
        "固定机体",
        "固定机体"
      ],
      "unfold": 0,
      "state": {
        "label": "full wing conversion",
        "wing": 0,
        "fold": [
          0,
          0.25,
          0.75,
          1
        ],
        "phase": [
          0,
          0,
          0,
          0
        ]
      },
      "surface": true,
      "contained": 0,
      "witness": {
        "meshA": "RootFixedBearingPedestal_L",
        "meshB": "RootBearingHousing_L",
        "triangleA": {
          "triangleIndex": 25,
          "vertexIndices": [
            19,
            15,
            21
          ],
          "vertices": [
            [
              -1.4496797987935146,
              -0.14751441867428436,
              1.4967697552694739
            ],
            [
              -1.416837829867786,
              -0.17570339179360708,
              1.5027581280816726
            ],
            [
              -1.417821115134329,
              -0.177508782977769,
              1.4996522594285837
            ]
          ],
          "bounds": {
            "min": [
              -1.4496797987935146,
              -0.177508782977769,
              1.4967697552694739
            ],
            "max": [
              -1.416837829867786,
              -0.14751441867428436,
              1.5027581280816726
            ]
          }
        },
        "triangleB": {
          "triangleIndex": 247,
          "vertexIndices": [
            248,
            246,
            249
          ],
          "vertices": [
            [
              -1.4382624626159668,
              -0.1572129875421524,
              1.4974511861801147
            ],
            [
              -1.4363911151885986,
              -0.16131660342216492,
              1.4996834993362427
            ],
            [
              -1.4367347955703735,
              -0.15774358808994293,
              1.4964540004730225
            ]
          ],
          "bounds": {
            "min": [
              -1.4382624626159668,
              -0.16131660342216492,
              1.4964540004730225
            ],
            "max": [
              -1.4363911151885986,
              -0.1572129875421524,
              1.4996834993362427
            ]
          }
        },
        "coplanar": false,
        "epsilon": 1e-9,
        "maxSeparatingGap": -0.00037666906854566865,
        "toleranceOnly": false,
        "testedAxes": 17
      }
    },
    {
      "names": [
        "RootFixedBearingPedestal_L",
        "RootFairingFixed_L"
      ],
      "groups": [
        "固定机体",
        "固定机体"
      ],
      "unfold": 0,
      "state": {
        "label": "full wing conversion",
        "wing": 0,
        "fold": [
          0,
          0.25,
          0.75,
          1
        ],
        "phase": [
          0,
          0,
          0,
          0
        ]
      },
      "surface": true,
      "contained": 0,
      "witness": {
        "meshA": "RootFixedBearingPedestal_L",
        "meshB": "RootFairingFixed_L",
        "triangleA": {
          "triangleIndex": 6,
          "vertexIndices": [
            2,
            6,
            8
          ],
          "vertices": [
            [
              -1.4166991663292892,
              -0.17325697420394778,
              1.5135136401632368
            ],
            [
              -1.4162661964440724,
              -0.1735361712437296,
              1.5098248482171621
            ],
            [
              -1.449541135255018,
              -0.1450680010846251,
              1.507525267351038
            ]
          ],
          "bounds": {
            "min": [
              -1.449541135255018,
              -0.1735361712437296,
              1.507525267351038
            ],
            "max": [
              -1.4162661964440724,
              -0.1450680010846251,
              1.5135136401632368
            ]
          }
        },
        "triangleB": {
          "triangleIndex": 1969,
          "vertexIndices": [
            1061,
            1059,
            1058
          ],
          "vertices": [
            [
              -1.4291160106658936,
              -0.15809103846549988,
              1.5099265575408936
            ],
            [
              -1.4295564889907837,
              -0.15959171950817108,
              1.5118677616119385
            ],
            [
              -1.4315718412399292,
              -0.16507256031036377,
              1.5073155164718628
            ]
          ],
          "bounds": {
            "min": [
              -1.4315718412399292,
              -0.16507256031036377,
              1.5073155164718628
            ],
            "max": [
              -1.4291160106658936,
              -0.15809103846549988,
              1.5118677616119385
            ]
          }
        },
        "coplanar": false,
        "epsilon": 1e-9,
        "maxSeparatingGap": -0.0010538169201786966,
        "toleranceOnly": false,
        "testedAxes": 17
      }
    },
    {
      "names": [
        "BraceRod_mesh_L",
        "BraceRodEyeNeck_L_Body"
      ],
      "groups": [
        "BraceRod_L",
        "BraceRod_L"
      ],
      "unfold": 0,
      "state": {
        "label": "full wing conversion",
        "wing": 0,
        "fold": [
          0,
          0.25,
          0.75,
          1
        ],
        "phase": [
          0,
          0,
          0,
          0
        ]
      },
      "surface": true,
      "contained": 0,
      "witness": {
        "meshA": "BraceRod_mesh_L",
        "meshB": "BraceRodEyeNeck_L_Body",
        "triangleA": {
          "triangleIndex": 101,
          "vertexIndices": [
            27,
            69,
            72
          ],
          "vertices": [
            [
              -0.16645092194678845,
              -0.022202439946519437,
              -0.9740025487959629
            ],
            [
              -1.4484617583340214,
              -0.5108362710715244,
              1.8198273582394249
            ],
            [
              -1.447984044289174,
              -0.5156150712369674,
              1.819210767785405
            ]
          ],
          "bounds": {
            "min": [
              -1.4484617583340214,
              -0.5156150712369674,
              -0.9740025487959629
            ],
            "max": [
              -0.16645092194678845,
              -0.022202439946519437,
              1.8198273582394249
            ]
          }
        },
        "triangleB": {
          "triangleIndex": 104,
          "vertexIndices": [
            104,
            105,
            106
          ],
          "vertices": [
            [
              -0.16729230129424932,
              -0.028419389182992912,
              -0.9663963311111963
            ],
            [
              -0.1689383450678778,
              -0.021649867804332475,
              -0.9659676825352174
            ],
            [
              -0.17243024053367512,
              -0.023457642284587764,
              -0.9662547126487122
            ]
          ],
          "bounds": {
            "min": [
              -0.17243024053367512,
              -0.028419389182992912,
              -0.9663963311111963
            ],
            "max": [
              -0.16729230129424932,
              -0.021649867804332475,
              -0.9659676825352174
            ]
          }
        },
        "coplanar": false,
        "epsilon": 1e-9,
        "maxSeparatingGap": -0.0012057767099957714,
        "toleranceOnly": false,
        "testedAxes": 17
      }
    },
    {
      "names": [
        "BraceRod_mesh_L",
        "BraceRodEyeNeck_L_Root"
      ],
      "groups": [
        "BraceRod_L",
        "BraceRod_L"
      ],
      "unfold": 0,
      "state": {
        "label": "full wing conversion",
        "wing": 0,
        "fold": [
          0,
          0.25,
          0.75,
          1
        ],
        "phase": [
          0,
          0,
          0,
          0
        ]
      },
      "surface": true,
      "contained": 0,
      "witness": {
        "meshA": "BraceRod_mesh_L",
        "meshB": "BraceRodEyeNeck_L_Root",
        "triangleA": {
          "triangleIndex": 101,
          "vertexIndices": [
            27,
            69,
            72
          ],
          "vertices": [
            [
              -0.16645092194678845,
              -0.022202439946519437,
              -0.9740025487959629
            ],
            [
              -1.4484617583340214,
              -0.5108362710715244,
              1.8198273582394249
            ],
            [
              -1.447984044289174,
              -0.5156150712369674,
              1.819210767785405
            ]
          ],
          "bounds": {
            "min": [
              -1.4484617583340214,
              -0.5156150712369674,
              -0.9740025487959629
            ],
            "max": [
              -0.16645092194678845,
              -0.022202439946519437,
              1.8198273582394249
            ]
          }
        },
        "triangleB": {
          "triangleIndex": 84,
          "vertexIndices": [
            64,
            65,
            66
          ],
          "vertices": [
            [
              -1.4442355604074395,
              -0.5077248278917529,
              1.8132315263190768
            ],
            [
              -1.4425895172654981,
              -0.5144943494134442,
              1.812802877576215
            ],
            [
              -1.4453218094786466,
              -0.5140047027244121,
              1.8100032638453805
            ]
          ],
          "bounds": {
            "min": [
              -1.4453218094786466,
              -0.5144943494134442,
              1.8100032638453805
            ],
            "max": [
              -1.4425895172654981,
              -0.5077248278917529,
              1.8132315263190768
            ]
          }
        },
        "coplanar": false,
        "epsilon": 1e-9,
        "maxSeparatingGap": -0.0013676790924321836,
        "toleranceOnly": false,
        "testedAxes": 17
      }
    },
    {
      "names": [
        "BraceRod_mesh_L",
        "BraceRodFerrule_L_Body"
      ],
      "groups": [
        "BraceRod_L",
        "BraceRod_L"
      ],
      "unfold": 0,
      "state": {
        "label": "full wing conversion",
        "wing": 0,
        "fold": [
          0,
          0.25,
          0.75,
          1
        ],
        "phase": [
          0,
          0,
          0,
          0
        ]
      },
      "surface": true,
      "contained": 0,
      "witness": {
        "meshA": "BraceRod_mesh_L",
        "meshB": "BraceRodFerrule_L_Body",
        "triangleA": {
          "triangleIndex": 97,
          "vertexIndices": [
            66,
            69,
            25
          ],
          "vertices": [
            [
              -1.4487657586222724,
              -0.5096389343571012,
              1.819897272145644
            ],
            [
              -1.4484617583340214,
              -0.5108362710715244,
              1.8198273582394249
            ],
            [
              -0.1667549222350394,
              -0.0210051032320962,
              -0.9739326348897439
            ]
          ],
          "bounds": {
            "min": [
              -1.4487657586222724,
              -0.5108362710715244,
              -0.9739326348897439
            ],
            "max": [
              -0.1667549222350394,
              -0.0210051032320962,
              1.819897272145644
            ]
          }
        },
        "triangleB": {
          "triangleIndex": 137,
          "vertexIndices": [
            132,
            134,
            135
          ],
          "vertices": [
            [
              -0.1805289789790103,
              -0.02797153225653806,
              -0.9345130947763237
            ],
            [
              -0.18651766266064806,
              -0.025337105620719967,
              -0.9351691398329303
            ],
            [
              -0.18416642458599428,
              -0.029323762943039115,
              -0.9347874784271446
            ]
          ],
          "bounds": {
            "min": [
              -0.18651766266064806,
              -0.029323762943039115,
              -0.9351691398329303
            ],
            "max": [
              -0.1805289789790103,
              -0.025337105620719967,
              -0.9345130947763237
            ]
          }
        },
        "coplanar": false,
        "epsilon": 1e-9,
        "maxSeparatingGap": -0.00030135518465401745,
        "toleranceOnly": false,
        "testedAxes": 17
      }
    },
    {
      "names": [
        "BraceRod_mesh_L",
        "BraceRodFerrule_L_Root"
      ],
      "groups": [
        "BraceRod_L",
        "BraceRod_L"
      ],
      "unfold": 0,
      "state": {
        "label": "full wing conversion",
        "wing": 0,
        "fold": [
          0,
          0.25,
          0.75,
          1
        ],
        "phase": [
          0,
          0,
          0,
          0
        ]
      },
      "surface": true,
      "contained": 0,
      "witness": {
        "meshA": "BraceRod_mesh_L",
        "meshB": "BraceRodFerrule_L_Root",
        "triangleA": {
          "triangleIndex": 96,
          "vertexIndices": [
            66,
            68,
            69
          ],
          "vertices": [
            [
              -1.4487657586222724,
              -0.5096389343571012,
              1.819897272145644
            ],
            [
              -1.4515087505517181,
              -0.5108973251847835,
              1.8226661509968958
            ],
            [
              -1.4484617583340214,
              -0.5108362710715244,
              1.8198273582394249
            ]
          ],
          "bounds": {
            "min": [
              -1.4515087505517181,
              -0.5108973251847835,
              1.8198273582394249
            ],
            "max": [
              -1.4484617583340214,
              -0.5096389343571012,
              1.8226661509968958
            ]
          }
        },
        "triangleB": {
          "triangleIndex": 104,
          "vertexIndices": [
            73,
            69,
            74
          ],
          "vertices": [
            [
              -1.451546715853241,
              -0.5074983902299802,
              1.8216531164580894
            ],
            [
              -1.4515467198239063,
              -0.5240788886883664,
              1.8187532271148916
            ],
            [
              -1.4483703699894723,
              -0.5160359937020953,
              1.8216174478314884
            ]
          ],
          "bounds": {
            "min": [
              -1.4515467198239063,
              -0.5240788886883664,
              1.8187532271148916
            ],
            "max": [
              -1.4483703699894723,
              -0.5074983902299802,
              1.8216531164580894
            ]
          }
        },
        "coplanar": false,
        "epsilon": 1e-9,
        "maxSeparatingGap": -0.00007634528939106516,
        "toleranceOnly": false,
        "testedAxes": 17
      }
    },
    {
      "names": [
        "BraceRodEye_L_Body",
        "BraceRodEyeNeck_L_Body"
      ],
      "groups": [
        "BraceRod_L",
        "BraceRod_L"
      ],
      "unfold": 0,
      "state": {
        "label": "full wing conversion",
        "wing": 0,
        "fold": [
          0,
          0.25,
          0.75,
          1
        ],
        "phase": [
          0,
          0,
          0,
          0
        ]
      },
      "surface": true,
      "contained": 0,
      "witness": {
        "meshA": "BraceRodEye_L_Body",
        "meshB": "BraceRodEyeNeck_L_Body",
        "triangleA": {
          "triangleIndex": 181,
          "vertexIndices": [
            92,
            99,
            100
          ],
          "vertices": [
            [
              -0.17616750336938025,
              -0.013963669626013638,
              -0.9894917836835957
            ],
            [
              -0.1752571674848396,
              -0.008947741255285682,
              -0.9906590457031602
            ],
            [
              -0.16614510085203985,
              -0.009657333336756302,
              -0.9866018776417536
            ]
          ],
          "bounds": {
            "min": [
              -0.17616750336938025,
              -0.013963669626013638,
              -0.9906590457031602
            ],
            "max": [
              -0.16614510085203985,
              -0.008947741255285682,
              -0.9866018776417536
            ]
          }
        },
        "triangleB": {
          "triangleIndex": 90,
          "vertexIndices": [
            76,
            77,
            78
          ],
          "vertices": [
            [
              -0.1774559954135317,
              -0.012330375760921409,
              -0.9906065262081369
            ],
            [
              -0.17131231629450125,
              -0.011029426656479994,
              -0.987559830011833
            ],
            [
              -0.17070913579504685,
              -0.014405184538359352,
              -0.9895049376355898
            ]
          ],
          "bounds": {
            "min": [
              -0.1774559954135317,
              -0.014405184538359352,
              -0.9906065262081369
            ],
            "max": [
              -0.17070913579504685,
              -0.011029426656479994,
              -0.987559830011833
            ]
          }
        },
        "coplanar": false,
        "epsilon": 1e-9,
        "maxSeparatingGap": -0.0007038995335307864,
        "toleranceOnly": false,
        "testedAxes": 17
      }
    },
    {
      "names": [
        "BraceRodEye_L_Root",
        "BraceRodEyeNeck_L_Root"
      ],
      "groups": [
        "BraceRod_L",
        "BraceRod_L"
      ],
      "unfold": 0,
      "state": {
        "label": "full wing conversion",
        "wing": 0,
        "fold": [
          0,
          0.25,
          0.75,
          1
        ],
        "phase": [
          0,
          0,
          0,
          0
        ]
      },
      "surface": true,
      "contained": 0,
      "witness": {
        "meshA": "BraceRodEye_L_Root",
        "meshB": "BraceRodEyeNeck_L_Root",
        "triangleA": {
          "triangleIndex": 379,
          "vertexIndices": [
            191,
            198,
            199
          ],
          "vertices": [
            [
              -1.4582881154281047,
              -0.5068219649437695,
              1.828492047303577
            ],
            [
              -1.4577307540919757,
              -0.5115851200160957,
              1.8264071914071809
            ],
            [
              -1.4626746170219238,
              -0.5155545684131883,
              1.8368164519188321
            ]
          ],
          "bounds": {
            "min": [
              -1.4626746170219238,
              -0.5155545684131883,
              1.8264071914071809
            ],
            "max": [
              -1.4577307540919757,
              -0.5068219649437695,
              1.8368164519188321
            ]
          }
        },
        "triangleB": {
          "triangleIndex": 87,
          "vertexIndices": [
            68,
            70,
            71
          ],
          "vertices": [
            [
              -1.4525024824694337,
              -0.5108757351888716,
              1.8312472665357213
            ],
            [
              -1.4592706162246716,
              -0.5088867500086761,
              1.8301209054832699
            ],
            [
              -1.455994378106706,
              -0.5126835093409059,
              1.8309602364411208
            ]
          ],
          "bounds": {
            "min": [
              -1.4592706162246716,
              -0.5126835093409059,
              1.8301209054832699
            ],
            "max": [
              -1.4525024824694337,
              -0.5088867500086761,
              1.8312472665357213
            ]
          }
        },
        "coplanar": false,
        "epsilon": 1e-9,
        "maxSeparatingGap": -0.00008789330532609158,
        "toleranceOnly": false,
        "testedAxes": 17
      }
    },
    {
      "names": [
        "BraceRodEyeNeck_L_Body",
        "BraceRodFerrule_L_Body"
      ],
      "groups": [
        "BraceRod_L",
        "BraceRod_L"
      ],
      "unfold": 0,
      "state": {
        "label": "full wing conversion",
        "wing": 0,
        "fold": [
          0,
          0.25,
          0.75,
          1
        ],
        "phase": [
          0,
          0,
          0,
          0
        ]
      },
      "surface": true,
      "contained": 0,
      "witness": {
        "meshA": "BraceRodEyeNeck_L_Body",
        "meshB": "BraceRodFerrule_L_Body",
        "triangleA": {
          "triangleIndex": 35,
          "vertexIndices": [
            27,
            25,
            23
          ],
          "vertices": [
            [
              -0.1609312529490169,
              -0.018400404711970707,
              -0.9801467113488209
            ],
            [
              -0.16593404487526098,
              -0.012602781738137375,
              -0.9814283637241126
            ],
            [
              -0.16628578384757806,
              -0.020441264954786056,
              -0.9684778173442256
            ]
          ],
          "bounds": {
            "min": [
              -0.16628578384757806,
              -0.020441264954786056,
              -0.9814283637241126
            ],
            "max": [
              -0.1609312529490169,
              -0.012602781738137375,
              -0.9684778173442256
            ]
          }
        },
        "triangleB": {
          "triangleIndex": 135,
          "vertexIndices": [
            128,
            130,
            131
          ],
          "vertices": [
            [
              -0.1658514542144057,
              -0.01601572593188912,
              -0.9736716984677687
            ],
            [
              -0.16521957953982075,
              -0.0221022409247594,
              -0.9760775056496416
            ],
            [
              -0.1675708176144745,
              -0.018115583602440248,
              -0.9764591670554272
            ]
          ],
          "bounds": {
            "min": [
              -0.1675708176144745,
              -0.0221022409247594,
              -0.9764591670554272
            ],
            "max": [
              -0.16521957953982075,
              -0.01601572593188912,
              -0.9736716984677687
            ]
          }
        },
        "coplanar": false,
        "epsilon": 1e-9,
        "maxSeparatingGap": -0.0003874364697017737,
        "toleranceOnly": false,
        "testedAxes": 17
      }
    },
    {
      "names": [
        "BraceRodEyeNeck_L_Root",
        "BraceRodFerrule_L_Root"
      ],
      "groups": [
        "BraceRod_L",
        "BraceRod_L"
      ],
      "unfold": 0,
      "state": {
        "label": "full wing conversion",
        "wing": 0,
        "fold": [
          0,
          0.25,
          0.75,
          1
        ],
        "phase": [
          0,
          0,
          0,
          0
        ]
      },
      "surface": true,
      "contained": 0,
      "witness": {
        "meshA": "BraceRodEyeNeck_L_Root",
        "meshB": "BraceRodFerrule_L_Root",
        "triangleA": {
          "triangleIndex": 13,
          "vertexIndices": [
            11,
            6,
            13
          ],
          "vertices": [
            [
              -1.449849921178108,
              -0.5096671325321055,
              1.8287371317089476
            ],
            [
              -1.4444953902795468,
              -0.5076262725416033,
              1.8170682376602232
            ],
            [
              -1.4494981816914083,
              -0.5018286490794907,
              1.8157865854858528
            ]
          ],
          "bounds": {
            "min": [
              -1.449849921178108,
              -0.5096671325321055,
              1.8157865854858528
            ],
            "max": [
              -1.4444953902795468,
              -0.5018286490794907,
              1.8287371317089476
            ]
          }
        },
        "triangleB": {
          "triangleIndex": 136,
          "vertexIndices": [
            132,
            133,
            134
          ],
          "vertices": [
            [
              -1.4455580312016212,
              -0.5101328172924942,
              1.822309161620955
            ],
            [
              -1.4486211653047325,
              -0.5049387984209817,
              1.8218119954298868
            ],
            [
              -1.451546715853241,
              -0.5074983902299802,
              1.8216531164580894
            ]
          ],
          "bounds": {
            "min": [
              -1.451546715853241,
              -0.5101328172924942,
              1.8216531164580894
            ],
            "max": [
              -1.4455580312016212,
              -0.5049387984209817,
              1.822309161620955
            ]
          }
        },
        "coplanar": false,
        "epsilon": 1e-9,
        "maxSeparatingGap": -0.0010175128949201934,
        "toleranceOnly": false,
        "testedAxes": 17
      }
    },
    {
      "names": [
        "Fixed_root_R",
        "RootFixedBearingPedestal_R"
      ],
      "groups": [
        "固定机体",
        "固定机体"
      ],
      "unfold": 0,
      "state": {
        "label": "full wing conversion",
        "wing": 0,
        "fold": [
          0,
          0.25,
          0.75,
          1
        ],
        "phase": [
          0,
          0,
          0,
          0
        ]
      },
      "surface": true,
      "contained": 0,
      "witness": {
        "meshA": "Fixed_root_R",
        "meshB": "RootFixedBearingPedestal_R",
        "triangleA": {
          "triangleIndex": 551,
          "vertexIndices": [
            406,
            407,
            408
          ],
          "vertices": [
            [
              1.490610122680664,
              -0.23957706987857819,
              1.4731521606445312
            ],
            [
              1.395839810371399,
              -0.1419532299041748,
              1.5741602182388306
            ],
            [
              1.493541955947876,
              -0.23965539038181305,
              1.4764580726623535
            ]
          ],
          "bounds": {
            "min": [
              1.395839810371399,
              -0.23965539038181305,
              1.4731521606445312
            ],
            "max": [
              1.493541955947876,
              -0.1419532299041748,
              1.5741602182388306
            ]
          }
        },
        "triangleB": {
          "triangleIndex": 61,
          "vertexIndices": [
            43,
            39,
            45
          ],
          "vertices": [
            [
              1.467295749819307,
              -0.1624170351324742,
              1.523229875049221
            ],
            [
              1.4344537808935782,
              -0.19060600825179694,
              1.5292182478614198
            ],
            [
              1.4365220212668532,
              -0.1933291191590592,
              1.527742619280203
            ]
          ],
          "bounds": {
            "min": [
              1.4344537808935782,
              -0.1933291191590592,
              1.523229875049221
            ],
            "max": [
              1.467295749819307,
              -0.1624170351324742,
              1.5292182478614198
            ]
          }
        },
        "coplanar": false,
        "epsilon": 1e-9,
        "maxSeparatingGap": -0.0009753394110947541,
        "toleranceOnly": false,
        "testedAxes": 17
      }
    },
    {
      "names": [
        "Fixed_root_R",
        "Root_access_cover_R"
      ],
      "groups": [
        "固定机体",
        "固定机体"
      ],
      "unfold": 0,
      "state": {
        "label": "full wing conversion",
        "wing": 0,
        "fold": [
          0,
          0.25,
          0.75,
          1
        ],
        "phase": [
          0,
          0,
          0,
          0
        ]
      },
      "surface": true,
      "contained": 0,
      "witness": {
        "meshA": "Fixed_root_R",
        "meshB": "Root_access_cover_R",
        "triangleA": {
          "triangleIndex": 502,
          "vertexIndices": [
            370,
            373,
            374
          ],
          "vertices": [
            [
              1,
              -0.14275580644607544,
              1.4639065265655518
            ],
            [
              1.2000000476837158,
              -0.14165207743644714,
              1.5083502531051636
            ],
            [
              1.2000000476837158,
              -0.14275580644607544,
              1.4619065523147583
            ]
          ],
          "bounds": {
            "min": [
              1,
              -0.14275580644607544,
              1.4619065523147583
            ],
            "max": [
              1.2000000476837158,
              -0.14165207743644714,
              1.5083502531051636
            ]
          }
        },
        "triangleB": {
          "triangleIndex": 254,
          "vertexIndices": [
            133,
            127,
            128
          ],
          "vertices": [
            [
              1.154561892116816,
              -0.14249167412111988,
              1.4779002215459391
            ],
            [
              1.148446508418849,
              -0.14006918219101783,
              1.4884465119951278
            ],
            [
              1.1472972331775912,
              -0.1422578754813542,
              1.4873479400733371
            ]
          ],
          "bounds": {
            "min": [
              1.1472972331775912,
              -0.14249167412111988,
              1.4779002215459391
            ],
            "max": [
              1.154561892116816,
              -0.14006918219101783,
              1.4884465119951278
            ]
          }
        },
        "coplanar": false,
        "epsilon": 1e-9,
        "maxSeparatingGap": -0.000105127449606273,
        "toleranceOnly": false,
        "testedAxes": 17
      }
    },
    {
      "names": [
        "BraceBall_R_Wing",
        "BraceBallPin_R_Wing"
      ],
      "groups": [
        "WingPivot_R",
        "WingPivot_R"
      ],
      "unfold": 0,
      "state": {
        "label": "full wing conversion",
        "wing": 0,
        "fold": [
          0,
          0.25,
          0.75,
          1
        ],
        "phase": [
          0,
          0,
          0,
          0
        ]
      },
      "surface": true,
      "contained": 0,
      "witness": {
        "meshA": "BraceBall_R_Wing",
        "meshB": "BraceBallPin_R_Wing",
        "triangleA": {
          "triangleIndex": 171,
          "vertexIndices": [
            23,
            94,
            95
          ],
          "vertices": [
            [
              1.492455594241619,
              -0.5210000425577164,
              1.8500000233054161
            ],
            [
              1.4910855573731998,
              -0.5141119542284819,
              1.8500000233054161
            ],
            [
              1.4910855573731998,
              -0.514636018050644,
              1.852636273077487
            ]
          ],
          "bounds": {
            "min": [
              1.4910855573731998,
              -0.5210000425577164,
              1.8500000233054161
            ],
            "max": [
              1.492455594241619,
              -0.5141119542284819,
              1.852636273077487
            ]
          }
        },
        "triangleB": {
          "triangleIndex": 66,
          "vertexIndices": [
            45,
            14,
            3
          ],
          "vertices": [
            [
              1.4611553393452033,
              -0.5171032136096598,
              1.8522502303355814
            ],
            [
              1.5047559112162725,
              -0.5171032136096598,
              1.8522502303355814
            ],
            [
              1.4611553393452033,
              -0.516500320677634,
              1.8500000243798023
            ]
          ],
          "bounds": {
            "min": [
              1.4611553393452033,
              -0.5171032136096598,
              1.8500000243798023
            ],
            "max": [
              1.5047559112162725,
              -0.516500320677634,
              1.8522502303355814
            ]
          }
        },
        "coplanar": false,
        "epsilon": 1e-9,
        "maxSeparatingGap": -0.0001098952577605586,
        "toleranceOnly": false,
        "testedAxes": 17
      }
    },
    {
      "names": [
        "BraceBallPin_R_Wing",
        "BraceWingSeat_R"
      ],
      "groups": [
        "WingPivot_R",
        "WingPivot_R"
      ],
      "unfold": 0,
      "state": {
        "label": "full wing conversion",
        "wing": 0,
        "fold": [
          0,
          0.25,
          0.75,
          1
        ],
        "phase": [
          0,
          0,
          0,
          0
        ]
      },
      "surface": true,
      "contained": 0,
      "witness": {
        "meshA": "BraceBallPin_R_Wing",
        "meshB": "BraceWingSeat_R",
        "triangleA": {
          "triangleIndex": 107,
          "vertexIndices": [
            73,
            72,
            75
          ],
          "vertices": [
            [
              1.5054556243121624,
              -0.5172247537651352,
              1.8500000244431343
            ],
            [
              1.505250311048501,
              -0.5172954802208068,
              1.8521389903901384
            ],
            [
              1.5054556243121624,
              -0.5177308267617123,
              1.8518876705134817
            ]
          ],
          "bounds": {
            "min": [
              1.505250311048501,
              -0.5177308267617123,
              1.8500000244431343
            ],
            "max": [
              1.5054556243121624,
              -0.5172247537651352,
              1.8521389903901384
            ]
          }
        },
        "triangleB": {
          "triangleIndex": 349,
          "vertexIndices": [
            240,
            249,
            257
          ],
          "vertices": [
            [
              1.5057660264262256,
              -0.5210000425577164,
              1.8255000114440918
            ],
            [
              1.5036679693935973,
              -0.49978245010764744,
              1.8622504038926713
            ],
            [
              1.5080599818703109,
              -0.5422176350077853,
              1.8622504038926713
            ]
          ],
          "bounds": {
            "min": [
              1.5036679693935973,
              -0.5422176350077853,
              1.8255000114440918
            ],
            "max": [
              1.5080599818703109,
              -0.49978245010764744,
              1.8622504038926713
            ]
          }
        },
        "coplanar": false,
        "epsilon": 1e-9,
        "maxSeparatingGap": -0.000014958913693734043,
        "toleranceOnly": false,
        "testedAxes": 17
      }
    },
    {
      "names": [
        "BraceBallPin_R_Wing",
        "Composite_wing_R"
      ],
      "groups": [
        "WingPivot_R",
        "WingPivot_R"
      ],
      "unfold": 0,
      "state": {
        "label": "full wing conversion",
        "wing": 0,
        "fold": [
          0,
          0.25,
          0.75,
          1
        ],
        "phase": [
          0,
          0,
          0,
          0
        ]
      },
      "surface": true,
      "contained": 0,
      "witness": {
        "meshA": "BraceBallPin_R_Wing",
        "meshB": "Composite_wing_R",
        "triangleA": {
          "triangleIndex": 63,
          "vertexIndices": [
            44,
            18,
            16
          ],
          "vertices": [
            [
              1.4611553393452033,
              -0.518749839573601,
              1.8538968565874279
            ],
            [
              1.5047559112162725,
              -0.5210000454239669,
              1.8544997499128921
            ],
            [
              1.5047559112162725,
              -0.518749839573601,
              1.8538968565874279
            ]
          ],
          "bounds": {
            "min": [
              1.4611553393452033,
              -0.5210000454239669,
              1.8538968565874279
            ],
            "max": [
              1.5047559112162725,
              -0.518749839573601,
              1.8544997499128921
            ]
          }
        },
        "triangleB": {
          "triangleIndex": 772,
          "vertexIndices": [
            621,
            608,
            622
          ],
          "vertices": [
            [
              1.5046431585215032,
              -0.522305890917778,
              1.969999998807907
            ],
            [
              1.5003860963333864,
              -0.48200397193431854,
              1.770000010728836
            ],
            [
              1.5046431585215032,
              -0.5243058949708939,
              1.770000010728836
            ]
          ],
          "bounds": {
            "min": [
              1.5003860963333864,
              -0.5243058949708939,
              1.770000010728836
            ],
            "max": [
              1.5046431585215032,
              -0.48200397193431854,
              1.969999998807907
            ]
          }
        },
        "coplanar": false,
        "epsilon": 1e-9,
        "maxSeparatingGap": -0.0005845048649518042,
        "toleranceOnly": false,
        "testedAxes": 17
      }
    },
    {
      "names": [
        "BraceWingSeat_R",
        "Composite_wing_R"
      ],
      "groups": [
        "WingPivot_R",
        "WingPivot_R"
      ],
      "unfold": 0,
      "state": {
        "label": "full wing conversion",
        "wing": 0,
        "fold": [
          0,
          0.25,
          0.75,
          1
        ],
        "phase": [
          0,
          0,
          0,
          0
        ]
      },
      "surface": true,
      "contained": 0,
      "witness": {
        "meshA": "BraceWingSeat_R",
        "meshB": "Composite_wing_R",
        "triangleA": {
          "triangleIndex": 54,
          "vertexIndices": [
            55,
            54,
            56
          ],
          "vertices": [
            [
              1.5029554076145186,
              -0.508749662506903,
              1.871217616291927
            ],
            [
              1.5048702772013187,
              -0.511624583850615,
              1.872635262811479
            ],
            [
              1.504579420399575,
              -0.508749662506903,
              1.871217616291927
            ]
          ],
          "bounds": {
            "min": [
              1.5029554076145186,
              -0.511624583850615,
              1.871217616291927
            ],
            "max": [
              1.5048702772013187,
              -0.508749662506903,
              1.872635262811479
            ]
          }
        },
        "triangleB": {
          "triangleIndex": 772,
          "vertexIndices": [
            621,
            608,
            622
          ],
          "vertices": [
            [
              1.5046431585215032,
              -0.522305890917778,
              1.969999998807907
            ],
            [
              1.5003860963333864,
              -0.48200397193431854,
              1.770000010728836
            ],
            [
              1.5046431585215032,
              -0.5243058949708939,
              1.770000010728836
            ]
          ],
          "bounds": {
            "min": [
              1.5003860963333864,
              -0.5243058949708939,
              1.770000010728836
            ],
            "max": [
              1.5046431585215032,
              -0.48200397193431854,
              1.969999998807907
            ]
          }
        },
        "coplanar": false,
        "epsilon": 1e-9,
        "maxSeparatingGap": -0.00022298081552824794,
        "toleranceOnly": false,
        "testedAxes": 17
      }
    },
    {
      "names": [
        "Composite_wing_R",
        "ControlFlexureFixed_R_Inboard"
      ],
      "groups": [
        "WingPivot_R",
        "WingPivot_R"
      ],
      "unfold": 0,
      "state": {
        "label": "full wing conversion",
        "wing": 0,
        "fold": [
          0,
          0.25,
          0.75,
          1
        ],
        "phase": [
          0,
          0,
          0,
          0
        ]
      },
      "surface": true,
      "contained": 0,
      "witness": {
        "meshA": "Composite_wing_R",
        "meshB": "ControlFlexureFixed_R_Inboard",
        "triangleA": {
          "triangleIndex": 4302,
          "vertexIndices": [
            2687,
            2688,
            2689
          ],
          "vertices": [
            [
              1.5067899636924267,
              -0.5438222736120224,
              0.5566666126251221
            ],
            [
              1.551210217177868,
              -0.5438204556703568,
              0.5566666126251221
            ],
            [
              1.5512873455882072,
              -0.5434699207544327,
              0.5968354940414429
            ]
          ],
          "bounds": {
            "min": [
              1.5067899636924267,
              -0.5438222736120224,
              0.5566666126251221
            ],
            "max": [
              1.5512873455882072,
              -0.5434699207544327,
              0.5968354940414429
            ]
          }
        },
        "triangleB": {
          "triangleIndex": 31,
          "vertexIndices": [
            31,
            40,
            41
          ],
          "vertices": [
            [
              1.528349682688713,
              -0.5425746589899063,
              0.5849331617355347
            ],
            [
              1.5280058681964874,
              -0.5492744296789169,
              0.41547656059265137
            ],
            [
              1.5281474590301514,
              -0.5506204813718796,
              0.4206879138946533
            ]
          ],
          "bounds": {
            "min": [
              1.5280058681964874,
              -0.5506204813718796,
              0.41547656059265137
            ],
            "max": [
              1.528349682688713,
              -0.5425746589899063,
              0.5849331617355347
            ]
          }
        },
        "coplanar": false,
        "epsilon": 1e-9,
        "maxSeparatingGap": -0.0001377842738974856,
        "toleranceOnly": false,
        "testedAxes": 17
      }
    },
    {
      "names": [
        "Composite_wing_R",
        "ControlFlexureFixed_R_Outboard"
      ],
      "groups": [
        "WingPivot_R",
        "WingPivot_R"
      ],
      "unfold": 0,
      "state": {
        "label": "full wing conversion",
        "wing": 0,
        "fold": [
          0,
          0.25,
          0.75,
          1
        ],
        "phase": [
          0,
          0,
          0,
          0
        ]
      },
      "surface": true,
      "contained": 0,
      "witness": {
        "meshA": "Composite_wing_R",
        "meshB": "ControlFlexureFixed_R_Outboard",
        "triangleA": {
          "triangleIndex": 4375,
          "vertexIndices": [
            2767,
            2771,
            2772
          ],
          "vertices": [
            [
              1.5013632997870445,
              -0.5546378940343857,
              -1.0800001621246338
            ],
            [
              1.53663707152009,
              -0.5546336621046066,
              -1.0800001621246338
            ],
            [
              1.536944143474102,
              -0.5544976741075516,
              -1.0534498691558838
            ]
          ],
          "bounds": {
            "min": [
              1.5013632997870445,
              -0.5546378940343857,
              -1.0800001621246338
            ],
            "max": [
              1.536944143474102,
              -0.5544976741075516,
              -1.0534498691558838
            ]
          }
        },
        "triangleB": {
          "triangleIndex": 13,
          "vertexIndices": [
            17,
            14,
            19
          ],
          "vertices": [
            [
              1.51587831415236,
              -0.5609021633863449,
              -1.2077116966247559
            ],
            [
              1.5197770670056343,
              -0.5535591393709183,
              -1.0650560855865479
            ],
            [
              1.519128168001771,
              -0.5612590461969376,
              -1.0650012493133545
            ]
          ],
          "bounds": {
            "min": [
              1.51587831415236,
              -0.5612590461969376,
              -1.2077116966247559
            ],
            "max": [
              1.5197770670056343,
              -0.5535591393709183,
              -1.0650012493133545
            ]
          }
        },
        "coplanar": false,
        "epsilon": 1e-9,
        "maxSeparatingGap": -0.0009411921752626152,
        "toleranceOnly": false,
        "testedAxes": 17
      }
    },
    {
      "names": [
        "Composite_wing_R",
        "Nacelle_R_Front"
      ],
      "groups": [
        "WingPivot_R",
        "WingPivot_R"
      ],
      "unfold": 0,
      "state": {
        "label": "full wing conversion",
        "wing": 0,
        "fold": [
          0,
          0.25,
          0.75,
          1
        ],
        "phase": [
          0,
          0,
          0,
          0
        ]
      },
      "surface": true,
      "contained": 0,
      "witness": {
        "meshA": "Composite_wing_R",
        "meshB": "Nacelle_R_Front",
        "triangleA": {
          "triangleIndex": 1174,
          "vertexIndices": [
            827,
            913,
            914
          ],
          "vertices": [
            [
              1.568892776966095,
              0.03896929323673248,
              1.5500000044703484
            ],
            [
              1.5727998241782188,
              0.004909396171569824,
              1.3299999982118607
            ],
            [
              1.5688464939594269,
              0.0370783805847168,
              1.3299999982118607
            ]
          ],
          "bounds": {
            "min": [
              1.5688464939594269,
              0.004909396171569824,
              1.3299999982118607
            ],
            "max": [
              1.5727998241782188,
              0.03896929323673248,
              1.5500000044703484
            ]
          }
        },
        "triangleB": {
          "triangleIndex": 696,
          "vertexIndices": [
            370,
            327,
            328
          ],
          "vertices": [
            [
              1.5694489349457992,
              -0.0010095140370777744,
              1.3381362789457658
            ],
            [
              1.5529588691222422,
              0.08010685106399862,
              1.305979231479174
            ],
            [
              1.5705274590444138,
              0.08010685106399862,
              1.3371996659127583
            ]
          ],
          "bounds": {
            "min": [
              1.5529588691222422,
              -0.0010095140370777744,
              1.305979231479174
            ],
            "max": [
              1.5705274590444138,
              0.08010685106399862,
              1.3381362789457658
            ]
          }
        },
        "coplanar": false,
        "epsilon": 1e-9,
        "maxSeparatingGap": -0.0011080205631002695,
        "toleranceOnly": false,
        "testedAxes": 17
      }
    },
    {
      "names": [
        "Composite_wing_R",
        "Nacelle_R_Rear"
      ],
      "groups": [
        "WingPivot_R",
        "WingPivot_R"
      ],
      "unfold": 0,
      "state": {
        "label": "full wing conversion",
        "wing": 0,
        "fold": [
          0,
          0.25,
          0.75,
          1
        ],
        "phase": [
          0,
          0,
          0,
          0
        ]
      },
      "surface": true,
      "contained": 0,
      "witness": {
        "meshA": "Composite_wing_R",
        "meshB": "Nacelle_R_Rear",
        "triangleA": {
          "triangleIndex": 2081,
          "vertexIndices": [
            1308,
            1403,
            1307
          ],
          "vertices": [
            [
              1.5597619488835335,
              0.025390461087226868,
              0.09000003337860107
            ],
            [
              1.5448202714323997,
              -0.020011261105537415,
              -1.0800001621246338
            ],
            [
              1.5405790098011494,
              0.0008729249238967896,
              -1.0800001621246338
            ]
          ],
          "bounds": {
            "min": [
              1.5405790098011494,
              -0.020011261105537415,
              -1.0800001621246338
            ],
            "max": [
              1.5597619488835335,
              0.025390461087226868,
              0.09000003337860107
            ]
          }
        },
        "triangleB": {
          "triangleIndex": 607,
          "vertexIndices": [
            325,
            283,
            326
          ],
          "vertices": [
            [
              1.5386258514959148,
              -0.0010095140370777744,
              -0.7073698880120047
            ],
            [
              1.5401017265782297,
              0.08010685106399862,
              -0.7078523856350692
            ],
            [
              1.551653287318656,
              -0.0010095140370777744,
              -0.6733112322662763
            ]
          ],
          "bounds": {
            "min": [
              1.5386258514959148,
              -0.0010095140370777744,
              -0.7078523856350692
            ],
            "max": [
              1.551653287318656,
              0.08010685106399862,
              -0.6733112322662763
            ]
          }
        },
        "coplanar": false,
        "epsilon": 1e-9,
        "maxSeparatingGap": -0.002982449615174505,
        "toleranceOnly": false,
        "testedAxes": 17
      }
    },
    {
      "names": [
        "Composite_wing_R",
        "Pod_mount_seam_R_Front"
      ],
      "groups": [
        "WingPivot_R",
        "WingPivot_R"
      ],
      "unfold": 0,
      "state": {
        "label": "full wing conversion",
        "wing": 0,
        "fold": [
          0,
          0.25,
          0.75,
          1
        ],
        "phase": [
          0,
          0,
          0,
          0
        ]
      },
      "surface": true,
      "contained": 0,
      "witness": {
        "meshA": "Composite_wing_R",
        "meshB": "Pod_mount_seam_R_Front",
        "triangleA": {
          "triangleIndex": 191,
          "vertexIndices": [
            189,
            188,
            190
          ],
          "vertices": [
            [
              1.5657363906502724,
              -0.3952953368425369,
              1.3299999982118607
            ],
            [
              1.5657790526747704,
              -0.3939065933227539,
              1.5500000044703484
            ],
            [
              1.561755657196045,
              -0.44168521463871,
              1.3299999982118607
            ]
          ],
          "bounds": {
            "min": [
              1.561755657196045,
              -0.44168521463871,
              1.3299999982118607
            ],
            "max": [
              1.5657790526747704,
              -0.3939065933227539,
              1.5500000044703484
            ]
          }
        },
        "triangleB": {
          "triangleIndex": 45,
          "vertexIndices": [
            26,
            21,
            27
          ],
          "vertices": [
            [
              1.5641621825635337,
              -0.4510024694890893,
              1.3322027954546778
            ],
            [
              1.5624563924873425,
              -0.3960008130953656,
              1.3322027954546778
            ],
            [
              1.5619661457331615,
              -0.45107634228766447,
              1.3300000429153442
            ]
          ],
          "bounds": {
            "min": [
              1.5619661457331615,
              -0.45107634228766447,
              1.3300000429153442
            ],
            "max": [
              1.5641621825635337,
              -0.3960008130953656,
              1.3322027954546778
            ]
          }
        },
        "coplanar": false,
        "epsilon": 1e-9,
        "maxSeparatingGap": -0.002060807944977333,
        "toleranceOnly": false,
        "testedAxes": 17
      }
    },
    {
      "names": [
        "Composite_wing_R",
        "Pod_mount_seam_R_Front001"
      ],
      "groups": [
        "WingPivot_R",
        "WingPivot_R"
      ],
      "unfold": 0,
      "state": {
        "label": "full wing conversion",
        "wing": 0,
        "fold": [
          0,
          0.25,
          0.75,
          1
        ],
        "phase": [
          0,
          0,
          0,
          0
        ]
      },
      "surface": true,
      "contained": 0,
      "witness": {
        "meshA": "Composite_wing_R",
        "meshB": "Pod_mount_seam_R_Front001",
        "triangleA": {
          "triangleIndex": 1422,
          "vertexIndices": [
            959,
            1037,
            958
          ],
          "vertices": [
            [
              1.5614964552223682,
              -0.4441337138414383,
              1.081666648387909
            ],
            [
              1.5651983469724655,
              -0.3990909904241562,
              1.0233333110809326
            ],
            [
              1.5654456913471222,
              -0.39788752794265747,
              1.081666648387909
            ]
          ],
          "bounds": {
            "min": [
              1.5614964552223682,
              -0.4441337138414383,
              1.0233333110809326
            ],
            "max": [
              1.5654456913471222,
              -0.39788752794265747,
              1.081666648387909
            ]
          }
        },
        "triangleB": {
          "triangleIndex": 47,
          "vertexIndices": [
            27,
            20,
            24
          ],
          "vertices": [
            [
              1.5619661457331615,
              -0.45107634228766447,
              1.0700000524520874
            ],
            [
              1.5602603556569703,
              -0.39606125447601803,
              1.0700000524520874
            ],
            [
              1.5641621825635337,
              -0.4510024694890893,
              1.0677972999127539
            ]
          ],
          "bounds": {
            "min": [
              1.5602603556569703,
              -0.45107634228766447,
              1.0677972999127539
            ],
            "max": [
              1.5641621825635337,
              -0.39606125447601803,
              1.0700000524520874
            ]
          }
        },
        "coplanar": false,
        "epsilon": 1e-9,
        "maxSeparatingGap": -0.0006127043355557314,
        "toleranceOnly": false,
        "testedAxes": 17
      }
    },
    {
      "names": [
        "Composite_wing_R",
        "Pod_mount_seam_R_Rear"
      ],
      "groups": [
        "WingPivot_R",
        "WingPivot_R"
      ],
      "unfold": 0,
      "state": {
        "label": "full wing conversion",
        "wing": 0,
        "fold": [
          0,
          0.25,
          0.75,
          1
        ],
        "phase": [
          0,
          0,
          0,
          0
        ]
      },
      "surface": true,
      "contained": 0,
      "witness": {
        "meshA": "Composite_wing_R",
        "meshB": "Pod_mount_seam_R_Rear",
        "triangleA": {
          "triangleIndex": 2033,
          "vertexIndices": [
            1374,
            1383,
            1373
          ],
          "vertices": [
            [
              1.5555408969521523,
              -0.1789548397064209,
              -1.0800001621246338
            ],
            [
              1.5549225062131882,
              -0.14116773009300232,
              -1.0800001621246338
            ],
            [
              1.572534367442131,
              -0.14593832194805145,
              0.09000003337860107
            ]
          ],
          "bounds": {
            "min": [
              1.5549225062131882,
              -0.1789548397064209,
              -1.0800001621246338
            ],
            "max": [
              1.572534367442131,
              -0.14116773009300232,
              0.09000003337860107
            ]
          }
        },
        "triangleB": {
          "triangleIndex": 7,
          "vertexIndices": [
            1,
            7,
            2
          ],
          "vertices": [
            [
              1.5615900660313242,
              -0.12099924683570862,
              -0.6500000953674316
            ],
            [
              1.5593671663651065,
              -0.1760009032294323,
              -0.6477973428280981
            ],
            [
              1.56156991890444,
              -0.1759941875204709,
              -0.6500000953674316
            ]
          ],
          "bounds": {
            "min": [
              1.5593671663651065,
              -0.1760009032294323,
              -0.6500000953674316
            ],
            "max": [
              1.5615900660313242,
              -0.12099924683570862,
              -0.6477973428280981
            ]
          }
        },
        "coplanar": false,
        "epsilon": 1e-9,
        "maxSeparatingGap": -0.00018677245977575044,
        "toleranceOnly": false,
        "testedAxes": 17
      }
    },
    {
      "names": [
        "Composite_wing_R",
        "Pod_mount_seam_R_Rear001"
      ],
      "groups": [
        "WingPivot_R",
        "WingPivot_R"
      ],
      "unfold": 0,
      "state": {
        "label": "full wing conversion",
        "wing": 0,
        "fold": [
          0,
          0.25,
          0.75,
          1
        ],
        "phase": [
          0,
          0,
          0,
          0
        ]
      },
      "surface": true,
      "contained": 0,
      "witness": {
        "meshA": "Composite_wing_R",
        "meshB": "Pod_mount_seam_R_Rear001",
        "triangleA": {
          "triangleIndex": 2033,
          "vertexIndices": [
            1374,
            1383,
            1373
          ],
          "vertices": [
            [
              1.5555408969521523,
              -0.1789548397064209,
              -1.0800001621246338
            ],
            [
              1.5549225062131882,
              -0.14116773009300232,
              -1.0800001621246338
            ],
            [
              1.572534367442131,
              -0.14593832194805145,
              0.09000003337860107
            ]
          ],
          "bounds": {
            "min": [
              1.5549225062131882,
              -0.1789548397064209,
              -1.0800001621246338
            ],
            "max": [
              1.572534367442131,
              -0.14116773009300232,
              0.09000003337860107
            ]
          }
        },
        "triangleB": {
          "triangleIndex": 3,
          "vertexIndices": [
            4,
            3,
            5
          ],
          "vertices": [
            [
              1.5571912766616185,
              -0.12099924683570862,
              -0.9099998474121094
            ],
            [
              1.5593671663651065,
              -0.1760009032294323,
              -0.9122025999514429
            ],
            [
              1.557164413825773,
              -0.17600761893839367,
              -0.9099998474121094
            ]
          ],
          "bounds": {
            "min": [
              1.557164413825773,
              -0.17600761893839367,
              -0.9122025999514429
            ],
            "max": [
              1.5593671663651065,
              -0.12099924683570862,
              -0.9099998474121094
            ]
          }
        },
        "coplanar": false,
        "epsilon": 1e-9,
        "maxSeparatingGap": -0.0008446315460010211,
        "toleranceOnly": false,
        "testedAxes": 17
      }
    },
    {
      "names": [
        "Composite_wing_R",
        "Pod_wing_saddle_R_Front"
      ],
      "groups": [
        "WingPivot_R",
        "WingPivot_R"
      ],
      "unfold": 0,
      "state": {
        "label": "full wing conversion",
        "wing": 0,
        "fold": [
          0,
          0.25,
          0.75,
          1
        ],
        "phase": [
          0,
          0,
          0,
          0
        ]
      },
      "surface": true,
      "contained": 0,
      "witness": {
        "meshA": "Composite_wing_R",
        "meshB": "Pod_wing_saddle_R_Front",
        "triangleA": {
          "triangleIndex": 243,
          "vertexIndices": [
            190,
            230,
            189
          ],
          "vertices": [
            [
              1.561755657196045,
              -0.44168521463871,
              1.3299999982118607
            ],
            [
              1.561727125197649,
              -0.44268636405467987,
              1.1875
            ],
            [
              1.5657363906502724,
              -0.3952953368425369,
              1.3299999982118607
            ]
          ],
          "bounds": {
            "min": [
              1.561727125197649,
              -0.44268636405467987,
              1.1875
            ],
            "max": [
              1.5657363906502724,
              -0.3952953368425369,
              1.3299999982118607
            ]
          }
        },
        "triangleB": {
          "triangleIndex": 214,
          "vertexIndices": [
            151,
            150,
            152
          ],
          "vertices": [
            [
              1.5678006599438354,
              -0.39600174901534885,
              1.329997906281102
            ],
            [
              1.5644570521769985,
              -0.39600174901534885,
              1.329997906281102
            ],
            [
              1.5661624264195217,
              -0.4510034253726357,
              1.329997906281102
            ]
          ],
          "bounds": {
            "min": [
              1.5644570521769985,
              -0.4510034253726357,
              1.329997906281102
            ],
            "max": [
              1.5678006599438354,
              -0.39600174901534885,
              1.329997906281102
            ]
          }
        },
        "coplanar": false,
        "epsilon": 1e-9,
        "maxSeparatingGap": -0.0000020919307586186875,
        "toleranceOnly": false,
        "testedAxes": 17
      }
    },
    {
      "names": [
        "Composite_wing_R",
        "Pod_wing_saddle_R_Rear"
      ],
      "groups": [
        "WingPivot_R",
        "WingPivot_R"
      ],
      "unfold": 0,
      "state": {
        "label": "full wing conversion",
        "wing": 0,
        "fold": [
          0,
          0.25,
          0.75,
          1
        ],
        "phase": [
          0,
          0,
          0,
          0
        ]
      },
      "surface": true,
      "contained": 0,
      "witness": {
        "meshA": "Composite_wing_R",
        "meshB": "Pod_wing_saddle_R_Rear",
        "triangleA": {
          "triangleIndex": 2033,
          "vertexIndices": [
            1374,
            1383,
            1373
          ],
          "vertices": [
            [
              1.5555408969521523,
              -0.1789548397064209,
              -1.0800001621246338
            ],
            [
              1.5549225062131882,
              -0.14116773009300232,
              -1.0800001621246338
            ],
            [
              1.572534367442131,
              -0.14593832194805145,
              0.09000003337860107
            ]
          ],
          "bounds": {
            "min": [
              1.5549225062131882,
              -0.1789548397064209,
              -1.0800001621246338
            ],
            "max": [
              1.572534367442131,
              -0.14116773009300232,
              0.09000003337860107
            ]
          }
        },
        "triangleB": {
          "triangleIndex": 96,
          "vertexIndices": [
            63,
            64,
            65
          ],
          "vertices": [
            [
              1.5439724712053202,
              -0.17600175765802234,
              -0.6933347323248463
            ],
            [
              1.5646988109166171,
              -0.12100008130073547,
              -0.6500021127923843
            ],
            [
              1.5647592375630057,
              -0.17600175765802234,
              -0.6500021127923843
            ]
          ],
          "bounds": {
            "min": [
              1.5439724712053202,
              -0.17600175765802234,
              -0.6933347323248463
            ],
            "max": [
              1.5647592375630057,
              -0.12100008130073547,
              -0.6500021127923843
            ]
          }
        },
        "coplanar": false,
        "epsilon": 1e-9,
        "maxSeparatingGap": -0.003327304155913993,
        "toleranceOnly": false,
        "testedAxes": 17
      }
    },
    {
      "names": [
        "Composite_wing_R",
        "RootCarrierBridge_R"
      ],
      "groups": [
        "WingPivot_R",
        "WingPivot_R"
      ],
      "unfold": 0,
      "state": {
        "label": "full wing conversion",
        "wing": 0,
        "fold": [
          0,
          0.25,
          0.75,
          1
        ],
        "phase": [
          0,
          0,
          0,
          0
        ]
      },
      "surface": true,
      "contained": 0,
      "witness": {
        "meshA": "Composite_wing_R",
        "meshB": "RootCarrierBridge_R",
        "triangleA": {
          "triangleIndex": 36,
          "vertexIndices": [
            34,
            35,
            38
          ],
          "vertices": [
            [
              1.5766402035951614,
              -0.21715148352086544,
              1.3850532099604607
            ],
            [
              1.508586817421019,
              -0.15313858538866043,
              1.4469621237367392
            ],
            [
              1.5764828845858574,
              -0.22103463858366013,
              1.3790660724043846
            ]
          ],
          "bounds": {
            "min": [
              1.508586817421019,
              -0.22103463858366013,
              1.3790660724043846
            ],
            "max": [
              1.5766402035951614,
              -0.15313858538866043,
              1.4469621237367392
            ]
          }
        },
        "triangleB": {
          "triangleIndex": 65,
          "vertexIndices": [
            66,
            64,
            67
          ],
          "vertices": [
            [
              1.5320692949734405,
              -0.17809956724102646,
              1.4284548973527655
            ],
            [
              1.5298736345134845,
              -0.14119957203355113,
              1.3854334519265246
            ],
            [
              1.5314885604291004,
              -0.17447509387536891,
              1.4263875782758115
            ]
          ],
          "bounds": {
            "min": [
              1.5298736345134845,
              -0.17809956724102646,
              1.3854334519265246
            ],
            "max": [
              1.5320692949734405,
              -0.14119957203355113,
              1.4284548973527655
            ]
          }
        },
        "coplanar": false,
        "epsilon": 1e-9,
        "maxSeparatingGap": -0.00031986590799515217,
        "toleranceOnly": false,
        "testedAxes": 17
      }
    },
    {
      "names": [
        "Composite_wing_R",
        "Wing_service_panel_R"
      ],
      "groups": [
        "WingPivot_R",
        "WingPivot_R"
      ],
      "unfold": 0,
      "state": {
        "label": "full wing conversion",
        "wing": 0,
        "fold": [
          0,
          0.25,
          0.75,
          1
        ],
        "phase": [
          0,
          0,
          0,
          0
        ]
      },
      "surface": true,
      "contained": 0,
      "witness": {
        "meshA": "Composite_wing_R",
        "meshB": "Wing_service_panel_R",
        "triangleA": {
          "triangleIndex": 1884,
          "vertexIndices": [
            1317,
            1274,
            1275
          ],
          "vertices": [
            [
              1.5699456334114075,
              -0.3135000765323639,
              0.6150000095367432
            ],
            [
              1.5671919658780098,
              -0.3595094829797745,
              0.6733333468437195
            ],
            [
              1.5669252425432205,
              -0.36080506443977356,
              0.6150000095367432
            ]
          ],
          "bounds": {
            "min": [
              1.5669252425432205,
              -0.36080506443977356,
              0.6150000095367432
            ],
            "max": [
              1.5699456334114075,
              -0.3135000765323639,
              0.6733333468437195
            ]
          }
        },
        "triangleB": {
          "triangleIndex": 70,
          "vertexIndices": [
            35,
            39,
            40
          ],
          "vertices": [
            [
              1.572399533505153,
              -0.3192779216647628,
              0.613360012319913
            ],
            [
              1.5689745926827343,
              -0.32873514135980875,
              0.624463676085457
            ],
            [
              1.5717701760447578,
              -0.3301146704359429,
              0.622022106294906
            ]
          ],
          "bounds": {
            "min": [
              1.5689745926827343,
              -0.3301146704359429,
              0.613360012319913
            ],
            "max": [
              1.572399533505153,
              -0.3192779216647628,
              0.624463676085457
            ]
          }
        },
        "coplanar": false,
        "epsilon": 1e-9,
        "maxSeparatingGap": -0.00002808633571252182,
        "toleranceOnly": false,
        "testedAxes": 17
      }
    },
    {
      "names": [
        "Composite_wing_R",
        "Wing_service_panel_R001"
      ],
      "groups": [
        "WingPivot_R",
        "WingPivot_R"
      ],
      "unfold": 0,
      "state": {
        "label": "full wing conversion",
        "wing": 0,
        "fold": [
          0,
          0.25,
          0.75,
          1
        ],
        "phase": [
          0,
          0,
          0,
          0
        ]
      },
      "surface": true,
      "contained": 0,
      "witness": {
        "meshA": "Composite_wing_R",
        "meshB": "Wing_service_panel_R001",
        "triangleA": {
          "triangleIndex": 1908,
          "vertexIndices": [
            1328,
            1284,
            1285
          ],
          "vertices": [
            [
              1.5512234903872013,
              -0.346000075340271,
              -1.0800001621246338
            ],
            [
              1.564558744430542,
              -0.3724653273820877,
              0.09000003337860107
            ],
            [
              1.5488464944064617,
              -0.3891063928604126,
              -1.0800001621246338
            ]
          ],
          "bounds": {
            "min": [
              1.5488464944064617,
              -0.3891063928604126,
              -1.0800001621246338
            ],
            "max": [
              1.564558744430542,
              -0.346000075340271,
              0.09000003337860107
            ]
          }
        },
        "triangleB": {
          "triangleIndex": 70,
          "vertexIndices": [
            35,
            39,
            40
          ],
          "vertices": [
            [
              1.5538033958139965,
              -0.35114819351900345,
              -1.0766749718919804
            ],
            [
              1.550593401764942,
              -0.359636331260228,
              -1.065582402528222
            ],
            [
              1.5533902790738703,
              -0.3610732590519709,
              -1.0679892565793914
            ]
          ],
          "bounds": {
            "min": [
              1.550593401764942,
              -0.3610732590519709,
              -1.0766749718919804
            ],
            "max": [
              1.5538033958139965,
              -0.35114819351900345,
              -1.065582402528222
            ]
          }
        },
        "coplanar": false,
        "epsilon": 1e-9,
        "maxSeparatingGap": -0.00006036514184089737,
        "toleranceOnly": false,
        "testedAxes": 17
      }
    },
    {
      "names": [
        "ControlFlexureFixed_R_Inboard",
        "ControlHingeFixed_R_Inboard"
      ],
      "groups": [
        "WingPivot_R",
        "WingPivot_R"
      ],
      "unfold": 0,
      "state": {
        "label": "full wing conversion",
        "wing": 0,
        "fold": [
          0,
          0.25,
          0.75,
          1
        ],
        "phase": [
          0,
          0,
          0,
          0
        ]
      },
      "surface": true,
      "contained": 0,
      "witness": {
        "meshA": "ControlFlexureFixed_R_Inboard",
        "meshB": "ControlHingeFixed_R_Inboard",
        "triangleA": {
          "triangleIndex": 31,
          "vertexIndices": [
            31,
            40,
            41
          ],
          "vertices": [
            [
              1.528349682688713,
              -0.5425746589899063,
              0.5849331617355347
            ],
            [
              1.5280058681964874,
              -0.5492744296789169,
              0.41547656059265137
            ],
            [
              1.5281474590301514,
              -0.5506204813718796,
              0.4206879138946533
            ]
          ],
          "bounds": {
            "min": [
              1.5280058681964874,
              -0.5506204813718796,
              0.41547656059265137
            ],
            "max": [
              1.528349682688713,
              -0.5425746589899063,
              0.5849331617355347
            ]
          }
        },
        "triangleB": {
          "triangleIndex": 342,
          "vertexIndices": [
            343,
            322,
            344
          ],
          "vertices": [
            [
              1.5272803343832493,
              -0.5497030168771744,
              0.4201838970184326
            ],
            [
              1.5282370336353779,
              -0.5495127588510513,
              0.4201778173446655
            ],
            [
              1.5277493130415678,
              -0.5495607703924179,
              0.42018043994903564
            ]
          ],
          "bounds": {
            "min": [
              1.5272803343832493,
              -0.5497030168771744,
              0.4201778173446655
            ],
            "max": [
              1.5282370336353779,
              -0.5495127588510513,
              0.4201838970184326
            ]
          }
        },
        "coplanar": false,
        "epsilon": 1e-9,
        "maxSeparatingGap": -0.00018515745421041616,
        "toleranceOnly": false,
        "testedAxes": 17
      }
    },
    {
      "names": [
        "ControlFlexureFixed_R_Outboard",
        "ControlHingeFixed_R_Outboard"
      ],
      "groups": [
        "WingPivot_R",
        "WingPivot_R"
      ],
      "unfold": 0,
      "state": {
        "label": "full wing conversion",
        "wing": 0,
        "fold": [
          0,
          0.25,
          0.75,
          1
        ],
        "phase": [
          0,
          0,
          0,
          0
        ]
      },
      "surface": true,
      "contained": 0,
      "witness": {
        "meshA": "ControlFlexureFixed_R_Outboard",
        "meshB": "ControlHingeFixed_R_Outboard",
        "triangleA": {
          "triangleIndex": 31,
          "vertexIndices": [
            30,
            40,
            41
          ],
          "vertices": [
            [
              1.5184774231165648,
              -0.5535591393709183,
              -1.0650255680084229
            ],
            [
              1.515455367974937,
              -0.5595373660326004,
              -1.2129101753234863
            ],
            [
              1.5156946890056133,
              -0.5609021633863449,
              -1.207707405090332
            ]
          ],
          "bounds": {
            "min": [
              1.515455367974937,
              -0.5609021633863449,
              -1.2129101753234863
            ],
            "max": [
              1.5184774231165648,
              -0.5535591393709183,
              -1.0650255680084229
            ]
          }
        },
        "triangleB": {
          "triangleIndex": 328,
          "vertexIndices": [
            330,
            331,
            322
          ],
          "vertices": [
            [
              1.51528737321496,
              -0.5598406344652176,
              -1.2082033157348633
            ],
            [
              1.514818518422544,
              -0.5599828511476517,
              -1.2081916332244873
            ],
            [
              1.5157749652862549,
              -0.5597926527261734,
              -1.2082149982452393
            ]
          ],
          "bounds": {
            "min": [
              1.514818518422544,
              -0.5599828511476517,
              -1.2082149982452393
            ],
            "max": [
              1.5157749652862549,
              -0.5597926527261734,
              -1.2081916332244873
            ]
          }
        },
        "coplanar": false,
        "epsilon": 1e-9,
        "maxSeparatingGap": -0.00018535538295624777,
        "toleranceOnly": false,
        "testedAxes": 17
      }
    },
    {
      "names": [
        "ControlFlexureMoving_R_Inboard",
        "ControlHingeMoving_R_Inboard"
      ],
      "groups": [
        "ControlPivot_R_Inboard",
        "ControlPivot_R_Inboard"
      ],
      "unfold": 0,
      "state": {
        "label": "full wing conversion",
        "wing": 0,
        "fold": [
          0,
          0.25,
          0.75,
          1
        ],
        "phase": [
          0,
          0,
          0,
          0
        ]
      },
      "surface": true,
      "contained": 0,
      "witness": {
        "meshA": "ControlFlexureMoving_R_Inboard",
        "meshB": "ControlHingeMoving_R_Inboard",
        "triangleA": {
          "triangleIndex": 49,
          "vertexIndices": [
            58,
            47,
            60
          ],
          "vertices": [
            [
              1.5281253926223144,
              -0.5534380660392344,
              0.41591235995292664
            ],
            [
              1.5279737329110503,
              -0.5548940394073725,
              0.4085254371166229
            ],
            [
              1.5280079905642197,
              -0.5548294577747583,
              0.4159250557422638
            ]
          ],
          "bounds": {
            "min": [
              1.5279737329110503,
              -0.5548940394073725,
              0.4085254371166229
            ],
            "max": [
              1.5281253926223144,
              -0.5534380660392344,
              0.4159250557422638
            ]
          }
        },
        "triangleB": {
          "triangleIndex": 181,
          "vertexIndices": [
            181,
            182,
            183
          ],
          "vertices": [
            [
              1.5282139322371222,
              -0.5545562128536403,
              0.4152216911315918
            ],
            [
              1.5279708274174482,
              -0.5534349763765931,
              0.41521303355693817
            ],
            [
              1.5277798164170235,
              -0.5545182162895799,
              0.4152233749628067
            ]
          ],
          "bounds": {
            "min": [
              1.5277798164170235,
              -0.5545562128536403,
              0.41521303355693817
            ],
            "max": [
              1.5282139322371222,
              -0.5534349763765931,
              0.4152233749628067
            ]
          }
        },
        "coplanar": false,
        "epsilon": 1e-9,
        "maxSeparatingGap": -0.0001849552250656261,
        "toleranceOnly": false,
        "testedAxes": 17
      }
    },
    {
      "names": [
        "ControlFlexureMoving_R_Inboard",
        "ControlSurface_R_Inboard"
      ],
      "groups": [
        "ControlPivot_R_Inboard",
        "ControlPivot_R_Inboard"
      ],
      "unfold": 0,
      "state": {
        "label": "full wing conversion",
        "wing": 0,
        "fold": [
          0,
          0.25,
          0.75,
          1
        ],
        "phase": [
          0,
          0,
          0,
          0
        ]
      },
      "surface": true,
      "contained": 0,
      "witness": {
        "meshA": "ControlFlexureMoving_R_Inboard",
        "meshB": "ControlSurface_R_Inboard",
        "triangleA": {
          "triangleIndex": 26,
          "vertexIndices": [
            14,
            30,
            32
          ],
          "vertices": [
            [
              1.5296503601130098,
              -0.5585740804672241,
              0.5850669145584106
            ],
            [
              1.5283312851679511,
              -0.5533961656037718,
              0.42071129381656647
            ],
            [
              1.5290000559898447,
              -0.5508743673563004,
              0.5850026607513428
            ]
          ],
          "bounds": {
            "min": [
              1.5283312851679511,
              -0.5585740804672241,
              0.42071129381656647
            ],
            "max": [
              1.5296503601130098,
              -0.5508743673563004,
              0.5850669145584106
            ]
          }
        },
        "triangleB": {
          "triangleIndex": 380,
          "vertexIndices": [
            242,
            243,
            244
          ],
          "vertices": [
            [
              1.5498295985162258,
              -0.5575741082429886,
              0.5849646329879761
            ],
            [
              1.508170310407877,
              -0.5575741082429886,
              0.5851575136184692
            ],
            [
              1.5101876966655254,
              -0.577366828918457,
              0.5853209495544434
            ]
          ],
          "bounds": {
            "min": [
              1.508170310407877,
              -0.577366828918457,
              0.5849646329879761
            ],
            "max": [
              1.5498295985162258,
              -0.5575741082429886,
              0.5853209495544434
            ]
          }
        },
        "coplanar": false,
        "epsilon": 1e-9,
        "maxSeparatingGap": -1.2355331469355462e-7,
        "toleranceOnly": false,
        "testedAxes": 17
      }
    },
    {
      "names": [
        "ControlHorn_R_Inboard",
        "ControlSurface_R_Inboard"
      ],
      "groups": [
        "ControlPivot_R_Inboard",
        "ControlPivot_R_Inboard"
      ],
      "unfold": 0,
      "state": {
        "label": "full wing conversion",
        "wing": 0,
        "fold": [
          0,
          0.25,
          0.75,
          1
        ],
        "phase": [
          0,
          0,
          0,
          0
        ]
      },
      "surface": true,
      "contained": 0,
      "witness": {
        "meshA": "ControlHorn_R_Inboard",
        "meshB": "ControlSurface_R_Inboard",
        "triangleA": {
          "triangleIndex": 30,
          "vertexIndices": [
            31,
            27,
            32
          ],
          "vertices": [
            [
              1.5664128698408604,
              -0.6461598798632622,
              0.43100011348724365
            ],
            [
              1.542259736917913,
              -0.6189315021038055,
              0.43100011348724365
            ],
            [
              1.5673861429095268,
              -0.6468101963400841,
              0.43100011348724365
            ]
          ],
          "bounds": {
            "min": [
              1.542259736917913,
              -0.6468101963400841,
              0.43100011348724365
            ],
            "max": [
              1.5673861429095268,
              -0.6189315021038055,
              0.43100011348724365
            ]
          }
        },
        "triangleB": {
          "triangleIndex": 325,
          "vertexIndices": [
            209,
            208,
            210
          ],
          "vertices": [
            [
              1.5436361962929368,
              -0.6154512465000153,
              0.3816666603088379
            ],
            [
              1.5437408881261945,
              -0.614651620388031,
              0.440000057220459
            ],
            [
              1.5402298495173454,
              -0.6460359692573547,
              0.440000057220459
            ]
          ],
          "bounds": {
            "min": [
              1.5402298495173454,
              -0.6460359692573547,
              0.3816666603088379
            ],
            "max": [
              1.5437408881261945,
              -0.614651620388031,
              0.440000057220459
            ]
          }
        },
        "coplanar": false,
        "epsilon": 1e-9,
        "maxSeparatingGap": -0.0009938008280284058,
        "toleranceOnly": false,
        "testedAxes": 17
      }
    },
    {
      "names": [
        "ControlFlexureMoving_R_Outboard",
        "ControlHingeMoving_R_Outboard"
      ],
      "groups": [
        "ControlPivot_R_Outboard",
        "ControlPivot_R_Outboard"
      ],
      "unfold": 0,
      "state": {
        "label": "full wing conversion",
        "wing": 0,
        "fold": [
          0,
          0.25,
          0.75,
          1
        ],
        "phase": [
          0,
          0,
          0,
          0
        ]
      },
      "surface": true,
      "contained": 0,
      "witness": {
        "meshA": "ControlFlexureMoving_R_Outboard",
        "meshB": "ControlHingeMoving_R_Outboard",
        "triangleA": {
          "triangleIndex": 49,
          "vertexIndices": [
            58,
            47,
            60
          ],
          "vertices": [
            [
              1.5155826630070806,
              -0.5637025523465127,
              -1.2124916017055511
            ],
            [
              1.5152921662665904,
              -0.56513193086721,
              -1.2198796719312668
            ],
            [
              1.5154653964564204,
              -0.565094041172415,
              -1.2124817222356796
            ]
          ],
          "bounds": {
            "min": [
              1.5152921662665904,
              -0.56513193086721,
              -1.2198796719312668
            ],
            "max": [
              1.5155826630070806,
              -0.5637025523465127,
              -1.2124817222356796
            ]
          }
        },
        "triangleB": {
          "triangleIndex": 181,
          "vertexIndices": [
            181,
            182,
            183
          ],
          "vertices": [
            [
              1.5156579185277224,
              -0.5648182046134025,
              -1.2131879031658173
            ],
            [
              1.515414877794683,
              -0.5636969208717346,
              -1.2131879478693008
            ],
            [
              1.5152239170856774,
              -0.5647801724262536,
              -1.2131779342889786
            ]
          ],
          "bounds": {
            "min": [
              1.5152239170856774,
              -0.5648182046134025,
              -1.2131879478693008
            ],
            "max": [
              1.5156579185277224,
              -0.5636969208717346,
              -1.2131779342889786
            ]
          }
        },
        "coplanar": false,
        "epsilon": 1e-9,
        "maxSeparatingGap": -0.0001847556141767246,
        "toleranceOnly": false,
        "testedAxes": 17
      }
    },
    {
      "names": [
        "ControlFlexureMoving_R_Outboard",
        "ControlSurface_R_Outboard"
      ],
      "groups": [
        "ControlPivot_R_Outboard",
        "ControlPivot_R_Outboard"
      ],
      "unfold": 0,
      "state": {
        "label": "full wing conversion",
        "wing": 0,
        "fold": [
          0,
          0.25,
          0.75,
          1
        ],
        "phase": [
          0,
          0,
          0,
          0
        ]
      },
      "surface": true,
      "contained": 0,
      "witness": {
        "meshA": "ControlFlexureMoving_R_Outboard",
        "meshB": "ControlSurface_R_Outboard",
        "triangleA": {
          "triangleIndex": 16,
          "vertexIndices": [
            14,
            20,
            22
          ],
          "vertices": [
            [
              1.5197789845988154,
              -0.5695589333772659,
              -1.064974069595337
            ],
            [
              1.5158786489628255,
              -0.563677947036922,
              -1.2076973617076874
            ],
            [
              1.5191282397136092,
              -0.5618590265512466,
              -1.0649983882904053
            ]
          ],
          "bounds": {
            "min": [
              1.5158786489628255,
              -0.5695589333772659,
              -1.2076973617076874
            ],
            "max": [
              1.5197789845988154,
              -0.5618590265512466,
              -1.064974069595337
            ]
          }
        },
        "triangleB": {
          "triangleIndex": 119,
          "vertexIndices": [
            92,
            93,
            94
          ],
          "vertices": [
            [
              1.5355678051710129,
              -0.5685589462518692,
              -1.0653491020202637
            ],
            [
              1.5026908330619335,
              -0.5685589462518692,
              -1.0645792484283447
            ],
            [
              1.5042366487905383,
              -0.5860265046358109,
              -1.064525842666626
            ]
          ],
          "bounds": {
            "min": [
              1.5026908330619335,
              -0.5860265046358109,
              -1.0653491020202637
            ],
            "max": [
              1.5355678051710129,
              -0.5685589462518692,
              -1.064525842666626
            ]
          }
        },
        "coplanar": false,
        "epsilon": 1e-9,
        "maxSeparatingGap": -1.8866022737193833e-7,
        "toleranceOnly": false,
        "testedAxes": 17
      }
    },
    {
      "names": [
        "ControlHorn_R_Outboard",
        "ControlSurface_R_Outboard"
      ],
      "groups": [
        "ControlPivot_R_Outboard",
        "ControlPivot_R_Outboard"
      ],
      "unfold": 0,
      "state": {
        "label": "full wing conversion",
        "wing": 0,
        "fold": [
          0,
          0.25,
          0.75,
          1
        ],
        "phase": [
          0,
          0,
          0,
          0
        ]
      },
      "surface": true,
      "contained": 0,
      "witness": {
        "meshA": "ControlHorn_R_Outboard",
        "meshB": "ControlSurface_R_Outboard",
        "triangleA": {
          "triangleIndex": 30,
          "vertexIndices": [
            31,
            27,
            32
          ],
          "vertices": [
            [
              1.5520402826368809,
              -0.6482716724276543,
              -1.2189998626708984
            ],
            [
              1.5275611886754632,
              -0.62104332447052,
              -1.2189998626708984
            ],
            [
              1.5530135557055473,
              -0.6489219889044762,
              -1.2189998626708984
            ]
          ],
          "bounds": {
            "min": [
              1.5275611886754632,
              -0.6489219889044762,
              -1.2189998626708984
            ],
            "max": [
              1.5530135557055473,
              -0.62104332447052,
              -1.2189998626708984
            ]
          }
        },
        "triangleB": {
          "triangleIndex": 95,
          "vertexIndices": [
            70,
            60,
            59
          ],
          "vertices": [
            [
              1.5308493692427874,
              -0.6182361841201782,
              -1.0799999237060547
            ],
            [
              1.5280270343646407,
              -0.647005170583725,
              -1.0799999237060547
            ],
            [
              1.5207759318873286,
              -0.622022956609726,
              -1.749999761581421
            ]
          ],
          "bounds": {
            "min": [
              1.5207759318873286,
              -0.647005170583725,
              -1.749999761581421
            ],
            "max": [
              1.5308493692427874,
              -0.6182361841201782,
              -1.0799999237060547
            ]
          }
        },
        "coplanar": false,
        "epsilon": 1e-9,
        "maxSeparatingGap": -0.0009951190052054984,
        "toleranceOnly": false,
        "testedAxes": 17
      }
    },
    {
      "names": [
        "Cowl_boundary_R_Front",
        "Nacelle_R_Front"
      ],
      "groups": [
        "WingPivot_R",
        "WingPivot_R"
      ],
      "unfold": 0,
      "state": {
        "label": "full wing conversion",
        "wing": 0,
        "fold": [
          0,
          0.25,
          0.75,
          1
        ],
        "phase": [
          0,
          0,
          0,
          0
        ]
      },
      "surface": true,
      "contained": 0,
      "witness": {
        "meshA": "Cowl_boundary_R_Front",
        "meshB": "Nacelle_R_Front",
        "triangleA": {
          "triangleIndex": 246,
          "vertexIndices": [
            124,
            127,
            128
          ],
          "vertices": [
            [
              1.8427845149141797,
              0.43539746343602004,
              1.33592820256129
            ],
            [
              1.8570955345529288,
              0.4379999488592148,
              1.3195023322425923
            ],
            [
              1.8588234576648668,
              0.43539746343602004,
              1.3211507496898705
            ]
          ],
          "bounds": {
            "min": [
              1.8427845149141797,
              0.43539746343602004,
              1.3195023322425923
            ],
            "max": [
              1.8588234576648668,
              0.4379999488592148,
              1.33592820256129
            ]
          }
        },
        "triangleB": {
          "triangleIndex": 270,
          "vertexIndices": [
            155,
            157,
            154
          ],
          "vertices": [
            [
              1.857443251489054,
              0.4389999359846115,
              1.3196878404168297
            ],
            [
              1.8776230050183982,
              0.41078801614189986,
              1.3041060054131588
            ],
            [
              1.8606788237848981,
              0.41078801614189986,
              1.325250754188632
            ]
          ],
          "bounds": {
            "min": [
              1.857443251489054,
              0.41078801614189986,
              1.3041060054131588
            ],
            "max": [
              1.8776230050183982,
              0.4389999359846115,
              1.325250754188632
            ]
          }
        },
        "coplanar": false,
        "epsilon": 1e-9,
        "maxSeparatingGap": -0.000012059689826402625,
        "toleranceOnly": false,
        "testedAxes": 17
      }
    },
    {
      "names": [
        "Cowl_boundary_R_Rear",
        "Nacelle_R_Rear"
      ],
      "groups": [
        "WingPivot_R",
        "WingPivot_R"
      ],
      "unfold": 0,
      "state": {
        "label": "full wing conversion",
        "wing": 0,
        "fold": [
          0,
          0.25,
          0.75,
          1
        ],
        "phase": [
          0,
          0,
          0,
          0
        ]
      },
      "surface": true,
      "contained": 0,
      "witness": {
        "meshA": "Cowl_boundary_R_Rear",
        "meshB": "Nacelle_R_Rear",
        "triangleA": {
          "triangleIndex": 246,
          "vertexIndices": [
            124,
            127,
            128
          ],
          "vertices": [
            [
              1.8427844978815526,
              0.4353974638825956,
              -0.6440718100345775
            ],
            [
              1.8570955150645911,
              0.4379999488592148,
              -0.6604976775346649
            ],
            [
              1.8588234378800246,
              0.4353974638825956,
              -0.6588492603702483
            ]
          ],
          "bounds": {
            "min": [
              1.8427844978815526,
              0.4353974638825956,
              -0.6604976775346649
            ],
            "max": [
              1.8588234378800246,
              0.4379999488592148,
              -0.6440718100345775
            ]
          }
        },
        "triangleB": {
          "triangleIndex": 270,
          "vertexIndices": [
            155,
            157,
            154
          ],
          "vertices": [
            [
              1.857443251489054,
              0.4389999359846115,
              -0.6603121786566567
            ],
            [
              1.8776230050183982,
              0.41078801614189986,
              -0.6758940136603274
            ],
            [
              1.8606788237848981,
              0.41078801614189986,
              -0.6547492648848544
            ]
          ],
          "bounds": {
            "min": [
              1.857443251489054,
              0.41078801614189986,
              -0.6758940136603274
            ],
            "max": [
              1.8776230050183982,
              0.4389999359846115,
              -0.6547492648848544
            ]
          }
        },
        "coplanar": false,
        "epsilon": 1e-9,
        "maxSeparatingGap": -0.000012040356604004626,
        "toleranceOnly": false,
        "testedAxes": 17
      }
    },
    {
      "names": [
        "Landing_wear_tip_R_Front",
        "Nacelle_R_Front"
      ],
      "groups": [
        "WingPivot_R",
        "WingPivot_R"
      ],
      "unfold": 0,
      "state": {
        "label": "full wing conversion",
        "wing": 0,
        "fold": [
          0,
          0.25,
          0.75,
          1
        ],
        "phase": [
          0,
          0,
          0,
          0
        ]
      },
      "surface": true,
      "contained": 0,
      "witness": {
        "meshA": "Landing_wear_tip_R_Front",
        "meshB": "Nacelle_R_Front",
        "triangleA": {
          "triangleIndex": 1513,
          "vertexIndices": [
            846,
            845,
            847
          ],
          "vertices": [
            [
              1.8045544140040874,
              -1.3750001341104507,
              1.2364549040794373
            ],
            [
              1.8096830323338509,
              -1.374715343117714,
              1.232123076915741
            ],
            [
              1.8039857223629951,
              -1.3747139126062393,
              1.2353774905204773
            ]
          ],
          "bounds": {
            "min": [
              1.8039857223629951,
              -1.3750001341104507,
              1.232123076915741
            ],
            "max": [
              1.8096830323338509,
              -1.3747139126062393,
              1.2364549040794373
            ]
          }
        },
        "triangleB": {
          "triangleIndex": 2390,
          "vertexIndices": [
            1217,
            1174,
            1175
          ],
          "vertices": [
            [
              1.8010477940167522,
              -1.3903756107578245,
              1.229347256051285
            ],
            [
              1.798975892458887,
              -1.3677833691131578,
              1.2413529322016543
            ],
            [
              1.805674094755547,
              -1.3677833691131578,
              1.238741768594482
            ]
          ],
          "bounds": {
            "min": [
              1.798975892458887,
              -1.3903756107578245,
              1.229347256051285
            ],
            "max": [
              1.805674094755547,
              -1.3677833691131578,
              1.2413529322016543
            ]
          }
        },
        "coplanar": false,
        "epsilon": 1e-9,
        "maxSeparatingGap": -0.000014411885476925705,
        "toleranceOnly": false,
        "testedAxes": 17
      }
    },
    {
      "names": [
        "Landing_wear_tip_R_Rear",
        "Nacelle_R_Rear"
      ],
      "groups": [
        "WingPivot_R",
        "WingPivot_R"
      ],
      "unfold": 0,
      "state": {
        "label": "full wing conversion",
        "wing": 0,
        "fold": [
          0,
          0.25,
          0.75,
          1
        ],
        "phase": [
          0,
          0,
          0,
          0
        ]
      },
      "surface": true,
      "contained": 0,
      "witness": {
        "meshA": "Landing_wear_tip_R_Rear",
        "meshB": "Nacelle_R_Rear",
        "triangleA": {
          "triangleIndex": 1513,
          "vertexIndices": [
            846,
            845,
            847
          ],
          "vertices": [
            [
              1.8045544140040874,
              -1.3750001341104507,
              -0.7435452938079834
            ],
            [
              1.8096829876303673,
              -1.3747154623270035,
              -0.7478766441345215
            ],
            [
              1.803985733538866,
              -1.3747139126062393,
              -0.7446224689483643
            ]
          ],
          "bounds": {
            "min": [
              1.803985733538866,
              -1.3750001341104507,
              -0.7478766441345215
            ],
            "max": [
              1.8096829876303673,
              -1.3747139126062393,
              -0.7435452938079834
            ]
          }
        },
        "triangleB": {
          "triangleIndex": 2390,
          "vertexIndices": [
            1217,
            1174,
            1175
          ],
          "vertices": [
            [
              1.8010477940167522,
              -1.3903756107578245,
              -0.7506527630222012
            ],
            [
              1.798975892458887,
              -1.3677833691131578,
              -0.738647086871832
            ],
            [
              1.805674094755547,
              -1.3677833691131578,
              -0.7412582504790045
            ]
          ],
          "bounds": {
            "min": [
              1.798975892458887,
              -1.3903756107578245,
              -0.7506527630222012
            ],
            "max": [
              1.805674094755547,
              -1.3677833691131578,
              -0.738647086871832
            ]
          }
        },
        "coplanar": false,
        "epsilon": 1e-9,
        "maxSeparatingGap": -0.000014388450862285167,
        "toleranceOnly": false,
        "testedAxes": 17
      }
    },
    {
      "names": [
        "Motor_cowl_R_Front",
        "MotorFrontBearing_R_Front"
      ],
      "groups": [
        "WingPivot_R",
        "WingPivot_R"
      ],
      "unfold": 0,
      "state": {
        "label": "full wing conversion",
        "wing": 0,
        "fold": [
          0,
          0.25,
          0.75,
          1
        ],
        "phase": [
          0,
          0,
          0,
          0
        ]
      },
      "surface": false,
      "contained": 1,
      "witness": {
        "contained": "MotorFrontBearing_R_Front",
        "container": "Motor_cowl_R_Front",
        "point": [
          1.7489999532699585,
          0.8129996725649372,
          1.1720000468194485
        ],
        "depth": 0.01053510565934838,
        "sourceTriangleIndex": 0,
        "state": "inside",
        "parity": [
          1,
          1,
          1
        ],
        "distance": 0.01053510565934838,
        "triangleIndex": 50
      }
    },
    {
      "names": [
        "Motor_cowl_R_Front",
        "Nacelle_R_Front"
      ],
      "groups": [
        "WingPivot_R",
        "WingPivot_R"
      ],
      "unfold": 0,
      "state": {
        "label": "full wing conversion",
        "wing": 0,
        "fold": [
          0,
          0.25,
          0.75,
          1
        ],
        "phase": [
          0,
          0,
          0,
          0
        ]
      },
      "surface": true,
      "contained": 0,
      "witness": {
        "meshA": "Motor_cowl_R_Front",
        "meshB": "Nacelle_R_Front",
        "triangleA": {
          "triangleIndex": 1392,
          "vertexIndices": [
            721,
            661,
            662
          ],
          "vertices": [
            [
              1.8574336469173431,
              0.4389999359846115,
              1.31968492269516
            ],
            [
              1.8547312691807747,
              0.47048430144786835,
              1.3163579106330872
            ],
            [
              1.8359149172902107,
              0.47048430144786835,
              1.3331276774406433
            ]
          ],
          "bounds": {
            "min": [
              1.8359149172902107,
              0.4389999359846115,
              1.3163579106330872
            ],
            "max": [
              1.8574336469173431,
              0.47048430144786835,
              1.3331276774406433
            ]
          }
        },
        "triangleB": {
          "triangleIndex": 267,
          "vertexIndices": [
            155,
            58,
            156
          ],
          "vertices": [
            [
              1.857443251489054,
              0.4389999359846115,
              1.3196878404168297
            ],
            [
              1.838228493205839,
              0.4389999359846115,
              1.3369442259946653
            ],
            [
              1.8738481706732466,
              0.4389999359846115,
              1.2994797046743642
            ]
          ],
          "bounds": {
            "min": [
              1.838228493205839,
              0.4389999359846115,
              1.2994797046743642
            ],
            "max": [
              1.8738481706732466,
              0.4389999359846115,
              1.3369442259946653
            ]
          }
        },
        "coplanar": false,
        "epsilon": 1e-9,
        "maxSeparatingGap": 0,
        "toleranceOnly": false,
        "testedAxes": 17
      }
    },
    {
      "names": [
        "Motor_cowl_R_Rear",
        "MotorFrontBearing_R_Rear"
      ],
      "groups": [
        "WingPivot_R",
        "WingPivot_R"
      ],
      "unfold": 0,
      "state": {
        "label": "full wing conversion",
        "wing": 0,
        "fold": [
          0,
          0.25,
          0.75,
          1
        ],
        "phase": [
          0,
          0,
          0,
          0
        ]
      },
      "surface": false,
      "contained": 1,
      "witness": {
        "contained": "MotorFrontBearing_R_Rear",
        "container": "Motor_cowl_R_Rear",
        "point": [
          1.7489999532699585,
          0.812999709683913,
          -0.8080003261566162
        ],
        "depth": 0.010535387929351948,
        "sourceTriangleIndex": 0,
        "state": "inside",
        "parity": [
          1,
          1,
          1
        ],
        "distance": 0.010535387929351948,
        "triangleIndex": 50
      }
    },
    {
      "names": [
        "Motor_cowl_R_Rear",
        "Nacelle_R_Rear"
      ],
      "groups": [
        "WingPivot_R",
        "WingPivot_R"
      ],
      "unfold": 0,
      "state": {
        "label": "full wing conversion",
        "wing": 0,
        "fold": [
          0,
          0.25,
          0.75,
          1
        ],
        "phase": [
          0,
          0,
          0,
          0
        ]
      },
      "surface": true,
      "contained": 0,
      "witness": {
        "meshA": "Motor_cowl_R_Rear",
        "meshB": "Nacelle_R_Rear",
        "triangleA": {
          "triangleIndex": 1392,
          "vertexIndices": [
            721,
            661,
            662
          ],
          "vertices": [
            [
              1.8574336469173431,
              0.4389999359846115,
              -0.6603152751922607
            ],
            [
              1.8547312691807747,
              0.47048430144786835,
              -0.663642168045044
            ],
            [
              1.8359149172902107,
              0.47048430144786835,
              -0.6468722820281982
            ]
          ],
          "bounds": {
            "min": [
              1.8359149172902107,
              0.4389999359846115,
              -0.663642168045044
            ],
            "max": [
              1.8574336469173431,
              0.47048430144786835,
              -0.6468722820281982
            ]
          }
        },
        "triangleB": {
          "triangleIndex": 267,
          "vertexIndices": [
            155,
            58,
            156
          ],
          "vertices": [
            [
              1.857443251489054,
              0.4389999359846115,
              -0.6603121786566567
            ],
            [
              1.838228493205839,
              0.4389999359846115,
              -0.643055793078821
            ],
            [
              1.8738481706732466,
              0.4389999359846115,
              -0.6805203143991222
            ]
          ],
          "bounds": {
            "min": [
              1.838228493205839,
              0.4389999359846115,
              -0.6805203143991222
            ],
            "max": [
              1.8738481706732466,
              0.4389999359846115,
              -0.643055793078821
            ]
          }
        },
        "coplanar": false,
        "epsilon": 1e-9,
        "maxSeparatingGap": 0,
        "toleranceOnly": false,
        "testedAxes": 17
      }
    },
    {
      "names": [
        "Nacelle_R_Front",
        "Pod_wing_saddle_R_Front"
      ],
      "groups": [
        "WingPivot_R",
        "WingPivot_R"
      ],
      "unfold": 0,
      "state": {
        "label": "full wing conversion",
        "wing": 0,
        "fold": [
          0,
          0.25,
          0.75,
          1
        ],
        "phase": [
          0,
          0,
          0,
          0
        ]
      },
      "surface": true,
      "contained": 0,
      "witness": {
        "meshA": "Nacelle_R_Front",
        "meshB": "Pod_wing_saddle_R_Front",
        "triangleA": {
          "triangleIndex": 776,
          "vertexIndices": [
            410,
            367,
            368
          ],
          "vertices": [
            [
              1.5513694651874417,
              -0.21100950892261472,
              1.3075118709877318
            ],
            [
              1.5379730605941218,
              -0.09912682479789697,
              1.2729990998320604
            ],
            [
              1.5511140252693487,
              -0.09912682479789697,
              1.3072564310696388
            ]
          ],
          "bounds": {
            "min": [
              1.5379730605941218,
              -0.21100950892261472,
              1.2729990998320604
            ],
            "max": [
              1.5513694651874417,
              -0.09912682479789697,
              1.3075118709877318
            ]
          }
        },
        "triangleB": {
          "triangleIndex": 194,
          "vertexIndices": [
            128,
            127,
            130
          ],
          "vertices": [
            [
              1.5405482424225676,
              -0.12100008130073547,
              1.2866652867486401
            ],
            [
              1.5438985642612255,
              -0.12100008130073547,
              1.2866652867486401
            ],
            [
              1.5320683697126978,
              -0.12100008130073547,
              1.243332667216178
            ]
          ],
          "bounds": {
            "min": [
              1.5320683697126978,
              -0.12100008130073547,
              1.243332667216178
            ],
            "max": [
              1.5438985642612255,
              -0.12100008130073547,
              1.2866652867486401
            ]
          }
        },
        "coplanar": false,
        "epsilon": 1e-9,
        "maxSeparatingGap": -0.0013667172863889871,
        "toleranceOnly": false,
        "testedAxes": 17
      }
    },
    {
      "names": [
        "Nacelle_R_Front",
        "Wing_blue_leading_R"
      ],
      "groups": [
        "WingPivot_R",
        "WingPivot_R"
      ],
      "unfold": 0,
      "state": {
        "label": "full wing conversion",
        "wing": 0,
        "fold": [
          0,
          0.25,
          0.75,
          1
        ],
        "phase": [
          0,
          0,
          0,
          0
        ]
      },
      "surface": true,
      "contained": 0,
      "witness": {
        "meshA": "Nacelle_R_Front",
        "meshB": "Wing_blue_leading_R",
        "triangleA": {
          "triangleIndex": 697,
          "vertexIndices": [
            370,
            328,
            371
          ],
          "vertices": [
            [
              1.5694489349457992,
              -0.0010095140370777744,
              1.3381362789457658
            ],
            [
              1.5705274590444138,
              0.08010685106399862,
              1.3371996659127583
            ],
            [
              1.591558678967401,
              -0.0010095140370777744,
              1.366177905509749
            ]
          ],
          "bounds": {
            "min": [
              1.5694489349457992,
              -0.0010095140370777744,
              1.3371996659127583
            ],
            "max": [
              1.591558678967401,
              0.08010685106399862,
              1.366177905509749
            ]
          }
        },
        "triangleB": {
          "triangleIndex": 3615,
          "vertexIndices": [
            3483,
            3476,
            1038
          ],
          "vertices": [
            [
              1.5711062550544739,
              0.048128679394721985,
              1.3299999982118607
            ],
            [
              1.5704583749175072,
              0.051895543932914734,
              1.3299999982118607
            ],
            [
              1.5711173191666603,
              0.048604607582092285,
              1.385000005364418
            ]
          ],
          "bounds": {
            "min": [
              1.5704583749175072,
              0.048128679394721985,
              1.3299999982118607
            ],
            "max": [
              1.5711173191666603,
              0.051895543932914734,
              1.385000005364418
            ]
          }
        },
        "coplanar": false,
        "epsilon": 1e-9,
        "maxSeparatingGap": -0.001004541041309202,
        "toleranceOnly": false,
        "testedAxes": 17
      }
    },
    {
      "names": [
        "Nacelle_R_Rear",
        "Pod_wing_saddle_R_Rear"
      ],
      "groups": [
        "WingPivot_R",
        "WingPivot_R"
      ],
      "unfold": 0,
      "state": {
        "label": "full wing conversion",
        "wing": 0,
        "fold": [
          0,
          0.25,
          0.75,
          1
        ],
        "phase": [
          0,
          0,
          0,
          0
        ]
      },
      "surface": true,
      "contained": 0,
      "witness": {
        "meshA": "Nacelle_R_Rear",
        "meshB": "Pod_wing_saddle_R_Rear",
        "triangleA": {
          "triangleIndex": 776,
          "vertexIndices": [
            410,
            367,
            368
          ],
          "vertices": [
            [
              1.5513694651874417,
              -0.21100950892261472,
              -0.6724881480857545
            ],
            [
              1.5379730605941218,
              -0.09912682479789697,
              -0.7070009192414259
            ],
            [
              1.5511140252693487,
              -0.09912682479789697,
              -0.6727435880038475
            ]
          ],
          "bounds": {
            "min": [
              1.5379730605941218,
              -0.21100950892261472,
              -0.7070009192414259
            ],
            "max": [
              1.5513694651874417,
              -0.09912682479789697,
              -0.6724881480857545
            ]
          }
        },
        "triangleB": {
          "triangleIndex": 194,
          "vertexIndices": [
            128,
            127,
            130
          ],
          "vertices": [
            [
              1.5405482945766318,
              -0.12100008130073547,
              -0.6933347323248463
            ],
            [
              1.5438986164152897,
              -0.12100008130073547,
              -0.6933347323248463
            ],
            [
              1.532068421866762,
              -0.12100008130073547,
              -0.7366673518573084
            ]
          ],
          "bounds": {
            "min": [
              1.532068421866762,
              -0.12100008130073547,
              -0.7366673518573084
            ],
            "max": [
              1.5438986164152897,
              -0.12100008130073547,
              -0.6933347323248463
            ]
          }
        },
        "coplanar": false,
        "epsilon": 1e-9,
        "maxSeparatingGap": -0.0013667675696315213,
        "toleranceOnly": false,
        "testedAxes": 17
      }
    },
    {
      "names": [
        "Nacelle_R_Rear",
        "Wing_blue_leading_R"
      ],
      "groups": [
        "WingPivot_R",
        "WingPivot_R"
      ],
      "unfold": 0,
      "state": {
        "label": "full wing conversion",
        "wing": 0,
        "fold": [
          0,
          0.25,
          0.75,
          1
        ],
        "phase": [
          0,
          0,
          0,
          0
        ]
      },
      "surface": true,
      "contained": 0,
      "witness": {
        "meshA": "Nacelle_R_Rear",
        "meshB": "Wing_blue_leading_R",
        "triangleA": {
          "triangleIndex": 695,
          "vertexIndices": [
            370,
            326,
            327
          ],
          "vertices": [
            [
              1.5694489349457992,
              -0.0010095140370777744,
              -0.6418637401277205
            ],
            [
              1.551653287318656,
              -0.0010095140370777744,
              -0.6733112322662763
            ],
            [
              1.5529588691222422,
              0.08010685106399862,
              -0.6740207875943124
            ]
          ],
          "bounds": {
            "min": [
              1.551653287318656,
              -0.0010095140370777744,
              -0.6740207875943124
            ],
            "max": [
              1.5694489349457992,
              0.08010685106399862,
              -0.6418637401277205
            ]
          }
        },
        "triangleB": {
          "triangleIndex": 4188,
          "vertexIndices": [
            4088,
            3876,
            3868
          ],
          "vertices": [
            [
              1.5472687743604183,
              -0.011531323194503784,
              -1.0799999237060547
            ],
            [
              1.5619135163724422,
              0.03453117609024048,
              0.09000003337860107
            ],
            [
              1.5626765564084053,
              0.030899927020072937,
              0.09000003337860107
            ]
          ],
          "bounds": {
            "min": [
              1.5472687743604183,
              -0.011531323194503784,
              -1.0799999237060547
            ],
            "max": [
              1.5626765564084053,
              0.03453117609024048,
              0.09000003337860107
            ]
          }
        },
        "coplanar": false,
        "epsilon": 1e-9,
        "maxSeparatingGap": -0.0009024964911166257,
        "toleranceOnly": false,
        "testedAxes": 17
      }
    },
    {
      "names": [
        "Pod_mount_seam_R_Front",
        "Pod_wing_saddle_R_Front"
      ],
      "groups": [
        "WingPivot_R",
        "WingPivot_R"
      ],
      "unfold": 0,
      "state": {
        "label": "full wing conversion",
        "wing": 0,
        "fold": [
          0,
          0.25,
          0.75,
          1
        ],
        "phase": [
          0,
          0,
          0,
          0
        ]
      },
      "surface": true,
      "contained": 0,
      "witness": {
        "meshA": "Pod_mount_seam_R_Front",
        "meshB": "Pod_wing_saddle_R_Front",
        "triangleA": {
          "triangleIndex": 1,
          "vertexIndices": [
            0,
            2,
            3
          ],
          "vertices": [
            [
              1.5593873134919907,
              -0.12099924683570862,
              1.3277972903760107
            ],
            [
              1.56156991890444,
              -0.1759941875204709,
              1.3300000429153442
            ],
            [
              1.5593671663651065,
              -0.1760009032294323,
              1.3277972903760107
            ]
          ],
          "bounds": {
            "min": [
              1.5593671663651065,
              -0.1760009032294323,
              1.3277972903760107
            ],
            "max": [
              1.56156991890444,
              -0.12099924683570862,
              1.3300000429153442
            ]
          }
        },
        "triangleB": {
          "triangleIndex": 205,
          "vertexIndices": [
            141,
            140,
            143
          ],
          "vertices": [
            [
              1.564698758762553,
              -0.12100008130073547,
              1.329997906281102
            ],
            [
              1.561368579139358,
              -0.17600175765802234,
              1.329997906281102
            ],
            [
              1.5647591854089415,
              -0.17600175765802234,
              1.329997906281102
            ]
          ],
          "bounds": {
            "min": [
              1.561368579139358,
              -0.17600175765802234,
              1.329997906281102
            ],
            "max": [
              1.5647591854089415,
              -0.12100008130073547,
              1.329997906281102
            ]
          }
        },
        "coplanar": false,
        "epsilon": 1e-9,
        "maxSeparatingGap": -0.0000021366342422002305,
        "toleranceOnly": false,
        "testedAxes": 17
      }
    },
    {
      "names": [
        "Pod_mount_seam_R_Front001",
        "Pod_wing_saddle_R_Front"
      ],
      "groups": [
        "WingPivot_R",
        "WingPivot_R"
      ],
      "unfold": 0,
      "state": {
        "label": "full wing conversion",
        "wing": 0,
        "fold": [
          0,
          0.25,
          0.75,
          1
        ],
        "phase": [
          0,
          0,
          0,
          0
        ]
      },
      "surface": true,
      "contained": 0,
      "witness": {
        "meshA": "Pod_mount_seam_R_Front001",
        "meshB": "Pod_wing_saddle_R_Front",
        "triangleA": {
          "triangleIndex": 6,
          "vertexIndices": [
            6,
            7,
            1
          ],
          "vertices": [
            [
              1.5593873134919907,
              -0.12099924683570862,
              1.072202804991421
            ],
            [
              1.5593671663651065,
              -0.1760009032294323,
              1.072202804991421
            ],
            [
              1.5615900660313242,
              -0.12099924683570862,
              1.0700000524520874
            ]
          ],
          "bounds": {
            "min": [
              1.5593671663651065,
              -0.1760009032294323,
              1.0700000524520874
            ],
            "max": [
              1.5615900660313242,
              -0.12099924683570862,
              1.072202804991421
            ]
          }
        },
        "triangleB": {
          "triangleIndex": 221,
          "vertexIndices": [
            159,
            158,
            161
          ],
          "vertices": [
            [
              1.564692044690732,
              -0.12100008130073547,
              1.0700021890863296
            ],
            [
              1.561368579139358,
              -0.17600175765802234,
              1.0700021890863296
            ],
            [
              1.5613887213548208,
              -0.12100008130073547,
              1.0700021890863296
            ]
          ],
          "bounds": {
            "min": [
              1.561368579139358,
              -0.17600175765802234,
              1.0700021890863296
            ],
            "max": [
              1.564692044690732,
              -0.12100008130073547,
              1.0700021890863296
            ]
          }
        },
        "coplanar": false,
        "epsilon": 1e-9,
        "maxSeparatingGap": -0.0000021015302288087886,
        "toleranceOnly": false,
        "testedAxes": 17
      }
    },
    {
      "names": [
        "Pod_mount_seam_R_Rear",
        "Pod_wing_saddle_R_Rear"
      ],
      "groups": [
        "WingPivot_R",
        "WingPivot_R"
      ],
      "unfold": 0,
      "state": {
        "label": "full wing conversion",
        "wing": 0,
        "fold": [
          0,
          0.25,
          0.75,
          1
        ],
        "phase": [
          0,
          0,
          0,
          0
        ]
      },
      "surface": true,
      "contained": 0,
      "witness": {
        "meshA": "Pod_mount_seam_R_Rear",
        "meshB": "Pod_wing_saddle_R_Rear",
        "triangleA": {
          "triangleIndex": 1,
          "vertexIndices": [
            0,
            2,
            3
          ],
          "vertices": [
            [
              1.5593873134919907,
              -0.12099924683570862,
              -0.6522028479067652
            ],
            [
              1.56156991890444,
              -0.1759941875204709,
              -0.6500000953674316
            ],
            [
              1.5593671663651065,
              -0.1760009032294323,
              -0.6522028479067652
            ]
          ],
          "bounds": {
            "min": [
              1.5593671663651065,
              -0.1760009032294323,
              -0.6522028479067652
            ],
            "max": [
              1.56156991890444,
              -0.12099924683570862,
              -0.6500000953674316
            ]
          }
        },
        "triangleB": {
          "triangleIndex": 205,
          "vertexIndices": [
            141,
            140,
            143
          ],
          "vertices": [
            [
              1.5646988109166171,
              -0.12100008130073547,
              -0.6500021127923843
            ],
            [
              1.561368631293422,
              -0.17600175765802234,
              -0.6500021127923843
            ],
            [
              1.5647592375630057,
              -0.17600175765802234,
              -0.6500021127923843
            ]
          ],
          "bounds": {
            "min": [
              1.561368631293422,
              -0.17600175765802234,
              -0.6500021127923843
            ],
            "max": [
              1.5647592375630057,
              -0.12100008130073547,
              -0.6500021127923843
            ]
          }
        },
        "coplanar": false,
        "epsilon": 1e-9,
        "maxSeparatingGap": -0.000002017424952649449,
        "toleranceOnly": false,
        "testedAxes": 17
      }
    },
    {
      "names": [
        "Pod_mount_seam_R_Rear001",
        "Pod_wing_saddle_R_Rear"
      ],
      "groups": [
        "WingPivot_R",
        "WingPivot_R"
      ],
      "unfold": 0,
      "state": {
        "label": "full wing conversion",
        "wing": 0,
        "fold": [
          0,
          0.25,
          0.75,
          1
        ],
        "phase": [
          0,
          0,
          0,
          0
        ]
      },
      "surface": true,
      "contained": 0,
      "witness": {
        "meshA": "Pod_mount_seam_R_Rear001",
        "meshB": "Pod_wing_saddle_R_Rear",
        "triangleA": {
          "triangleIndex": 6,
          "vertexIndices": [
            6,
            7,
            1
          ],
          "vertices": [
            [
              1.5593873134919907,
              -0.12099924683570862,
              -0.9077970948727758
            ],
            [
              1.5593671663651065,
              -0.1760009032294323,
              -0.9077970948727758
            ],
            [
              1.5615900660313242,
              -0.12099924683570862,
              -0.9099998474121094
            ]
          ],
          "bounds": {
            "min": [
              1.5593671663651065,
              -0.1760009032294323,
              -0.9099998474121094
            ],
            "max": [
              1.5615900660313242,
              -0.12099924683570862,
              -0.9077970948727758
            ]
          }
        },
        "triangleB": {
          "triangleIndex": 221,
          "vertexIndices": [
            159,
            158,
            161
          ],
          "vertices": [
            [
              1.5646920968447962,
              -0.12100008130073547,
              -0.9099978299871567
            ],
            [
              1.561368631293422,
              -0.17600175765802234,
              -0.9099978299871567
            ],
            [
              1.561388773508885,
              -0.12100008130073547,
              -0.9099978299871567
            ]
          ],
          "bounds": {
            "min": [
              1.561368631293422,
              -0.17600175765802234,
              -0.9099978299871567
            ],
            "max": [
              1.5646920968447962,
              -0.12100008130073547,
              -0.9099978299871567
            ]
          }
        },
        "coplanar": false,
        "epsilon": 1e-9,
        "maxSeparatingGap": -0.0000019824164248722145,
        "toleranceOnly": false,
        "testedAxes": 17
      }
    },
    {
      "names": [
        "Blade_hinge_arm_R_Front_A",
        "Spinner_R_Front"
      ],
      "groups": [
        "Prop_R_Front",
        "Prop_R_Front"
      ],
      "unfold": 0,
      "state": {
        "label": "full wing conversion",
        "wing": 0,
        "fold": [
          0,
          0.25,
          0.75,
          1
        ],
        "phase": [
          0,
          0,
          0,
          0
        ]
      },
      "surface": true,
      "contained": 0,
      "witness": {
        "meshA": "Blade_hinge_arm_R_Front_A",
        "meshB": "Spinner_R_Front",
        "triangleA": {
          "triangleIndex": 464,
          "vertexIndices": [
            284,
            295,
            296
          ],
          "vertices": [
            [
              1.7830082565449628,
              0.9279812187173326,
              1.2950002006527237
            ],
            [
              1.7897820843174879,
              0.9289901607070771,
              1.306997912554908
            ],
            [
              1.7897855634277973,
              0.9289797233761486,
              1.3069996521100626
            ]
          ],
          "bounds": {
            "min": [
              1.7830082565449628,
              0.9279812187173326,
              1.2950002006527237
            ],
            "max": [
              1.7897855634277973,
              0.9289901607070771,
              1.3069996521100626
            ]
          }
        },
        "triangleB": {
          "triangleIndex": 1174,
          "vertexIndices": [
            620,
            619,
            618
          ],
          "vertices": [
            [
              1.7877363875314125,
              0.9287188661485095,
              1.2935197340375058
            ],
            [
              1.775199811101036,
              0.9287188661485095,
              1.297775822390198
            ],
            [
              1.775723490875976,
              0.9245452970330804,
              1.299734067366791
            ]
          ],
          "bounds": {
            "min": [
              1.775199811101036,
              0.9245452970330804,
              1.2935197340375058
            ],
            "max": [
              1.7877363875314125,
              0.9287188661485095,
              1.299734067366791
            ]
          }
        },
        "coplanar": false,
        "epsilon": 1e-9,
        "maxSeparatingGap": -0.00042796311010071973,
        "toleranceOnly": false,
        "testedAxes": 17
      }
    },
    {
      "names": [
        "Blade_hinge_arm_R_Front_B",
        "Spinner_R_Front"
      ],
      "groups": [
        "Prop_R_Front",
        "Prop_R_Front"
      ],
      "unfold": 0,
      "state": {
        "label": "full wing conversion",
        "wing": 0,
        "fold": [
          0,
          0.25,
          0.75,
          1
        ],
        "phase": [
          0,
          0,
          0,
          0
        ]
      },
      "surface": true,
      "contained": 0,
      "witness": {
        "meshA": "Blade_hinge_arm_R_Front_B",
        "meshB": "Spinner_R_Front",
        "triangleA": {
          "triangleIndex": 1347,
          "vertexIndices": [
            757,
            738,
            739
          ],
          "vertices": [
            [
              1.7897820843174879,
              0.9289901607070771,
              1.0930021828125236
            ],
            [
              1.7897751260968688,
              0.928997118927696,
              1.0930021828125236
            ],
            [
              1.7830047774346531,
              0.9279899164931064,
              1.1050016342698628
            ]
          ],
          "bounds": {
            "min": [
              1.7830047774346531,
              0.9279899164931064,
              1.0930021828125236
            ],
            "max": [
              1.7897820843174879,
              0.928997118927696,
              1.1050016342698628
            ]
          }
        },
        "triangleB": {
          "triangleIndex": 1696,
          "vertexIndices": [
            890,
            505,
            891
          ],
          "vertices": [
            [
              1.7885139726517776,
              0.9245452970330804,
              1.1046046355905963
            ],
            [
              1.775199811101036,
              0.9287188661485095,
              1.1022242729772336
            ],
            [
              1.7877363875314125,
              0.9287188661485095,
              1.1064803613299259
            ]
          ],
          "bounds": {
            "min": [
              1.775199811101036,
              0.9245452970330804,
              1.1022242729772336
            ],
            "max": [
              1.7885139726517776,
              0.9287188661485095,
              1.1064803613299259
            ]
          }
        },
        "coplanar": false,
        "epsilon": 1e-9,
        "maxSeparatingGap": -0.0004270663190305852,
        "toleranceOnly": false,
        "testedAxes": 17
      }
    },
    {
      "names": [
        "Blade_hinge_arm_R_Rear_A",
        "Spinner_R_Rear"
      ],
      "groups": [
        "Prop_R_Rear",
        "Prop_R_Rear"
      ],
      "unfold": 0,
      "state": {
        "label": "full wing conversion",
        "wing": 0,
        "fold": [
          0,
          0.25,
          0.75,
          1
        ],
        "phase": [
          0,
          0,
          0,
          0
        ]
      },
      "surface": true,
      "contained": 0,
      "witness": {
        "meshA": "Blade_hinge_arm_R_Rear_A",
        "meshB": "Spinner_R_Rear",
        "triangleA": {
          "triangleIndex": 464,
          "vertexIndices": [
            284,
            295,
            296
          ],
          "vertices": [
            [
              1.7830082565449628,
              0.9279812187173326,
              -0.6849998184207626
            ],
            [
              1.7897820843174879,
              0.9289901607070771,
              -0.6730021065185784
            ],
            [
              1.7897855634277973,
              0.9289797233761486,
              -0.6730003669634236
            ]
          ],
          "bounds": {
            "min": [
              1.7830082565449628,
              0.9279812187173326,
              -0.6849998184207626
            ],
            "max": [
              1.7897855634277973,
              0.9289901607070771,
              -0.6730003669634236
            ]
          }
        },
        "triangleB": {
          "triangleIndex": 1174,
          "vertexIndices": [
            620,
            619,
            618
          ],
          "vertices": [
            [
              1.7877363875314125,
              0.9287188661485095,
              -0.6864802850359807
            ],
            [
              1.775199811101036,
              0.9287188661485095,
              -0.6822241966832884
            ],
            [
              1.775723490875976,
              0.9245452970330804,
              -0.6802659517066953
            ]
          ],
          "bounds": {
            "min": [
              1.775199811101036,
              0.9245452970330804,
              -0.6864802850359807
            ],
            "max": [
              1.7877363875314125,
              0.9287188661485095,
              -0.6802659517066953
            ]
          }
        },
        "coplanar": false,
        "epsilon": 1e-9,
        "maxSeparatingGap": -0.0004279631101006382,
        "toleranceOnly": false,
        "testedAxes": 17
      }
    },
    {
      "names": [
        "Blade_hinge_arm_R_Rear_B",
        "Spinner_R_Rear"
      ],
      "groups": [
        "Prop_R_Rear",
        "Prop_R_Rear"
      ],
      "unfold": 0,
      "state": {
        "label": "full wing conversion",
        "wing": 0,
        "fold": [
          0,
          0.25,
          0.75,
          1
        ],
        "phase": [
          0,
          0,
          0,
          0
        ]
      },
      "surface": true,
      "contained": 0,
      "witness": {
        "meshA": "Blade_hinge_arm_R_Rear_B",
        "meshB": "Spinner_R_Rear",
        "triangleA": {
          "triangleIndex": 1744,
          "vertexIndices": [
            924,
            905,
            906
          ],
          "vertices": [
            [
              1.7897820843174879,
              0.9289901607070771,
              -0.8869978362609626
            ],
            [
              1.7897751260968688,
              0.928997118927696,
              -0.8869978362609626
            ],
            [
              1.7830047774346531,
              0.9279899164931064,
              -0.8749983848036236
            ]
          ],
          "bounds": {
            "min": [
              1.7830047774346531,
              0.9279899164931064,
              -0.8869978362609626
            ],
            "max": [
              1.7897820843174879,
              0.928997118927696,
              -0.8749983848036236
            ]
          }
        },
        "triangleB": {
          "triangleIndex": 1696,
          "vertexIndices": [
            890,
            505,
            891
          ],
          "vertices": [
            [
              1.7885139726517776,
              0.9245452970330804,
              -0.87539538348289
            ],
            [
              1.775199811101036,
              0.9287188661485095,
              -0.8777757460962526
            ],
            [
              1.7877363875314125,
              0.9287188661485095,
              -0.8735196577435603
            ]
          ],
          "bounds": {
            "min": [
              1.775199811101036,
              0.9245452970330804,
              -0.8777757460962526
            ],
            "max": [
              1.7885139726517776,
              0.9287188661485095,
              -0.8735196577435603
            ]
          }
        },
        "coplanar": false,
        "epsilon": 1e-9,
        "maxSeparatingGap": -0.00042706631903050365,
        "toleranceOnly": false,
        "testedAxes": 17
      }
    },
    {
      "names": [
        "RootCarrierBridge_R",
        "RootCarrierMoving_R"
      ],
      "groups": [
        "WingPivot_R",
        "WingPivot_R"
      ],
      "unfold": 0,
      "state": {
        "label": "full wing conversion",
        "wing": 0,
        "fold": [
          0,
          0.25,
          0.75,
          1
        ],
        "phase": [
          0,
          0,
          0,
          0
        ]
      },
      "surface": true,
      "contained": 0,
      "witness": {
        "meshA": "RootCarrierBridge_R",
        "meshB": "RootCarrierMoving_R",
        "triangleA": {
          "triangleIndex": 600,
          "vertexIndices": [
            431,
            432,
            433
          ],
          "vertices": [
            [
              1.5268139846238,
              -0.1893745840794084,
              1.4293202974342958
            ],
            [
              1.5310577442423314,
              -0.19361760309619286,
              1.4250770779629807
            ],
            [
              1.5330433273971795,
              -0.19099398291206457,
              1.4296587824031135
            ]
          ],
          "bounds": {
            "min": [
              1.5268139846238,
              -0.19361760309619286,
              1.4250770779629807
            ],
            "max": [
              1.5330433273971795,
              -0.1893745840794084,
              1.4296587824031135
            ]
          }
        },
        "triangleB": {
          "triangleIndex": 132,
          "vertexIndices": [
            66,
            70,
            67
          ],
          "vertices": [
            [
              1.5334923976580555,
              -0.19199214775821155,
              1.429140297935824
            ],
            [
              1.5293680216127852,
              -0.19309669335904503,
              1.4261204674913872
            ],
            [
              1.5306444162155048,
              -0.1861922439445501,
              1.4204924126796121
            ]
          ],
          "bounds": {
            "min": [
              1.5293680216127852,
              -0.19309669335904503,
              1.4204924126796121
            ],
            "max": [
              1.5334923976580555,
              -0.1861922439445501,
              1.429140297935824
            ]
          }
        },
        "coplanar": false,
        "epsilon": 1e-9,
        "maxSeparatingGap": -0.0005486770305467492,
        "toleranceOnly": false,
        "testedAxes": 17
      }
    },
    {
      "names": [
        "RootCarrierBridge_R",
        "RootFairingMoving_R"
      ],
      "groups": [
        "WingPivot_R",
        "WingPivot_R"
      ],
      "unfold": 0,
      "state": {
        "label": "full wing conversion",
        "wing": 0,
        "fold": [
          0,
          0.25,
          0.75,
          1
        ],
        "phase": [
          0,
          0,
          0,
          0
        ]
      },
      "surface": true,
      "contained": 0,
      "witness": {
        "meshA": "RootCarrierBridge_R",
        "meshB": "RootFairingMoving_R",
        "triangleA": {
          "triangleIndex": 58,
          "vertexIndices": [
            58,
            59,
            60
          ],
          "vertices": [
            [
              1.5334454758018685,
              -0.1891866564798744,
              1.4328894233730352
            ],
            [
              1.530218949988639,
              -0.14378435386223587,
              1.3830561409606439
            ],
            [
              1.5332910488673763,
              -0.18822171359574377,
              1.4345790610961022
            ]
          ],
          "bounds": {
            "min": [
              1.530218949988639,
              -0.1891866564798744,
              1.3830561409606439
            ],
            "max": [
              1.5334454758018685,
              -0.14378435386223587,
              1.4345790610961022
            ]
          }
        },
        "triangleB": {
          "triangleIndex": 2018,
          "vertexIndices": [
            1067,
            959,
            958
          ],
          "vertices": [
            [
              1.5339751243591309,
              -0.18219084478914738,
              1.4203647747635841
            ],
            [
              1.530345931649208,
              -0.17788764461874962,
              1.4237472638487816
            ],
            [
              1.5332982018589973,
              -0.17721764743328094,
              1.426029533147812
            ]
          ],
          "bounds": {
            "min": [
              1.530345931649208,
              -0.18219084478914738,
              1.4203647747635841
            ],
            "max": [
              1.5339751243591309,
              -0.17721764743328094,
              1.426029533147812
            ]
          }
        },
        "coplanar": false,
        "epsilon": 1e-9,
        "maxSeparatingGap": -0.0008855070130982228,
        "toleranceOnly": false,
        "testedAxes": 17
      }
    },
    {
      "names": [
        "RootCarrierMoving_R",
        "RootCarrierThrust_R"
      ],
      "groups": [
        "WingPivot_R",
        "WingPivot_R"
      ],
      "unfold": 0,
      "state": {
        "label": "full wing conversion",
        "wing": 0,
        "fold": [
          0,
          0.25,
          0.75,
          1
        ],
        "phase": [
          0,
          0,
          0,
          0
        ]
      },
      "surface": true,
      "contained": 0,
      "witness": {
        "meshA": "RootCarrierMoving_R",
        "meshB": "RootCarrierThrust_R",
        "triangleA": {
          "triangleIndex": 62,
          "vertexIndices": [
            31,
            35,
            36
          ],
          "vertices": [
            [
              1.5564744299022486,
              -0.20522313502440648,
              1.4653533174462121
            ],
            [
              1.5569581016898155,
              -0.20019239408209083,
              1.4608076341705107
            ],
            [
              1.5298225899403552,
              -0.17305826821167808,
              1.4879417600409235
            ]
          ],
          "bounds": {
            "min": [
              1.5298225899403552,
              -0.20522313502440648,
              1.4608076341705107
            ],
            "max": [
              1.5569581016898155,
              -0.17305826821167808,
              1.4879417600409235
            ]
          }
        },
        "triangleB": {
          "triangleIndex": 71,
          "vertexIndices": [
            35,
            40,
            36
          ],
          "vertices": [
            [
              1.5355961434543133,
              -0.17883093720271004,
              1.4821690910498915
            ],
            [
              1.5299159908972408,
              -0.16908827731161005,
              1.4823341139868753
            ],
            [
              1.5303994975915882,
              -0.17363534244149445,
              1.4873646858111071
            ]
          ],
          "bounds": {
            "min": [
              1.5299159908972408,
              -0.17883093720271004,
              1.4821690910498915
            ],
            "max": [
              1.5355961434543133,
              -0.16908827731161005,
              1.4873646858111071
            ]
          }
        },
        "coplanar": false,
        "epsilon": 1e-9,
        "maxSeparatingGap": -2.6020852139652106e-17,
        "toleranceOnly": false,
        "testedAxes": 17
      }
    },
    {
      "names": [
        "RootHingeShaft_R",
        "RootFixedBearingPedestal_R"
      ],
      "groups": [
        "固定机体",
        "固定机体"
      ],
      "unfold": 0,
      "state": {
        "label": "full wing conversion",
        "wing": 0,
        "fold": [
          0,
          0.25,
          0.75,
          1
        ],
        "phase": [
          0,
          0,
          0,
          0
        ]
      },
      "surface": true,
      "contained": 0,
      "witness": {
        "meshA": "RootHingeShaft_R",
        "meshB": "RootFixedBearingPedestal_R",
        "triangleA": {
          "triangleIndex": 162,
          "vertexIndices": [
            109,
            111,
            113
          ],
          "vertices": [
            [
              1.4451218291467431,
              -0.13870565524362835,
              1.5065867508681372
            ],
            [
              1.4470250200387715,
              -0.13672993355315954,
              1.5065142239207652
            ],
            [
              1.5409613890429656,
              -0.2345450276518978,
              1.4107472181556275
            ]
          ],
          "bounds": {
            "min": [
              1.4451218291467431,
              -0.2345450276518978,
              1.4107472181556275
            ],
            "max": [
              1.5409613890429656,
              -0.13672993355315954,
              1.5065867508681372
            ]
          }
        },
        "triangleB": {
          "triangleIndex": 331,
          "vertexIndices": [
            376,
            378,
            379
          ],
          "vertices": [
            [
              1.4554631351562177,
              -0.14986291237975824,
              1.4916310111231377
            ],
            [
              1.4573136921900613,
              -0.14880813479924718,
              1.496062387592168
            ],
            [
              1.458346222362281,
              -0.1504263512569936,
              1.4941076768945292
            ]
          ],
          "bounds": {
            "min": [
              1.4554631351562177,
              -0.1504263512569936,
              1.4916310111231377
            ],
            "max": [
              1.458346222362281,
              -0.14880813479924718,
              1.496062387592168
            ]
          }
        },
        "coplanar": false,
        "epsilon": 1e-9,
        "maxSeparatingGap": -0.0005560824660576868,
        "toleranceOnly": false,
        "testedAxes": 17
      }
    },
    {
      "names": [
        "RootHingeShaft_R",
        "RootHingeEndcap_R-0148"
      ],
      "groups": [
        "固定机体",
        "固定机体"
      ],
      "unfold": 0,
      "state": {
        "label": "full wing conversion",
        "wing": 0,
        "fold": [
          0,
          0.25,
          0.75,
          1
        ],
        "phase": [
          0,
          0,
          0,
          0
        ]
      },
      "surface": true,
      "contained": 0,
      "witness": {
        "meshA": "RootHingeShaft_R",
        "meshB": "RootHingeEndcap_R-0148",
        "triangleA": {
          "triangleIndex": 36,
          "vertexIndices": [
            26,
            27,
            28
          ],
          "vertices": [
            [
              1.5601700612993639,
              -0.23527799546066092,
              1.4245626431994998
            ],
            [
              1.559325349763683,
              -0.23256930965843522,
              1.427135469928421
            ],
            [
              1.5601037443986738,
              -0.23704759339155798,
              1.4262659212974131
            ]
          ],
          "bounds": {
            "min": [
              1.559325349763683,
              -0.23704759339155798,
              1.4245626431994998
            ],
            "max": [
              1.5601700612993639,
              -0.23256930965843522,
              1.427135469928421
            ]
          }
        },
        "triangleB": {
          "triangleIndex": 119,
          "vertexIndices": [
            90,
            92,
            93
          ],
          "vertices": [
            [
              1.557903123791981,
              -0.2339286252992153,
              1.4270714348968179
            ],
            [
              1.5619782880715332,
              -0.23372116520949154,
              1.427278908319854
            ],
            [
              1.560507771460125,
              -0.23172953222783998,
              1.424940455033613
            ]
          ],
          "bounds": {
            "min": [
              1.557903123791981,
              -0.2339286252992153,
              1.424940455033613
            ],
            "max": [
              1.5619782880715332,
              -0.23172953222783998,
              1.427278908319854
            ]
          }
        },
        "coplanar": false,
        "epsilon": 1e-9,
        "maxSeparatingGap": -0.0008927350015540847,
        "toleranceOnly": false,
        "testedAxes": 17
      }
    },
    {
      "names": [
        "RootHingeShaft_R",
        "RootHingeEndcap_R0148"
      ],
      "groups": [
        "固定机体",
        "固定机体"
      ],
      "unfold": 0,
      "state": {
        "label": "full wing conversion",
        "wing": 0,
        "fold": [
          0,
          0.25,
          0.75,
          1
        ],
        "phase": [
          0,
          0,
          0,
          0
        ]
      },
      "surface": true,
      "contained": 0,
      "witness": {
        "meshA": "RootHingeShaft_R",
        "meshB": "RootHingeEndcap_R0148",
        "triangleA": {
          "triangleIndex": 53,
          "vertexIndices": [
            39,
            38,
            40
          ],
          "vertices": [
            [
              1.4606749048523269,
              -0.14531040348611926,
              1.5287445688580295
            ],
            [
              1.4588971073259571,
              -0.14103824370066004,
              1.528820837890826
            ],
            [
              1.4577284675568136,
              -0.14303370084918107,
              1.529647651618466
            ]
          ],
          "bounds": {
            "min": [
              1.4577284675568136,
              -0.14531040348611926,
              1.5287445688580295
            ],
            "max": [
              1.4606749048523269,
              -0.14103824370066004,
              1.529647651618466
            ]
          }
        },
        "triangleB": {
          "triangleIndex": 140,
          "vertexIndices": [
            134,
            135,
            136
          ],
          "vertices": [
            [
              1.4629764274230344,
              -0.13852844389067454,
              1.526801643665305
            ],
            [
              1.459270399871088,
              -0.1459404001086678,
              1.5305076691171655
            ],
            [
              1.4570712771705505,
              -0.14807137722477032,
              1.527903034534078
            ]
          ],
          "bounds": {
            "min": [
              1.4570712771705505,
              -0.14807137722477032,
              1.526801643665305
            ],
            "max": [
              1.4629764274230344,
              -0.13852844389067454,
              1.5305076691171655
            ]
          }
        },
        "coplanar": false,
        "epsilon": 1e-9,
        "maxSeparatingGap": -0.0007887796877569482,
        "toleranceOnly": false,
        "testedAxes": 17
      }
    },
    {
      "names": [
        "RootBearingFixed_R_Front",
        "RootBearingSeal_R_Front"
      ],
      "groups": [
        "固定机体",
        "固定机体"
      ],
      "unfold": 0,
      "state": {
        "label": "full wing conversion",
        "wing": 0,
        "fold": [
          0,
          0.25,
          0.75,
          1
        ],
        "phase": [
          0,
          0,
          0,
          0
        ]
      },
      "surface": true,
      "contained": 0,
      "witness": {
        "meshA": "RootBearingFixed_R_Front",
        "meshB": "RootBearingSeal_R_Front",
        "triangleA": {
          "triangleIndex": 169,
          "vertexIndices": [
            84,
            89,
            85
          ],
          "vertices": [
            [
              1.5453786577046087,
              -0.20208589731942062,
              1.4589141532849228
            ],
            [
              1.5361860701805483,
              -0.20459466865999923,
              1.452231228633545
            ],
            [
              1.5363973632891899,
              -0.20657654452713006,
              1.4544235060772133
            ]
          ],
          "bounds": {
            "min": [
              1.5361860701805483,
              -0.20657654452713006,
              1.452231228633545
            ],
            "max": [
              1.5453786577046087,
              -0.20208589731942062,
              1.4589141532849228
            ]
          }
        },
        "triangleB": {
          "triangleIndex": 167,
          "vertexIndices": [
            83,
            88,
            84
          ],
          "vertices": [
            [
              1.5576019510626793,
              -0.21675879208273668,
              1.4442412734227679
            ],
            [
              1.5422687752563844,
              -0.1987158928997502,
              1.4558983455413312
            ],
            [
              1.5425906097156872,
              -0.20174745073574457,
              1.45925261476976
            ]
          ],
          "bounds": {
            "min": [
              1.5422687752563844,
              -0.21675879208273668,
              1.4442412734227679
            ],
            "max": [
              1.5576019510626793,
              -0.1987158928997502,
              1.45925261476976
            ]
          }
        },
        "coplanar": false,
        "epsilon": 1e-9,
        "maxSeparatingGap": -0.0005072318724836145,
        "toleranceOnly": false,
        "testedAxes": 17
      }
    },
    {
      "names": [
        "RootBearingFixed_R_Front",
        "RootBearingHousing_R"
      ],
      "groups": [
        "固定机体",
        "固定机体"
      ],
      "unfold": 0,
      "state": {
        "label": "full wing conversion",
        "wing": 0,
        "fold": [
          0,
          0.25,
          0.75,
          1
        ],
        "phase": [
          0,
          0,
          0,
          0
        ]
      },
      "surface": true,
      "contained": 0,
      "witness": {
        "meshA": "RootBearingFixed_R_Front",
        "meshB": "RootBearingHousing_R",
        "triangleA": {
          "triangleIndex": 169,
          "vertexIndices": [
            84,
            89,
            85
          ],
          "vertices": [
            [
              1.5453786577046087,
              -0.20208589731942062,
              1.4589141532849228
            ],
            [
              1.5361860701805483,
              -0.20459466865999923,
              1.452231228633545
            ],
            [
              1.5363973632891899,
              -0.20657654452713006,
              1.4544235060772133
            ]
          ],
          "bounds": {
            "min": [
              1.5361860701805483,
              -0.20657654452713006,
              1.452231228633545
            ],
            "max": [
              1.5453786577046087,
              -0.20208589731942062,
              1.4589141532849228
            ]
          }
        },
        "triangleB": {
          "triangleIndex": 42,
          "vertexIndices": [
            42,
            43,
            44
          ],
          "vertices": [
            [
              1.4816250801086426,
              -0.13869965076446533,
              1.522300362586975
            ],
            [
              1.557835340499878,
              -0.2149098813533783,
              1.4460901021957397
            ],
            [
              1.557491660118103,
              -0.21168045699596405,
              1.4425171613693237
            ]
          ],
          "bounds": {
            "min": [
              1.4816250801086426,
              -0.2149098813533783,
              1.4425171613693237
            ],
            "max": [
              1.557835340499878,
              -0.13869965076446533,
              1.522300362586975
            ]
          }
        },
        "coplanar": false,
        "epsilon": 1e-9,
        "maxSeparatingGap": -0.00007601969619930836,
        "toleranceOnly": false,
        "testedAxes": 17
      }
    },
    {
      "names": [
        "RootBearingSeal_R_Front",
        "RootBearingHousing_R"
      ],
      "groups": [
        "固定机体",
        "固定机体"
      ],
      "unfold": 0,
      "state": {
        "label": "full wing conversion",
        "wing": 0,
        "fold": [
          0,
          0.25,
          0.75,
          1
        ],
        "phase": [
          0,
          0,
          0,
          0
        ]
      },
      "surface": true,
      "contained": 0,
      "witness": {
        "meshA": "RootBearingSeal_R_Front",
        "meshB": "RootBearingHousing_R",
        "triangleA": {
          "triangleIndex": 160,
          "vertexIndices": [
            80,
            84,
            85
          ],
          "vertices": [
            [
              1.5422687752563844,
              -0.20510084303104179,
              1.4622832956726228
            ],
            [
              1.5425906097156872,
              -0.20174745073574457,
              1.45925261476976
            ],
            [
              1.5344254853272163,
              -0.20582957446341418,
              1.4551696141089587
            ]
          ],
          "bounds": {
            "min": [
              1.5344254853272163,
              -0.20582957446341418,
              1.4551696141089587
            ],
            "max": [
              1.5425906097156872,
              -0.20174745073574457,
              1.4622832956726228
            ]
          }
        },
        "triangleB": {
          "triangleIndex": 105,
          "vertexIndices": [
            105,
            106,
            107
          ],
          "vertices": [
            [
              1.4800736904144287,
              -0.13947531580924988,
              1.5215247869491577
            ],
            [
              1.556283950805664,
              -0.21568554639816284,
              1.4453145265579224
            ],
            [
              1.4797537326812744,
              -0.14280326664447784,
              1.524532675743103
            ]
          ],
          "bounds": {
            "min": [
              1.4797537326812744,
              -0.21568554639816284,
              1.4453145265579224
            ],
            "max": [
              1.556283950805664,
              -0.13947531580924988,
              1.524532675743103
            ]
          }
        },
        "coplanar": false,
        "epsilon": 1e-9,
        "maxSeparatingGap": -0.0001991472431742752,
        "toleranceOnly": false,
        "testedAxes": 17
      }
    },
    {
      "names": [
        "RootBearingFixed_R_Rear",
        "RootBearingSeal_R_Rear"
      ],
      "groups": [
        "固定机体",
        "固定机体"
      ],
      "unfold": 0,
      "state": {
        "label": "full wing conversion",
        "wing": 0,
        "fold": [
          0,
          0.25,
          0.75,
          1
        ],
        "phase": [
          0,
          0,
          0,
          0
        ]
      },
      "surface": true,
      "contained": 0,
      "witness": {
        "meshA": "RootBearingFixed_R_Rear",
        "meshB": "RootBearingSeal_R_Rear",
        "triangleA": {
          "triangleIndex": 160,
          "vertexIndices": [
            80,
            84,
            85
          ],
          "vertices": [
            [
              1.48152244959446,
              -0.14218897583243298,
              1.5256874544392696
            ],
            [
              1.481870147115009,
              -0.1385773792792404,
              1.5224226638745224
            ],
            [
              1.4728888526995902,
              -0.14306802648694986,
              1.5179320166668129
            ]
          ],
          "bounds": {
            "min": [
              1.4728888526995902,
              -0.14306802648694986,
              1.5179320166668129
            ],
            "max": [
              1.481870147115009,
              -0.1385773792792404,
              1.5256874544392696
            ]
          }
        },
        "triangleB": {
          "triangleIndex": 159,
          "vertexIndices": [
            79,
            84,
            80
          ],
          "vertices": [
            [
              1.4937707217137406,
              -0.1566036513732533,
              1.5107813402562429
            ],
            [
              1.4790820955678083,
              -0.1382389224927688,
              1.522761120660994
            ],
            [
              1.4787602611919541,
              -0.14159231391856256,
              1.5257926777109336
            ]
          ],
          "bounds": {
            "min": [
              1.4787602611919541,
              -0.1566036513732533,
              1.5107813402562429
            ],
            "max": [
              1.4937707217137406,
              -0.1382389224927688,
              1.5257926777109336
            ]
          }
        },
        "coplanar": false,
        "epsilon": 1e-9,
        "maxSeparatingGap": -0.001992457662449958,
        "toleranceOnly": false,
        "testedAxes": 17
      }
    },
    {
      "names": [
        "RootBearingFixed_R_Rear",
        "RootFixedBearingPedestal_R"
      ],
      "groups": [
        "固定机体",
        "固定机体"
      ],
      "unfold": 0,
      "state": {
        "label": "full wing conversion",
        "wing": 0,
        "fold": [
          0,
          0.25,
          0.75,
          1
        ],
        "phase": [
          0,
          0,
          0,
          0
        ]
      },
      "surface": true,
      "contained": 0,
      "witness": {
        "meshA": "RootBearingFixed_R_Rear",
        "meshB": "RootFixedBearingPedestal_R",
        "triangleA": {
          "triangleIndex": 114,
          "vertexIndices": [
            57,
            61,
            62
          ],
          "vertices": [
            [
              1.4637551062943919,
              -0.15893016568082846,
              1.5246613009875973
            ],
            [
              1.4659482752701642,
              -0.15694828981369763,
              1.5248725940962389
            ],
            [
              1.4786499331554603,
              -0.16964994769899375,
              1.5121709362109428
            ]
          ],
          "bounds": {
            "min": [
              1.4637551062943919,
              -0.16964994769899375,
              1.5121709362109428
            ],
            "max": [
              1.4786499331554603,
              -0.15694828981369763,
              1.5248725940962389
            ]
          }
        },
        "triangleB": {
          "triangleIndex": 56,
          "vertexIndices": [
            35,
            41,
            36
          ],
          "vertices": [
            [
              1.4625905901933853,
              -0.15675296439628023,
              1.5240878095169386
            ],
            [
              1.4650087193603445,
              -0.15958499977235727,
              1.5240183338667463
            ],
            [
              1.4674027604201307,
              -0.15730357894846198,
              1.5220860375772078
            ]
          ],
          "bounds": {
            "min": [
              1.4625905901933853,
              -0.15958499977235727,
              1.5220860375772078
            ],
            "max": [
              1.4674027604201307,
              -0.15675296439628023,
              1.5240878095169386
            ]
          }
        },
        "coplanar": false,
        "epsilon": 1e-9,
        "maxSeparatingGap": -0.00021619694823689936,
        "toleranceOnly": false,
        "testedAxes": 17
      }
    },
    {
      "names": [
        "RootBearingFixed_R_Rear",
        "RootBearingHousing_R"
      ],
      "groups": [
        "固定机体",
        "固定机体"
      ],
      "unfold": 0,
      "state": {
        "label": "full wing conversion",
        "wing": 0,
        "fold": [
          0,
          0.25,
          0.75,
          1
        ],
        "phase": [
          0,
          0,
          0,
          0
        ]
      },
      "surface": true,
      "contained": 0,
      "witness": {
        "meshA": "RootBearingFixed_R_Rear",
        "meshB": "RootBearingHousing_R",
        "triangleA": {
          "triangleIndex": 169,
          "vertexIndices": [
            84,
            89,
            85
          ],
          "vertices": [
            [
              1.481870147115009,
              -0.1385773792792404,
              1.5224226638745224
            ],
            [
              1.4726775595909487,
              -0.14108615061981902,
              1.5157397392231446
            ],
            [
              1.4728888526995902,
              -0.14306802648694986,
              1.5179320166668129
            ]
          ],
          "bounds": {
            "min": [
              1.4726775595909487,
              -0.14306802648694986,
              1.5157397392231446
            ],
            "max": [
              1.481870147115009,
              -0.1385773792792404,
              1.5224226638745224
            ]
          }
        },
        "triangleB": {
          "triangleIndex": 42,
          "vertexIndices": [
            42,
            43,
            44
          ],
          "vertices": [
            [
              1.4816250801086426,
              -0.13869965076446533,
              1.522300362586975
            ],
            [
              1.557835340499878,
              -0.2149098813533783,
              1.4460901021957397
            ],
            [
              1.557491660118103,
              -0.21168045699596405,
              1.4425171613693237
            ]
          ],
          "bounds": {
            "min": [
              1.4816250801086426,
              -0.2149098813533783,
              1.4425171613693237
            ],
            "max": [
              1.557835340499878,
              -0.13869965076446533,
              1.522300362586975
            ]
          }
        },
        "coplanar": false,
        "epsilon": 1e-9,
        "maxSeparatingGap": -3.14504300350947e-8,
        "toleranceOnly": false,
        "testedAxes": 17
      }
    },
    {
      "names": [
        "RootBearingSeal_R_Rear",
        "RootFixedBearingPedestal_R"
      ],
      "groups": [
        "固定机体",
        "固定机体"
      ],
      "unfold": 0,
      "state": {
        "label": "full wing conversion",
        "wing": 0,
        "fold": [
          0,
          0.25,
          0.75,
          1
        ],
        "phase": [
          0,
          0,
          0,
          0
        ]
      },
      "surface": true,
      "contained": 0,
      "witness": {
        "meshA": "RootBearingSeal_R_Rear",
        "meshB": "RootFixedBearingPedestal_R",
        "triangleA": {
          "triangleIndex": 123,
          "vertexIndices": [
            61,
            66,
            62
          ],
          "vertices": [
            [
              1.464385577025738,
              -0.1553855915692712,
              1.5252103942625217
            ],
            [
              1.481262150767736,
              -0.16833262896739332,
              1.510000869971474
            ],
            [
              1.4793960375475244,
              -0.17039692902396195,
              1.510199056807831
            ]
          ],
          "bounds": {
            "min": [
              1.464385577025738,
              -0.17039692902396195,
              1.510000869971474
            ],
            "max": [
              1.481262150767736,
              -0.1553855915692712,
              1.5252103942625217
            ]
          }
        },
        "triangleB": {
          "triangleIndex": 259,
          "vertexIndices": [
            232,
            234,
            235
          ],
          "vertices": [
            [
              1.4695129271646479,
              -0.15991651342971047,
              1.5213589771028304
            ],
            [
              1.4710698004970433,
              -0.1604455220107666,
              1.5167243754994082
            ],
            [
              1.4695484393634892,
              -0.15844231398704595,
              1.5178104605261813
            ]
          ],
          "bounds": {
            "min": [
              1.4695129271646479,
              -0.1604455220107666,
              1.5167243754994082
            ],
            "max": [
              1.4710698004970433,
              -0.15844231398704595,
              1.5213589771028304
            ]
          }
        },
        "coplanar": false,
        "epsilon": 1e-9,
        "maxSeparatingGap": -0.00031436324849060853,
        "toleranceOnly": false,
        "testedAxes": 17
      }
    },
    {
      "names": [
        "RootBearingSeal_R_Rear",
        "RootBearingHousing_R"
      ],
      "groups": [
        "固定机体",
        "固定机体"
      ],
      "unfold": 0,
      "state": {
        "label": "full wing conversion",
        "wing": 0,
        "fold": [
          0,
          0.25,
          0.75,
          1
        ],
        "phase": [
          0,
          0,
          0,
          0
        ]
      },
      "surface": true,
      "contained": 0,
      "witness": {
        "meshA": "RootBearingSeal_R_Rear",
        "meshB": "RootBearingHousing_R",
        "triangleA": {
          "triangleIndex": 164,
          "vertexIndices": [
            82,
            86,
            83
          ],
          "vertices": [
            [
              1.4857301239148122,
              -0.15939668267324103,
              1.5055328968243977
            ],
            [
              1.4859283107511692,
              -0.1573323826166724,
              1.5036676605370904
            ],
            [
              1.494093433022499,
              -0.15325025994745956,
              1.5077497832063034
            ]
          ],
          "bounds": {
            "min": [
              1.4857301239148122,
              -0.15939668267324103,
              1.5036676605370904
            ],
            "max": [
              1.494093433022499,
              -0.15325025994745956,
              1.5077497832063034
            ]
          }
        },
        "triangleB": {
          "triangleIndex": 105,
          "vertexIndices": [
            105,
            106,
            107
          ],
          "vertices": [
            [
              1.4800736904144287,
              -0.13947531580924988,
              1.5215247869491577
            ],
            [
              1.556283950805664,
              -0.21568554639816284,
              1.4453145265579224
            ],
            [
              1.4797537326812744,
              -0.14280326664447784,
              1.524532675743103
            ]
          ],
          "bounds": {
            "min": [
              1.4797537326812744,
              -0.21568554639816284,
              1.4453145265579224
            ],
            "max": [
              1.556283950805664,
              -0.13947531580924988,
              1.524532675743103
            ]
          }
        },
        "coplanar": false,
        "epsilon": 1e-9,
        "maxSeparatingGap": -0.000052285602626089226,
        "toleranceOnly": false,
        "testedAxes": 17
      }
    },
    {
      "names": [
        "RootFixedBearingPedestal_R",
        "RootBearingHousing_R"
      ],
      "groups": [
        "固定机体",
        "固定机体"
      ],
      "unfold": 0,
      "state": {
        "label": "full wing conversion",
        "wing": 0,
        "fold": [
          0,
          0.25,
          0.75,
          1
        ],
        "phase": [
          0,
          0,
          0,
          0
        ]
      },
      "surface": true,
      "contained": 0,
      "witness": {
        "meshA": "RootFixedBearingPedestal_R",
        "meshB": "RootBearingHousing_R",
        "triangleA": {
          "triangleIndex": 67,
          "vertexIndices": [
            45,
            49,
            43
          ],
          "vertices": [
            [
              1.4365220212668532,
              -0.1933291191590592,
              1.527742619280203
            ],
            [
              1.469363990192582,
              -0.1651401460397365,
              1.5217542464680043
            ],
            [
              1.467295749819307,
              -0.1624170351324742,
              1.523229875049221
            ]
          ],
          "bounds": {
            "min": [
              1.4365220212668532,
              -0.1933291191590592,
              1.5217542464680043
            ],
            "max": [
              1.469363990192582,
              -0.1624170351324742,
              1.527742619280203
            ]
          }
        },
        "triangleB": {
          "triangleIndex": 124,
          "vertexIndices": [
            124,
            125,
            126
          ],
          "vertices": [
            [
              1.4590080976486206,
              -0.16825148463249207,
              1.5292352437973022
            ],
            [
              1.5315603017807007,
              -0.2460135519504547,
              1.4509189128875732
            ],
            [
              1.4553500413894653,
              -0.16980332136154175,
              1.5271291732788086
            ]
          ],
          "bounds": {
            "min": [
              1.4553500413894653,
              -0.2460135519504547,
              1.4509189128875732
            ],
            "max": [
              1.5315603017807007,
              -0.16825148463249207,
              1.5292352437973022
            ]
          }
        },
        "coplanar": false,
        "epsilon": 1e-9,
        "maxSeparatingGap": -0.0003429993143051896,
        "toleranceOnly": false,
        "testedAxes": 17
      }
    },
    {
      "names": [
        "RootFixedBearingPedestal_R",
        "RootFairingFixed_R"
      ],
      "groups": [
        "固定机体",
        "固定机体"
      ],
      "unfold": 0,
      "state": {
        "label": "full wing conversion",
        "wing": 0,
        "fold": [
          0,
          0.25,
          0.75,
          1
        ],
        "phase": [
          0,
          0,
          0,
          0
        ]
      },
      "surface": true,
      "contained": 0,
      "witness": {
        "meshA": "RootFixedBearingPedestal_R",
        "meshB": "RootFairingFixed_R",
        "triangleA": {
          "triangleIndex": 35,
          "vertexIndices": [
            27,
            25,
            23
          ],
          "vertices": [
            [
              1.4577343899092619,
              -0.1515195833269776,
              1.5220900146227574
            ],
            [
              1.4554831661536167,
              -0.14931981044524897,
              1.520098608539993
            ],
            [
              1.424892420983533,
              -0.17970855644630032,
              1.5280783874349562
            ]
          ],
          "bounds": {
            "min": [
              1.424892420983533,
              -0.17970855644630032,
              1.520098608539993
            ],
            "max": [
              1.4577343899092619,
              -0.14931981044524897,
              1.5280783874349562
            ]
          }
        },
        "triangleB": {
          "triangleIndex": 3209,
          "vertexIndices": [
            1665,
            1662,
            1661
          ],
          "vertices": [
            [
              1.4392585754394531,
              -0.1660759598016739,
              1.524122714996338
            ],
            [
              1.4383788108825684,
              -0.1606437712907791,
              1.5286146402359009
            ],
            [
              1.4407817125320435,
              -0.16632655262947083,
              1.5258963108062744
            ]
          ],
          "bounds": {
            "min": [
              1.4383788108825684,
              -0.16632655262947083,
              1.524122714996338
            ],
            "max": [
              1.4407817125320435,
              -0.1606437712907791,
              1.5286146402359009
            ]
          }
        },
        "coplanar": false,
        "epsilon": 1e-9,
        "maxSeparatingGap": -0.00048318026153871467,
        "toleranceOnly": false,
        "testedAxes": 17
      }
    },
    {
      "names": [
        "BraceRod_mesh_R",
        "BraceRodEyeNeck_R_Body"
      ],
      "groups": [
        "BraceRod_R",
        "BraceRod_R"
      ],
      "unfold": 0,
      "state": {
        "label": "full wing conversion",
        "wing": 0,
        "fold": [
          0,
          0.25,
          0.75,
          1
        ],
        "phase": [
          0,
          0,
          0,
          0
        ]
      },
      "surface": true,
      "contained": 0,
      "witness": {
        "meshA": "BraceRod_mesh_R",
        "meshB": "BraceRodEyeNeck_R_Body",
        "triangleA": {
          "triangleIndex": 110,
          "vertexIndices": [
            30,
            75,
            33
          ],
          "vertices": [
            [
              0.16645087372397604,
              -0.022202419439599108,
              -0.9740026558416945
            ],
            [
              1.4487657175467312,
              -0.509638923527154,
              1.819897160131244
            ],
            [
              0.16675487420476753,
              -0.021005082768662364,
              -0.9739327420279387
            ]
          ],
          "bounds": {
            "min": [
              0.16645087372397604,
              -0.509638923527154,
              -0.9740026558416945
            ],
            "max": [
              1.4487657175467312,
              -0.021005082768662364,
              1.819897160131244
            ]
          }
        },
        "triangleB": {
          "triangleIndex": 109,
          "vertexIndices": [
            112,
            114,
            115
          ],
          "vertices": [
            [
              0.16893833246769085,
              -0.021649860585477236,
              -0.9659677127860746
            ],
            [
              0.17123094254304652,
              -0.028389536816763684,
              -0.9665670014456134
            ],
            [
              0.1724302276372851,
              -0.023457635641033446,
              -0.9662547428796956
            ]
          ],
          "bounds": {
            "min": [
              0.16893833246769085,
              -0.028389536816763684,
              -0.9665670014456134
            ],
            "max": [
              0.1724302276372851,
              -0.021649860585477236,
              -0.9659677127860746
            ]
          }
        },
        "coplanar": false,
        "epsilon": 1e-9,
        "maxSeparatingGap": -0.0010462293901914433,
        "toleranceOnly": false,
        "testedAxes": 17
      }
    },
    {
      "names": [
        "BraceRod_mesh_R",
        "BraceRodEyeNeck_R_Root"
      ],
      "groups": [
        "BraceRod_R",
        "BraceRod_R"
      ],
      "unfold": 0,
      "state": {
        "label": "full wing conversion",
        "wing": 0,
        "fold": [
          0,
          0.25,
          0.75,
          1
        ],
        "phase": [
          0,
          0,
          0,
          0
        ]
      },
      "surface": true,
      "contained": 0,
      "witness": {
        "meshA": "BraceRod_mesh_R",
        "meshB": "BraceRodEyeNeck_R_Root",
        "triangleA": {
          "triangleIndex": 110,
          "vertexIndices": [
            30,
            75,
            33
          ],
          "vertices": [
            [
              0.16645087372397604,
              -0.022202419439599108,
              -0.9740026558416945
            ],
            [
              1.4487657175467312,
              -0.509638923527154,
              1.819897160131244
            ],
            [
              0.16675487420476753,
              -0.021005082768662364,
              -0.9739327420279387
            ]
          ],
          "bounds": {
            "min": [
              0.16645087372397604,
              -0.509638923527154,
              -0.9740026558416945
            ],
            "max": [
              1.4487657175467312,
              -0.021005082768662364,
              1.819897160131244
            ]
          }
        },
        "triangleB": {
          "triangleIndex": 125,
          "vertexIndices": [
            144,
            146,
            147
          ],
          "vertices": [
            [
              1.4442353732729662,
              -0.5077247583550719,
              1.8132310933548927
            ],
            [
              1.4497971448767903,
              -0.5052759746700374,
              1.8094757583648937
            ],
            [
              1.4465209055718256,
              -0.5090727328340011,
              1.8103150899741338
            ]
          ],
          "bounds": {
            "min": [
              1.4442353732729662,
              -0.5090727328340011,
              1.8094757583648937
            ],
            "max": [
              1.4497971448767903,
              -0.5052759746700374,
              1.8132310933548927
            ]
          }
        },
        "coplanar": false,
        "epsilon": 1e-9,
        "maxSeparatingGap": -0.000005508326318237611,
        "toleranceOnly": false,
        "testedAxes": 17
      }
    },
    {
      "names": [
        "BraceRod_mesh_R",
        "BraceRodFerrule_R_Body"
      ],
      "groups": [
        "BraceRod_R",
        "BraceRod_R"
      ],
      "unfold": 0,
      "state": {
        "label": "full wing conversion",
        "wing": 0,
        "fold": [
          0,
          0.25,
          0.75,
          1
        ],
        "phase": [
          0,
          0,
          0,
          0
        ]
      },
      "surface": true,
      "contained": 0,
      "witness": {
        "meshA": "BraceRod_mesh_R",
        "meshB": "BraceRodFerrule_R_Body",
        "triangleA": {
          "triangleIndex": 110,
          "vertexIndices": [
            30,
            75,
            33
          ],
          "vertices": [
            [
              0.16645087372397604,
              -0.022202419439599108,
              -0.9740026558416945
            ],
            [
              1.4487657175467312,
              -0.509638923527154,
              1.819897160131244
            ],
            [
              0.16675487420476753,
              -0.021005082768662364,
              -0.9739327420279387
            ]
          ],
          "bounds": {
            "min": [
              0.16645087372397604,
              -0.509638923527154,
              -0.9740026558416945
            ],
            "max": [
              1.4487657175467312,
              -0.021005082768662364,
              1.819897160131244
            ]
          }
        },
        "triangleB": {
          "triangleIndex": 105,
          "vertexIndices": [
            74,
            69,
            75
          ],
          "vertices": [
            [
              0.18334130216480532,
              -0.03387470005799728,
              -0.9352048416349512
            ],
            [
              0.18651764887298725,
              -0.02533709847138981,
              -0.9351691737040045
            ],
            [
              0.18416641017587,
              -0.029323755393236006,
              -0.9347875119497734
            ]
          ],
          "bounds": {
            "min": [
              0.18334130216480532,
              -0.03387470005799728,
              -0.9352048416349512
            ],
            "max": [
              0.18651764887298725,
              -0.02533709847138981,
              -0.9347875119497734
            ]
          }
        },
        "coplanar": false,
        "epsilon": 1e-9,
        "maxSeparatingGap": -0.00007786711949652608,
        "toleranceOnly": false,
        "testedAxes": 17
      }
    },
    {
      "names": [
        "BraceRod_mesh_R",
        "BraceRodFerrule_R_Root"
      ],
      "groups": [
        "BraceRod_R",
        "BraceRod_R"
      ],
      "unfold": 0,
      "state": {
        "label": "full wing conversion",
        "wing": 0,
        "fold": [
          0,
          0.25,
          0.75,
          1
        ],
        "phase": [
          0,
          0,
          0,
          0
        ]
      },
      "surface": true,
      "contained": 0,
      "witness": {
        "meshA": "BraceRod_mesh_R",
        "meshB": "BraceRodFerrule_R_Root",
        "triangleA": {
          "triangleIndex": 55,
          "vertexIndices": [
            44,
            47,
            48
          ],
          "vertices": [
            [
              1.4626194574124707,
              -0.5039123772249279,
              1.8145416227725755
            ],
            [
              1.4595091282362476,
              -0.5049280691965041,
              1.819242440754064
            ],
            [
              1.462235586244577,
              -0.5056020544607385,
              1.8186699012213945
            ]
          ],
          "bounds": {
            "min": [
              1.4595091282362476,
              -0.5056020544607385,
              1.8145416227725755
            ],
            "max": [
              1.4626194574124707,
              -0.5039123772249279,
              1.819242440754064
            ]
          }
        },
        "triangleB": {
          "triangleIndex": 100,
          "vertexIndices": [
            69,
            67,
            70
          ],
          "vertices": [
            [
              1.4515466260704657,
              -0.5074983610056054,
              1.8216528972072081
            ],
            [
              1.466884689166927,
              -0.5063039308256865,
              1.814823589458569
            ],
            [
              1.4592156573606927,
              -0.5034675030321748,
              1.8188387789773135
            ]
          ],
          "bounds": {
            "min": [
              1.4515466260704657,
              -0.5074983610056054,
              1.814823589458569
            ],
            "max": [
              1.466884689166927,
              -0.5034675030321748,
              1.8216528972072081
            ]
          }
        },
        "coplanar": false,
        "epsilon": 1e-9,
        "maxSeparatingGap": -0.0006710014028517232,
        "toleranceOnly": false,
        "testedAxes": 17
      }
    },
    {
      "names": [
        "BraceRodEye_R_Body",
        "BraceRodEyeNeck_R_Body"
      ],
      "groups": [
        "BraceRod_R",
        "BraceRod_R"
      ],
      "unfold": 0,
      "state": {
        "label": "full wing conversion",
        "wing": 0,
        "fold": [
          0,
          0.25,
          0.75,
          1
        ],
        "phase": [
          0,
          0,
          0,
          0
        ]
      },
      "surface": true,
      "contained": 0,
      "witness": {
        "meshA": "BraceRodEye_R_Body",
        "meshB": "BraceRodEyeNeck_R_Body",
        "triangleA": {
          "triangleIndex": 124,
          "vertexIndices": [
            64,
            70,
            71
          ],
          "vertices": [
            [
              0.17616750672584575,
              -0.013963671191042384,
              -0.9894917854732262
            ],
            [
              0.17144990816930056,
              -0.016271769124188512,
              -1.0004908037074403
            ],
            [
              0.1767248696888013,
              -0.019151700176159255,
              -0.9891473674308882
            ]
          ],
          "bounds": {
            "min": [
              0.17144990816930056,
              -0.019151700176159255,
              -1.0004908037074403
            ],
            "max": [
              0.1767248696888013,
              -0.013963671191042384,
              -0.9891473674308882
            ]
          }
        },
        "triangleB": {
          "triangleIndex": 123,
          "vertexIndices": [
            140,
            142,
            143
          ],
          "vertices": [
            [
              0.17745598354882552,
              -0.012330371609833033,
              -0.9906065573651023
            ],
            [
              0.1784613051965253,
              -0.01863954655286528,
              -0.993802809188596
            ],
            [
              0.17518506563107203,
              -0.015353053212751532,
              -0.9917246345269185
            ]
          ],
          "bounds": {
            "min": [
              0.17518506563107203,
              -0.01863954655286528,
              -0.993802809188596
            ],
            "max": [
              0.1784613051965253,
              -0.012330371609833033,
              -0.9906065573651023
            ]
          }
        },
        "coplanar": false,
        "epsilon": 1e-9,
        "maxSeparatingGap": -0.00008789399634778178,
        "toleranceOnly": false,
        "testedAxes": 17
      }
    },
    {
      "names": [
        "BraceRodEye_R_Root",
        "BraceRodEyeNeck_R_Root"
      ],
      "groups": [
        "BraceRod_R",
        "BraceRod_R"
      ],
      "unfold": 0,
      "state": {
        "label": "full wing conversion",
        "wing": 0,
        "fold": [
          0,
          0.25,
          0.75,
          1
        ],
        "phase": [
          0,
          0,
          0,
          0
        ]
      },
      "surface": true,
      "contained": 0,
      "witness": {
        "meshA": "BraceRodEye_R_Root",
        "meshB": "BraceRodEyeNeck_R_Root",
        "triangleA": {
          "triangleIndex": 434,
          "vertexIndices": [
            218,
            226,
            219
          ],
          "vertices": [
            [
              1.4674001740093012,
              -0.5061123771121273,
              1.824434832414993
            ],
            [
              1.4591984417523478,
              -0.50249997860928,
              1.8312924417964263
            ],
            [
              1.4582881073866005,
              -0.5068219657371855,
              1.8284920011036008
            ]
          ],
          "bounds": {
            "min": [
              1.4582881073866005,
              -0.5068219657371855,
              1.824434832414993
            ],
            "max": [
              1.4674001740093012,
              -0.50249997860928,
              1.8312924417964263
            ]
          }
        },
        "triangleB": {
          "triangleIndex": 114,
          "vertexIndices": [
            124,
            125,
            126
          ],
          "vertices": [
            [
              1.4692868689408034,
              -0.5047070864004417,
              1.8246237285932896
            ],
            [
              1.463143190257533,
              -0.5034061355582992,
              1.8276704249263014
            ],
            [
              1.4637463716180048,
              -0.5072416943381378,
              1.82835429096053
            ]
          ],
          "bounds": {
            "min": [
              1.463143190257533,
              -0.5072416943381378,
              1.8246237285932896
            ],
            "max": [
              1.4692868689408034,
              -0.5034061355582992,
              1.82835429096053
            ]
          }
        },
        "coplanar": false,
        "epsilon": 1e-9,
        "maxSeparatingGap": -0.000032659482644536737,
        "toleranceOnly": false,
        "testedAxes": 17
      }
    },
    {
      "names": [
        "BraceRodEyeNeck_R_Body",
        "BraceRodFerrule_R_Body"
      ],
      "groups": [
        "BraceRod_R",
        "BraceRod_R"
      ],
      "unfold": 0,
      "state": {
        "label": "full wing conversion",
        "wing": 0,
        "fold": [
          0,
          0.25,
          0.75,
          1
        ],
        "phase": [
          0,
          0,
          0,
          0
        ]
      },
      "surface": true,
      "contained": 0,
      "witness": {
        "meshA": "BraceRodEyeNeck_R_Body",
        "meshB": "BraceRodFerrule_R_Body",
        "triangleA": {
          "triangleIndex": 65,
          "vertexIndices": [
            45,
            1,
            46
          ],
          "vertices": [
            [
              0.18495749839256886,
              -0.01357918629296834,
              -0.9758456248192965
            ],
            [
              0.18996029201473358,
              -0.018597637353317743,
              -0.9790189821808317
            ],
            [
              0.17960296746496013,
              -0.011538326009917135,
              -0.9875145188035255
            ]
          ],
          "bounds": {
            "min": [
              0.17960296746496013,
              -0.018597637353317743,
              -0.9875145188035255
            ],
            "max": [
              0.18996029201473358,
              -0.011538326009917135,
              -0.9758456248192965
            ]
          }
        },
        "triangleB": {
          "triangleIndex": 162,
          "vertexIndices": [
            184,
            185,
            186
          ],
          "vertices": [
            [
              0.18125026489883617,
              -0.011505297107633192,
              -0.9799489631831935
            ],
            [
              0.18583441362168115,
              -0.014459572149704556,
              -0.9825691968362825
            ],
            [
              0.18290886433619838,
              -0.016921146324278585,
              -0.983288507496938
            ]
          ],
          "bounds": {
            "min": [
              0.18125026489883617,
              -0.016921146324278585,
              -0.983288507496938
            ],
            "max": [
              0.18583441362168115,
              -0.011505297107633192,
              -0.9799489631831935
            ]
          }
        },
        "coplanar": false,
        "epsilon": 1e-9,
        "maxSeparatingGap": -0.0010175103699012833,
        "toleranceOnly": false,
        "testedAxes": 17
      }
    },
    {
      "names": [
        "BraceRodEyeNeck_R_Root",
        "BraceRodFerrule_R_Root"
      ],
      "groups": [
        "BraceRod_R",
        "BraceRod_R"
      ],
      "unfold": 0,
      "state": {
        "label": "full wing conversion",
        "wing": 0,
        "fold": [
          0,
          0.25,
          0.75,
          1
        ],
        "phase": [
          0,
          0,
          0,
          0
        ]
      },
      "surface": true,
      "contained": 0,
      "witness": {
        "meshA": "BraceRodEyeNeck_R_Root",
        "meshB": "BraceRodFerrule_R_Root",
        "triangleA": {
          "triangleIndex": 49,
          "vertexIndices": [
            35,
            31,
            37
          ],
          "vertices": [
            [
              1.4735242549841474,
              -0.5078234449034164,
              1.8181955636987812
            ],
            [
              1.4681697240565386,
              -0.50578258457169,
              1.8065266697230653
            ],
            [
              1.463166930849329,
              -0.5007641330436962,
              1.809700026999228
            ]
          ],
          "bounds": {
            "min": [
              1.463166930849329,
              -0.5078234449034164,
              1.8065266697230653
            ],
            "max": [
              1.4735242549841474,
              -0.5007641330436962,
              1.8181955636987812
            ]
          }
        },
        "triangleB": {
          "triangleIndex": 165,
          "vertexIndices": [
            188,
            190,
            191
          ],
          "vertices": [
            [
              1.4686040520497592,
              -0.5033826224450144,
              1.8129143101729734
            ],
            [
              1.4633661449770436,
              -0.5040362347183268,
              1.8168347658936406
            ],
            [
              1.466884689166927,
              -0.5063039308256865,
              1.814823589458569
            ]
          ],
          "bounds": {
            "min": [
              1.4633661449770436,
              -0.5063039308256865,
              1.8129143101729734
            ],
            "max": [
              1.4686040520497592,
              -0.5033826224450144,
              1.8168347658936406
            ]
          }
        },
        "coplanar": false,
        "epsilon": 1e-9,
        "maxSeparatingGap": -0.00027654573977384115,
        "toleranceOnly": false,
        "testedAxes": 17
      }
    },
    {
      "names": [
        "Drive_CouplingWitness",
        "Drive_OutputCoupling"
      ],
      "groups": [
        "Drive_ScrewRotor",
        "Drive_ScrewRotor"
      ],
      "unfold": 0,
      "state": {
        "label": "full wing conversion",
        "wing": 0,
        "fold": [
          0,
          0.25,
          0.75,
          1
        ],
        "phase": [
          0,
          0,
          0,
          0
        ]
      },
      "surface": true,
      "contained": 0,
      "witness": {
        "meshA": "Drive_CouplingWitness",
        "meshB": "Drive_OutputCoupling",
        "triangleA": {
          "triangleIndex": 254,
          "vertexIndices": [
            296,
            297,
            298
          ],
          "vertices": [
            [
              0.014970073045343897,
              0.0786805340729454,
              -0.6450585592962164
            ],
            [
              0.014502129112004825,
              0.0788743527900427,
              -0.6450585592757621
            ],
            [
              0.01446539741041867,
              0.0787372585396438,
              -0.6449999809468582
            ]
          ],
          "bounds": {
            "min": [
              0.01446539741041867,
              0.0786805340729454,
              -0.6450585592962164
            ],
            "max": [
              0.014970073045343897,
              0.0788743527900427,
              -0.6449999809468582
            ]
          }
        },
        "triangleB": {
          "triangleIndex": 277,
          "vertexIndices": [
            139,
            142,
            0
          ],
          "vertices": [
            [
              0.01575687388534821,
              0.07977865320865428,
              -0.6449999809265137
            ],
            [
              0.0076814758794123625,
              0.07835459303038914,
              -0.6449999809265137
            ],
            [
              0.016000000757387212,
              0.07700028647006313,
              -0.6449999809265137
            ]
          ],
          "bounds": {
            "min": [
              0.0076814758794123625,
              0.07700028647006313,
              -0.6449999809265137
            ],
            "max": [
              0.016000000757387212,
              0.07977865320865428,
              -0.6449999809265137
            ]
          }
        },
        "coplanar": false,
        "epsilon": 1e-9,
        "maxSeparatingGap": 2.0344503859348606e-11,
        "toleranceOnly": true,
        "testedAxes": 17
      }
    },
    {
      "names": [
        "Drive_LeadScrewCore",
        "Drive_LeadScrewThread"
      ],
      "groups": [
        "Drive_ScrewRotor",
        "Drive_ScrewRotor"
      ],
      "unfold": 0,
      "state": {
        "label": "full wing conversion",
        "wing": 0,
        "fold": [
          0,
          0.25,
          0.75,
          1
        ],
        "phase": [
          0,
          0,
          0,
          0
        ]
      },
      "surface": true,
      "contained": 0,
      "witness": {
        "meshA": "Drive_LeadScrewCore",
        "meshB": "Drive_LeadScrewThread",
        "triangleA": {
          "triangleIndex": 42,
          "vertexIndices": [
            29,
            31,
            33
          ],
          "vertices": [
            [
              -0.008000030915350405,
              0.07699985648826264,
              -1.9976000186284222
            ],
            [
              -0.0077274004189757505,
              0.07492930892776842,
              -1.9976000186403375
            ],
            [
              -0.007999969842049027,
              0.07699985648935616,
              -0.6004000302632629
            ]
          ],
          "bounds": {
            "min": [
              -0.008000030915350405,
              0.07492930892776842,
              -1.9976000186403375
            ],
            "max": [
              -0.0077274004189757505,
              0.07699985648935616,
              -0.6004000302632629
            ]
          }
        },
        "triangleB": {
          "triangleIndex": 136,
          "vertexIndices": [
            272,
            273,
            274
          ],
          "vertices": [
            [
              -0.007236466333722138,
              0.07502932513904959,
              -0.8738459944725037
            ],
            [
              -0.007499929869419548,
              0.0769676180178045,
              -0.8751780986785889
            ],
            [
              -0.010499902189716383,
              0.07695466539108503,
              -0.8774781227111816
            ]
          ],
          "bounds": {
            "min": [
              -0.010499902189716383,
              0.07502932513904959,
              -0.8774781227111816
            ],
            "max": [
              -0.007236466333722138,
              0.0769676180178045,
              -0.8738459944725037
            ]
          }
        },
        "coplanar": false,
        "epsilon": 1e-9,
        "maxSeparatingGap": -0.00037354001949842534,
        "toleranceOnly": false,
        "testedAxes": 17
      }
    },
    {
      "names": [
        "Drive_LeadScrewCore",
        "Drive_OutputCoupling"
      ],
      "groups": [
        "Drive_ScrewRotor",
        "Drive_ScrewRotor"
      ],
      "unfold": 0,
      "state": {
        "label": "full wing conversion",
        "wing": 0,
        "fold": [
          0,
          0.25,
          0.75,
          1
        ],
        "phase": [
          0,
          0,
          0,
          0
        ]
      },
      "surface": true,
      "contained": 0,
      "witness": {
        "meshA": "Drive_LeadScrewCore",
        "meshB": "Drive_OutputCoupling",
        "triangleA": {
          "triangleIndex": 42,
          "vertexIndices": [
            29,
            31,
            33
          ],
          "vertices": [
            [
              -0.008000030915350405,
              0.07699985648826264,
              -1.9976000186284222
            ],
            [
              -0.0077274004189757505,
              0.07492930892776842,
              -1.9976000186403375
            ],
            [
              -0.007999969842049027,
              0.07699985648935616,
              -0.6004000302632629
            ]
          ],
          "bounds": {
            "min": [
              -0.008000030915350405,
              0.07492930892776842,
              -1.9976000186403375
            ],
            "max": [
              -0.0077274004189757505,
              0.07699985648935616,
              -0.6004000302632629
            ]
          }
        },
        "triangleB": {
          "triangleIndex": 141,
          "vertexIndices": [
            71,
            74,
            75
          ],
          "vertices": [
            [
              -0.016000000757387212,
              0.07699971269547184,
              -0.6449999809265137
            ],
            [
              -0.007799999787149656,
              0.07699985972522129,
              -0.6449999809265137
            ],
            [
              -0.015756973520264783,
              0.07977808815102742,
              -0.6449999809265137
            ]
          ],
          "bounds": {
            "min": [
              -0.016000000757387212,
              0.07699971269547184,
              -0.6449999809265137
            ],
            "max": [
              -0.007799999787149656,
              0.07977808815102742,
              -0.6449999809265137
            ]
          }
        },
        "coplanar": false,
        "epsilon": 1e-9,
        "maxSeparatingGap": -3.496890145534962e-10,
        "toleranceOnly": false,
        "testedAxes": 17
      }
    },
    {
      "names": [
        "Drive_LeadScrewCore",
        "Drive_PlanetCarrier"
      ],
      "groups": [
        "Drive_ScrewRotor",
        "Drive_ScrewRotor"
      ],
      "unfold": 0,
      "state": {
        "label": "full wing conversion",
        "wing": 0,
        "fold": [
          0,
          0.25,
          0.75,
          1
        ],
        "phase": [
          0,
          0,
          0,
          0
        ]
      },
      "surface": true,
      "contained": 0,
      "witness": {
        "meshA": "Drive_LeadScrewCore",
        "meshB": "Drive_PlanetCarrier",
        "triangleA": {
          "triangleIndex": 42,
          "vertexIndices": [
            29,
            31,
            33
          ],
          "vertices": [
            [
              -0.008000030915350405,
              0.07699985648826264,
              -1.9976000186284222
            ],
            [
              -0.0077274004189757505,
              0.07492930892776842,
              -1.9976000186403375
            ],
            [
              -0.007999969842049027,
              0.07699985648935616,
              -0.6004000302632629
            ]
          ],
          "bounds": {
            "min": [
              -0.008000030915350405,
              0.07492930892776842,
              -1.9976000186403375
            ],
            "max": [
              -0.0077274004189757505,
              0.07699985648935616,
              -0.6004000302632629
            ]
          }
        },
        "triangleB": {
          "triangleIndex": 151,
          "vertexIndices": [
            96,
            101,
            105
          ],
          "vertices": [
            [
              -0.01224822424126384,
              0.0982136659020294,
              -0.6160000259290945
            ],
            [
              0.024495685272464946,
              0.07700043773081694,
              -0.6160000275351982
            ],
            [
              -0.012247465346592951,
              0.05578589511537892,
              -0.6160000259290938
            ]
          ],
          "bounds": {
            "min": [
              -0.01224822424126384,
              0.05578589511537892,
              -0.6160000275351982
            ],
            "max": [
              0.024495685272464946,
              0.0982136659020294,
              -0.6160000259290938
            ]
          }
        },
        "coplanar": false,
        "epsilon": 1e-9,
        "maxSeparatingGap": -0.00425091774608481,
        "toleranceOnly": false,
        "testedAxes": 17
      }
    },
    {
      "names": [
        "Drive_PlanetCarrier",
        "Drive_PlanetPin_0"
      ],
      "groups": [
        "Drive_ScrewRotor",
        "Drive_ScrewRotor"
      ],
      "unfold": 0,
      "state": {
        "label": "full wing conversion",
        "wing": 0,
        "fold": [
          0,
          0.25,
          0.75,
          1
        ],
        "phase": [
          0,
          0,
          0,
          0
        ]
      },
      "surface": true,
      "contained": 0,
      "witness": {
        "meshA": "Drive_PlanetCarrier",
        "meshB": "Drive_PlanetPin_0",
        "triangleA": {
          "triangleIndex": 277,
          "vertexIndices": [
            312,
            321,
            329
          ],
          "vertices": [
            [
              0.0063395274641779315,
              0.10066112853531912,
              -0.6070000234037296
            ],
            [
              0.017321376942307915,
              0.05967924247214035,
              -0.6070000238837266
            ],
            [
              0.02366090234710686,
              0.0833403732873003,
              -0.607000024160854
            ]
          ],
          "bounds": {
            "min": [
              0.0063395274641779315,
              0.05967924247214035,
              -0.607000024160854
            ],
            "max": [
              0.02366090234710686,
              0.10066112853531912,
              -0.6070000234037296
            ]
          }
        },
        "triangleB": {
          "triangleIndex": 42,
          "vertexIndices": [
            29,
            31,
            33
          ],
          "vertices": [
            [
              0.013499998628857564,
              0.07700024170945399,
              -0.6148500385969857
            ],
            [
              0.013551116905135214,
              0.07661201405641428,
              -0.6148500385992199
            ],
            [
              0.013500000670170592,
              0.07700024170949055,
              -0.5681500490099177
            ]
          ],
          "bounds": {
            "min": [
              0.013499998628857564,
              0.07661201405641428,
              -0.6148500385992199
            ],
            "max": [
              0.013551116905135214,
              0.07700024170949055,
              -0.5681500490099177
            ]
          }
        },
        "coplanar": false,
        "epsilon": 1e-9,
        "maxSeparatingGap": -0.0007921539763637861,
        "toleranceOnly": false,
        "testedAxes": 17
      }
    },
    {
      "names": [
        "Drive_PlanetCarrier",
        "Drive_PlanetPin_1"
      ],
      "groups": [
        "Drive_ScrewRotor",
        "Drive_ScrewRotor"
      ],
      "unfold": 0,
      "state": {
        "label": "full wing conversion",
        "wing": 0,
        "fold": [
          0,
          0.25,
          0.75,
          1
        ],
        "phase": [
          0,
          0,
          0,
          0
        ]
      },
      "surface": true,
      "contained": 0,
      "witness": {
        "meshA": "Drive_PlanetCarrier",
        "meshB": "Drive_PlanetPin_1",
        "triangleA": {
          "triangleIndex": 265,
          "vertexIndices": [
            312,
            315,
            317
          ],
          "vertices": [
            [
              0.0063395274641779315,
              0.10066112853531912,
              -0.6070000234037296
            ],
            [
              -0.01732137654890688,
              0.09432075669340166,
              -0.6070000223694778
            ],
            [
              -0.023660901953705828,
              0.07065962587824172,
              -0.6070000220923505
            ]
          ],
          "bounds": {
            "min": [
              -0.023660901953705828,
              0.07065962587824172,
              -0.6070000234037296
            ],
            "max": [
              0.0063395274641779315,
              0.10066112853531912,
              -0.6070000220923505
            ]
          }
        },
        "triangleB": {
          "triangleIndex": 42,
          "vertexIndices": [
            29,
            31,
            33
          ],
          "vertices": [
            [
              -0.00900023378799835,
              0.08999021611551443,
              -0.6148500385969857
            ],
            [
              -0.008949115511720701,
              0.08960198846247472,
              -0.6148500385992199
            ],
            [
              -0.009000231746685322,
              0.08999021611555098,
              -0.5681500490099177
            ]
          ],
          "bounds": {
            "min": [
              -0.00900023378799835,
              0.08960198846247472,
              -0.6148500385992199
            ],
            "max": [
              -0.008949115511720701,
              0.08999021611555098,
              -0.5681500490099177
            ]
          }
        },
        "coplanar": false,
        "epsilon": 1e-9,
        "maxSeparatingGap": -0.003301703405329277,
        "toleranceOnly": false,
        "testedAxes": 17
      }
    },
    {
      "names": [
        "Drive_PlanetCarrier",
        "Drive_PlanetPin_2"
      ],
      "groups": [
        "Drive_ScrewRotor",
        "Drive_ScrewRotor"
      ],
      "unfold": 0,
      "state": {
        "label": "full wing conversion",
        "wing": 0,
        "fold": [
          0,
          0.25,
          0.75,
          1
        ],
        "phase": [
          0,
          0,
          0,
          0
        ]
      },
      "surface": true,
      "contained": 0,
      "witness": {
        "meshA": "Drive_PlanetCarrier",
        "meshB": "Drive_PlanetPin_2",
        "triangleA": {
          "triangleIndex": 270,
          "vertexIndices": [
            321,
            317,
            322
          ],
          "vertices": [
            [
              0.017321376942307915,
              0.05967924247214035,
              -0.6070000238837266
            ],
            [
              -0.023660901953705828,
              0.07065962587824172,
              -0.6070000220923505
            ],
            [
              -0.006339527070776901,
              0.05333887063022289,
              -0.6070000228494749
            ]
          ],
          "bounds": {
            "min": [
              -0.023660901953705828,
              0.05333887063022289,
              -0.6070000238837266
            ],
            "max": [
              0.017321376942307915,
              0.07065962587824172,
              -0.6070000220923505
            ]
          }
        },
        "triangleB": {
          "triangleIndex": 42,
          "vertexIndices": [
            29,
            31,
            33
          ],
          "vertices": [
            [
              -0.008999767941224365,
              0.0640094604329309,
              -0.6148500385969857
            ],
            [
              -0.008948649664946715,
              0.0636212327798912,
              -0.6148500385992199
            ],
            [
              -0.008999765899911336,
              0.06400946043296746,
              -0.5681500490099177
            ]
          ],
          "bounds": {
            "min": [
              -0.008999767941224365,
              0.0636212327798912,
              -0.6148500385992199
            ],
            "max": [
              -0.008948649664946715,
              0.06400946043296746,
              -0.5681500490099177
            ]
          }
        },
        "coplanar": false,
        "epsilon": 1e-9,
        "maxSeparatingGap": -0.0029301413273616233,
        "toleranceOnly": false,
        "testedAxes": 17
      }
    },
    {
      "names": [
        "Drive_PlanetPin_0",
        "Drive_PlanetRetainer_0_Front"
      ],
      "groups": [
        "Drive_ScrewRotor",
        "Drive_ScrewRotor"
      ],
      "unfold": 0,
      "state": {
        "label": "full wing conversion",
        "wing": 0,
        "fold": [
          0,
          0.25,
          0.75,
          1
        ],
        "phase": [
          0,
          0,
          0,
          0
        ]
      },
      "surface": true,
      "contained": 0,
      "witness": {
        "meshA": "Drive_PlanetPin_0",
        "meshB": "Drive_PlanetRetainer_0_Front",
        "triangleA": {
          "triangleIndex": 43,
          "vertexIndices": [
            29,
            33,
            27
          ],
          "vertices": [
            [
              0.013499998628857564,
              0.07700024170945399,
              -0.6148500385969857
            ],
            [
              0.013500000670170592,
              0.07700024170949055,
              -0.5681500490099177
            ],
            [
              0.013551105058158316,
              0.07738847119096087,
              -0.5681500490121518
            ]
          ],
          "bounds": {
            "min": [
              0.013499998628857564,
              0.07700024170945399,
              -0.6148500385969857
            ],
            "max": [
              0.013551105058158316,
              0.07738847119096087,
              -0.5681500490099177
            ]
          }
        },
        "triangleB": {
          "triangleIndex": 148,
          "vertexIndices": [
            74,
            78,
            75
          ],
          "vertices": [
            [
              0.013599999246795268,
              0.07700024343694374,
              -0.5690000057220459
            ],
            [
              0.01362126443272389,
              0.07724335125729606,
              -0.5690000057220459
            ],
            [
              0.012045566894433105,
              0.07752116010247719,
              -0.5690000057220459
            ]
          ],
          "bounds": {
            "min": [
              0.012045566894433105,
              0.07700024343694374,
              -0.5690000057220459
            ],
            "max": [
              0.01362126443272389,
              0.07752116010247719,
              -0.5690000057220459
            ]
          }
        },
        "coplanar": false,
        "epsilon": 1e-9,
        "maxSeparatingGap": -0.0000991431174096136,
        "toleranceOnly": false,
        "testedAxes": 17
      }
    },
    {
      "names": [
        "Drive_PlanetPin_0",
        "Drive_PlanetRetainer_0_Rear"
      ],
      "groups": [
        "Drive_ScrewRotor",
        "Drive_ScrewRotor"
      ],
      "unfold": 0,
      "state": {
        "label": "full wing conversion",
        "wing": 0,
        "fold": [
          0,
          0.25,
          0.75,
          1
        ],
        "phase": [
          0,
          0,
          0,
          0
        ]
      },
      "surface": true,
      "contained": 0,
      "witness": {
        "meshA": "Drive_PlanetPin_0",
        "meshB": "Drive_PlanetRetainer_0_Rear",
        "triangleA": {
          "triangleIndex": 43,
          "vertexIndices": [
            29,
            33,
            27
          ],
          "vertices": [
            [
              0.013499998628857564,
              0.07700024170945399,
              -0.6148500385969857
            ],
            [
              0.013500000670170592,
              0.07700024170949055,
              -0.5681500490099177
            ],
            [
              0.013551105058158316,
              0.07738847119096087,
              -0.5681500490121518
            ]
          ],
          "bounds": {
            "min": [
              0.013499998628857564,
              0.07700024170945399,
              -0.6148500385969857
            ],
            "max": [
              0.013551105058158316,
              0.07738847119096087,
              -0.5681500490099177
            ]
          }
        },
        "triangleB": {
          "triangleIndex": 148,
          "vertexIndices": [
            74,
            78,
            75
          ],
          "vertices": [
            [
              0.013599999246795268,
              0.07700024343694374,
              -0.5990000367164612
            ],
            [
              0.01362126443272389,
              0.07724335125729606,
              -0.5990000367164612
            ],
            [
              0.012045566894433105,
              0.07752116010247719,
              -0.5990000367164612
            ]
          ],
          "bounds": {
            "min": [
              0.012045566894433105,
              0.07700024343694374,
              -0.5990000367164612
            ],
            "max": [
              0.01362126443272389,
              0.07752116010247719,
              -0.5990000367164612
            ]
          }
        },
        "coplanar": false,
        "epsilon": 1e-9,
        "maxSeparatingGap": -0.00009866794213320249,
        "toleranceOnly": false,
        "testedAxes": 17
      }
    },
    {
      "names": [
        "Drive_PlanetPin_1",
        "Drive_PlanetRetainer_1_Front"
      ],
      "groups": [
        "Drive_ScrewRotor",
        "Drive_ScrewRotor"
      ],
      "unfold": 0,
      "state": {
        "label": "full wing conversion",
        "wing": 0,
        "fold": [
          0,
          0.25,
          0.75,
          1
        ],
        "phase": [
          0,
          0,
          0,
          0
        ]
      },
      "surface": true,
      "contained": 0,
      "witness": {
        "meshA": "Drive_PlanetPin_1",
        "meshB": "Drive_PlanetRetainer_1_Front",
        "triangleA": {
          "triangleIndex": 43,
          "vertexIndices": [
            29,
            33,
            27
          ],
          "vertices": [
            [
              -0.00900023378799835,
              0.08999021611551443,
              -0.6148500385969857
            ],
            [
              -0.009000231746685322,
              0.08999021611555098,
              -0.5681500490099177
            ],
            [
              -0.008949127358697599,
              0.09037844559702131,
              -0.5681500490121518
            ]
          ],
          "bounds": {
            "min": [
              -0.00900023378799835,
              0.08999021611551443,
              -0.6148500385969857
            ],
            "max": [
              -0.008949127358697599,
              0.09037844559702131,
              -0.5681500490099177
            ]
          }
        },
        "triangleB": {
          "triangleIndex": 148,
          "vertexIndices": [
            74,
            78,
            75
          ],
          "vertices": [
            [
              -0.008900232704449456,
              0.08999022063698026,
              -0.5690000057220459
            ],
            [
              -0.008878967518527096,
              0.09023332880657854,
              -0.5690000057220459
            ],
            [
              -0.01045466505681266,
              0.09051113736072136,
              -0.5690000057220459
            ]
          ],
          "bounds": {
            "min": [
              -0.01045466505681266,
              0.08999022063698026,
              -0.5690000057220459
            ],
            "max": [
              -0.008878967518527096,
              0.09051113736072136,
              -0.5690000057220459
            ]
          }
        },
        "coplanar": false,
        "epsilon": 1e-9,
        "maxSeparatingGap": -0.00009914321440049822,
        "toleranceOnly": false,
        "testedAxes": 17
      }
    },
    {
      "names": [
        "Drive_PlanetPin_1",
        "Drive_PlanetRetainer_1_Rear"
      ],
      "groups": [
        "Drive_ScrewRotor",
        "Drive_ScrewRotor"
      ],
      "unfold": 0,
      "state": {
        "label": "full wing conversion",
        "wing": 0,
        "fold": [
          0,
          0.25,
          0.75,
          1
        ],
        "phase": [
          0,
          0,
          0,
          0
        ]
      },
      "surface": true,
      "contained": 0,
      "witness": {
        "meshA": "Drive_PlanetPin_1",
        "meshB": "Drive_PlanetRetainer_1_Rear",
        "triangleA": {
          "triangleIndex": 43,
          "vertexIndices": [
            29,
            33,
            27
          ],
          "vertices": [
            [
              -0.00900023378799835,
              0.08999021611551443,
              -0.6148500385969857
            ],
            [
              -0.009000231746685322,
              0.08999021611555098,
              -0.5681500490099177
            ],
            [
              -0.008949127358697599,
              0.09037844559702131,
              -0.5681500490121518
            ]
          ],
          "bounds": {
            "min": [
              -0.00900023378799835,
              0.08999021611551443,
              -0.6148500385969857
            ],
            "max": [
              -0.008949127358697599,
              0.09037844559702131,
              -0.5681500490099177
            ]
          }
        },
        "triangleB": {
          "triangleIndex": 148,
          "vertexIndices": [
            74,
            78,
            75
          ],
          "vertices": [
            [
              -0.008900232704449456,
              0.08999022063698026,
              -0.5990000367164612
            ],
            [
              -0.008878967518527096,
              0.09023332880657854,
              -0.5990000367164612
            ],
            [
              -0.01045466505681266,
              0.09051113736072136,
              -0.5990000367164612
            ]
          ],
          "bounds": {
            "min": [
              -0.01045466505681266,
              0.08999022063698026,
              -0.5990000367164612
            ],
            "max": [
              -0.008878967518527096,
              0.09051113736072136,
              -0.5990000367164612
            ]
          }
        },
        "coplanar": false,
        "epsilon": 1e-9,
        "maxSeparatingGap": -0.0000986651410550652,
        "toleranceOnly": false,
        "testedAxes": 17
      }
    },
    {
      "names": [
        "Drive_PlanetPin_2",
        "Drive_PlanetRetainer_2_Front"
      ],
      "groups": [
        "Drive_ScrewRotor",
        "Drive_ScrewRotor"
      ],
      "unfold": 0,
      "state": {
        "label": "full wing conversion",
        "wing": 0,
        "fold": [
          0,
          0.25,
          0.75,
          1
        ],
        "phase": [
          0,
          0,
          0,
          0
        ]
      },
      "surface": true,
      "contained": 0,
      "witness": {
        "meshA": "Drive_PlanetPin_2",
        "meshB": "Drive_PlanetRetainer_2_Front",
        "triangleA": {
          "triangleIndex": 43,
          "vertexIndices": [
            29,
            33,
            27
          ],
          "vertices": [
            [
              -0.008999767941224365,
              0.0640094604329309,
              -0.6148500385969857
            ],
            [
              -0.008999765899911336,
              0.06400946043296746,
              -0.5681500490099177
            ],
            [
              -0.008948661511923613,
              0.06439768991443778,
              -0.5681500490121518
            ]
          ],
          "bounds": {
            "min": [
              -0.008999767941224365,
              0.0640094604329309,
              -0.6148500385969857
            ],
            "max": [
              -0.008948661511923613,
              0.06439768991443778,
              -0.5681500490099177
            ]
          }
        },
        "triangleB": {
          "triangleIndex": 148,
          "vertexIndices": [
            74,
            78,
            75
          ],
          "vertices": [
            [
              -0.008899766857575276,
              0.06400945936646128,
              -0.5690000057220459
            ],
            [
              -0.008878501671652916,
              0.06425256753605957,
              -0.5690000057220459
            ],
            [
              -0.01045419920993848,
              0.06453037609020239,
              -0.5690000057220459
            ]
          ],
          "bounds": {
            "min": [
              -0.01045419920993848,
              0.06400945936646128,
              -0.5690000057220459
            ],
            "max": [
              -0.008878501671652916,
              0.06453037609020239,
              -0.5690000057220459
            ]
          }
        },
        "coplanar": false,
        "epsilon": 1e-9,
        "maxSeparatingGap": -0.0000991439437736814,
        "toleranceOnly": false,
        "testedAxes": 17
      }
    },
    {
      "names": [
        "Drive_PlanetPin_2",
        "Drive_PlanetRetainer_2_Rear"
      ],
      "groups": [
        "Drive_ScrewRotor",
        "Drive_ScrewRotor"
      ],
      "unfold": 0,
      "state": {
        "label": "full wing conversion",
        "wing": 0,
        "fold": [
          0,
          0.25,
          0.75,
          1
        ],
        "phase": [
          0,
          0,
          0,
          0
        ]
      },
      "surface": true,
      "contained": 0,
      "witness": {
        "meshA": "Drive_PlanetPin_2",
        "meshB": "Drive_PlanetRetainer_2_Rear",
        "triangleA": {
          "triangleIndex": 43,
          "vertexIndices": [
            29,
            33,
            27
          ],
          "vertices": [
            [
              -0.008999767941224365,
              0.0640094604329309,
              -0.6148500385969857
            ],
            [
              -0.008999765899911336,
              0.06400946043296746,
              -0.5681500490099177
            ],
            [
              -0.008948661511923613,
              0.06439768991443778,
              -0.5681500490121518
            ]
          ],
          "bounds": {
            "min": [
              -0.008999767941224365,
              0.0640094604329309,
              -0.6148500385969857
            ],
            "max": [
              -0.008948661511923613,
              0.06439768991443778,
              -0.5681500490099177
            ]
          }
        },
        "triangleB": {
          "triangleIndex": 148,
          "vertexIndices": [
            74,
            78,
            75
          ],
          "vertices": [
            [
              -0.008899766857575276,
              0.06400945936646128,
              -0.5990000367164612
            ],
            [
              -0.008878501671652916,
              0.06425256753605957,
              -0.5990000367164612
            ],
            [
              -0.01045419920993848,
              0.06453037609020239,
              -0.5990000367164612
            ]
          ],
          "bounds": {
            "min": [
              -0.01045419920993848,
              0.06400945936646128,
              -0.5990000367164612
            ],
            "max": [
              -0.008878501671652916,
              0.06453037609020239,
              -0.5990000367164612
            ]
          }
        },
        "coplanar": false,
        "epsilon": 1e-9,
        "maxSeparatingGap": -0.00009867043918284358,
        "toleranceOnly": false,
        "testedAxes": 17
      }
    },
    {
      "names": [
        "Drive_MotorRotorDisc",
        "Drive_MotorShaft"
      ],
      "groups": [
        "Drive_MotorRotor",
        "Drive_MotorRotor"
      ],
      "unfold": 0,
      "state": {
        "label": "full wing conversion",
        "wing": 0,
        "fold": [
          0,
          0.25,
          0.75,
          1
        ],
        "phase": [
          0,
          0,
          0,
          0
        ]
      },
      "surface": true,
      "contained": 0,
      "witness": {
        "meshA": "Drive_MotorRotorDisc",
        "meshB": "Drive_MotorShaft",
        "triangleA": {
          "triangleIndex": 151,
          "vertexIndices": [
            96,
            101,
            105
          ],
          "vertices": [
            [
              -0.014698776868093188,
              0.10245587467853998,
              -0.3780000054372193
            ],
            [
              0.02939482180301671,
              0.07700157948545847,
              -0.37800000736458367
            ],
            [
              -0.014696040396079108,
              0.05154254458454795,
              -0.37800000543721834
            ]
          ],
          "bounds": {
            "min": [
              -0.014698776868093188,
              0.05154254458454795,
              -0.37800000736458367
            ],
            "max": [
              0.02939482180301671,
              0.10245587467853998,
              -0.37800000543721834
            ]
          }
        },
        "triangleB": {
          "triangleIndex": 73,
          "vertexIndices": [
            51,
            47,
            53
          ],
          "vertices": [
            [
              -0.0020701320952835026,
              0.06927250070797902,
              -0.3613999993577686
            ],
            [
              -0.0020701421120303512,
              0.06927246206720554,
              -0.5906000197902372
            ],
            [
              4.2497287263188824e-7,
              0.0689999798939565,
              -0.5906000198347897
            ]
          ],
          "bounds": {
            "min": [
              -0.0020701421120303512,
              0.0689999798939565,
              -0.5906000198347897
            ],
            "max": [
              4.2497287263188824e-7,
              0.06927250070797902,
              -0.3613999993577686
            ]
          }
        },
        "coplanar": false,
        "epsilon": 1e-9,
        "maxSeparatingGap": -0.009040570693149078,
        "toleranceOnly": false,
        "testedAxes": 17
      }
    },
    {
      "names": [
        "Drive_MotorRotorDisc",
        "Drive_MotorWitness"
      ],
      "groups": [
        "Drive_MotorRotor",
        "Drive_MotorRotor"
      ],
      "unfold": 0,
      "state": {
        "label": "full wing conversion",
        "wing": 0,
        "fold": [
          0,
          0.25,
          0.75,
          1
        ],
        "phase": [
          0,
          0,
          0,
          0
        ]
      },
      "surface": true,
      "contained": 0,
      "witness": {
        "meshA": "Drive_MotorRotorDisc",
        "meshB": "Drive_MotorWitness",
        "triangleA": {
          "triangleIndex": 151,
          "vertexIndices": [
            96,
            101,
            105
          ],
          "vertices": [
            [
              -0.014698776868093188,
              0.10245587467853998,
              -0.3780000054372193
            ],
            [
              0.02939482180301671,
              0.07700157948545847,
              -0.37800000736458367
            ],
            [
              -0.014696040396079108,
              0.05154254458454795,
              -0.37800000543721834
            ]
          ],
          "bounds": {
            "min": [
              -0.014698776868093188,
              0.05154254458454795,
              -0.37800000736458367
            ],
            "max": [
              0.02939482180301671,
              0.10245587467853998,
              -0.37800000543721834
            ]
          }
        },
        "triangleB": {
          "triangleIndex": 42,
          "vertexIndices": [
            29,
            31,
            33
          ],
          "vertices": [
            [
              0.022999999837731502,
              0.07700123687158772,
              -0.3788000083585538
            ],
            [
              0.023068176024710924,
              0.07648360242599138,
              -0.3788000083615327
            ],
            [
              0.023000000650776672,
              0.07700123687163143,
              -0.36020001387794415
            ]
          ],
          "bounds": {
            "min": [
              0.022999999837731502,
              0.07648360242599138,
              -0.3788000083615327
            ],
            "max": [
              0.023068176024710924,
              0.07700123687163143,
              -0.36020001387794415
            ]
          }
        },
        "coplanar": false,
        "epsilon": 1e-9,
        "maxSeparatingGap": -0.0008000012735013733,
        "toleranceOnly": false,
        "testedAxes": 17
      }
    },
    {
      "names": [
        "Drive_MotorShaft",
        "Drive_SunGear"
      ],
      "groups": [
        "Drive_MotorRotor",
        "Drive_MotorRotor"
      ],
      "unfold": 0,
      "state": {
        "label": "full wing conversion",
        "wing": 0,
        "fold": [
          0,
          0.25,
          0.75,
          1
        ],
        "phase": [
          0,
          0,
          0,
          0
        ]
      },
      "surface": true,
      "contained": 0,
      "witness": {
        "meshA": "Drive_MotorShaft",
        "meshB": "Drive_SunGear",
        "triangleA": {
          "triangleIndex": 73,
          "vertexIndices": [
            51,
            47,
            53
          ],
          "vertices": [
            [
              -0.0020701320952835026,
              0.06927250070797902,
              -0.3613999993577686
            ],
            [
              -0.0020701421120303512,
              0.06927246206720554,
              -0.5906000197902372
            ],
            [
              4.2497287263188824e-7,
              0.0689999798939565,
              -0.5906000198347897
            ]
          ],
          "bounds": {
            "min": [
              -0.0020701421120303512,
              0.0689999798939565,
              -0.5906000198347897
            ],
            "max": [
              4.2497287263188824e-7,
              0.06927250070797902,
              -0.3613999993577686
            ]
          }
        },
        "triangleB": {
          "triangleIndex": 45,
          "vertexIndices": [
            49,
            50,
            51
          ],
          "vertices": [
            [
              0.0006692908082611026,
              0.06637105125972348,
              -0.5730000138282776
            ],
            [
              -0.00048307362821164914,
              0.06931516769032621,
              -0.5730000138282776
            ],
            [
              -0.0006681473131046231,
              0.06637097931710076,
              -0.5730000138282776
            ]
          ],
          "bounds": {
            "min": [
              -0.0006681473131046231,
              0.06637097931710076,
              -0.5730000138282776
            ],
            "max": [
              0.0006692908082611026,
              0.06931516769032621,
              -0.5730000138282776
            ]
          }
        },
        "coplanar": false,
        "epsilon": 1e-9,
        "maxSeparatingGap": -0.0002494070078389545,
        "toleranceOnly": false,
        "testedAxes": 17
      }
    },
    {
      "names": [
        "Drive_MotorHousing",
        "Drive_MotorGearboxAdapter"
      ],
      "groups": [
        "固定机体",
        "固定机体"
      ],
      "unfold": 0,
      "state": {
        "label": "full wing conversion",
        "wing": 0,
        "fold": [
          0,
          0.25,
          0.75,
          1
        ],
        "phase": [
          0,
          0,
          0,
          0
        ]
      },
      "surface": true,
      "contained": 0,
      "witness": {
        "meshA": "Drive_MotorHousing",
        "meshB": "Drive_MotorGearboxAdapter",
        "triangleA": {
          "triangleIndex": 283,
          "vertexIndices": [
            143,
            140,
            139
          ],
          "vertices": [
            [
              0.039000000804662704,
              0.07699999958276749,
              -0.5189999938011169
            ],
            [
              0.038407500833272934,
              0.08377227932214737,
              -0.5189999938011169
            ],
            [
              0.038407500833272934,
              0.08377227932214737,
              -0.38099998235702515
            ]
          ],
          "bounds": {
            "min": [
              0.038407500833272934,
              0.07699999958276749,
              -0.5189999938011169
            ],
            "max": [
              0.039000000804662704,
              0.08377227932214737,
              -0.38099998235702515
            ]
          }
        },
        "triangleB": {
          "triangleIndex": 270,
          "vertexIndices": [
            135,
            139,
            140
          ],
          "vertices": [
            [
              0.036648012697696686,
              0.09033878892660141,
              -0.5180000066757202
            ],
            [
              0.038407500833272934,
              0.08377227932214737,
              -0.5180000066757202
            ],
            [
              0.038407500833272934,
              0.08377227932214737,
              -0.534000039100647
            ]
          ],
          "bounds": {
            "min": [
              0.036648012697696686,
              0.08377227932214737,
              -0.534000039100647
            ],
            "max": [
              0.038407500833272934,
              0.09033878892660141,
              -0.5180000066757202
            ]
          }
        },
        "coplanar": false,
        "epsilon": 1e-9,
        "maxSeparatingGap": 0,
        "toleranceOnly": false,
        "testedAxes": 16
      }
    },
    {
      "names": [
        "Drive_MotorHousing",
        "Drive_MotorSaddle_L"
      ],
      "groups": [
        "固定机体",
        "固定机体"
      ],
      "unfold": 0,
      "state": {
        "label": "full wing conversion",
        "wing": 0,
        "fold": [
          0,
          0.25,
          0.75,
          1
        ],
        "phase": [
          0,
          0,
          0,
          0
        ]
      },
      "surface": true,
      "contained": 0,
      "witness": {
        "meshA": "Drive_MotorHousing",
        "meshB": "Drive_MotorSaddle_L",
        "triangleA": {
          "triangleIndex": 115,
          "vertexIndices": [
            57,
            62,
            58
          ],
          "vertices": [
            [
              -0.025279466062784195,
              0.055788010358810425,
              -0.5189999938011169
            ],
            [
              -0.02857883833348751,
              0.060499999672174454,
              -0.38099998235702515
            ],
            [
              -0.025279466062784195,
              0.055788010358810425,
              -0.38099998235702515
            ]
          ],
          "bounds": {
            "min": [
              -0.02857883833348751,
              0.055788010358810425,
              -0.5189999938011169
            ],
            "max": [
              -0.025279466062784195,
              0.060499999672174454,
              -0.38099998235702515
            ]
          }
        },
        "triangleB": {
          "triangleIndex": 42,
          "vertexIndices": [
            84,
            85,
            86
          ],
          "vertices": [
            [
              -0.028000001795589924,
              0.05849999841302633,
              -0.424999987706542
            ],
            [
              -0.027292894199490547,
              0.05849999934434891,
              -0.425292881205678
            ],
            [
              -0.02742265071719885,
              0.05907734949141741,
              -0.4254226367920637
            ]
          ],
          "bounds": {
            "min": [
              -0.028000001795589924,
              0.05849999841302633,
              -0.4254226367920637
            ],
            "max": [
              -0.027292894199490547,
              0.05907734949141741,
              -0.424999987706542
            ]
          }
        },
        "coplanar": false,
        "epsilon": 1e-9,
        "maxSeparatingGap": -0.00011269509622246045,
        "toleranceOnly": false,
        "testedAxes": 17
      }
    },
    {
      "names": [
        "Drive_MotorHousing",
        "Drive_MotorSaddle_R"
      ],
      "groups": [
        "固定机体",
        "固定机体"
      ],
      "unfold": 0,
      "state": {
        "label": "full wing conversion",
        "wing": 0,
        "fold": [
          0,
          0.25,
          0.75,
          1
        ],
        "phase": [
          0,
          0,
          0,
          0
        ]
      },
      "surface": true,
      "contained": 0,
      "witness": {
        "meshA": "Drive_MotorHousing",
        "meshB": "Drive_MotorSaddle_R",
        "triangleA": {
          "triangleIndex": 27,
          "vertexIndices": [
            12,
            18,
            14
          ],
          "vertices": [
            [
              0.02857883833348751,
              0.060499999672174454,
              -0.5189999938011169
            ],
            [
              0.025279466062784195,
              0.055788010358810425,
              -0.38099998235702515
            ],
            [
              0.02857883833348751,
              0.060499999672174454,
              -0.38099998235702515
            ]
          ],
          "bounds": {
            "min": [
              0.025279466062784195,
              0.055788010358810425,
              -0.5189999938011169
            ],
            "max": [
              0.02857883833348751,
              0.060499999672174454,
              -0.38099998235702515
            ]
          }
        },
        "triangleB": {
          "triangleIndex": 16,
          "vertexIndices": [
            32,
            33,
            34
          ],
          "vertices": [
            [
              0.028000001795589924,
              0.05849999841302633,
              -0.424999987706542
            ],
            [
              0.028000001329928637,
              0.05920710600912571,
              -0.425292881205678
            ],
            [
              0.02742265071719885,
              0.05907734949141741,
              -0.4254226367920637
            ]
          ],
          "bounds": {
            "min": [
              0.02742265071719885,
              0.05849999841302633,
              -0.4254226367920637
            ],
            "max": [
              0.028000001795589924,
              0.05920710600912571,
              -0.424999987706542
            ]
          }
        },
        "coplanar": false,
        "epsilon": 1e-9,
        "maxSeparatingGap": -0.00013109435117844342,
        "toleranceOnly": false,
        "testedAxes": 17
      }
    },
    {
      "names": [
        "Drive_ReductionHousing",
        "Drive_MotorGearboxAdapter"
      ],
      "groups": [
        "固定机体",
        "固定机体"
      ],
      "unfold": 0,
      "state": {
        "label": "full wing conversion",
        "wing": 0,
        "fold": [
          0,
          0.25,
          0.75,
          1
        ],
        "phase": [
          0,
          0,
          0,
          0
        ]
      },
      "surface": true,
      "contained": 0,
      "witness": {
        "meshA": "Drive_ReductionHousing",
        "meshB": "Drive_MotorGearboxAdapter",
        "triangleA": {
          "triangleIndex": 279,
          "vertexIndices": [
            3,
            142,
            141
          ],
          "vertices": [
            [
              0.029999999329447746,
              0.07699999958276749,
              -0.5320000052452087
            ],
            [
              0.029544230550527573,
              0.08220944553613663,
              -0.5320000052452087
            ],
            [
              0.029544230550527573,
              0.08220944553613663,
              -0.6439999938011169
            ]
          ],
          "bounds": {
            "min": [
              0.029544230550527573,
              0.07699999958276749,
              -0.6439999938011169
            ],
            "max": [
              0.029999999329447746,
              0.08220944553613663,
              -0.5320000052452087
            ]
          }
        },
        "triangleB": {
          "triangleIndex": 282,
          "vertexIndices": [
            7,
            140,
            143
          ],
          "vertices": [
            [
              0.008999999612569809,
              0.07699999958276749,
              -0.534000039100647
            ],
            [
              0.038407500833272934,
              0.08377227932214737,
              -0.534000039100647
            ],
            [
              0.039000000804662704,
              0.07699999958276749,
              -0.534000039100647
            ]
          ],
          "bounds": {
            "min": [
              0.008999999612569809,
              0.07699999958276749,
              -0.534000039100647
            ],
            "max": [
              0.039000000804662704,
              0.08377227932214737,
              -0.534000039100647
            ]
          }
        },
        "coplanar": false,
        "epsilon": 1e-9,
        "maxSeparatingGap": -0.0020000338554382324,
        "toleranceOnly": false,
        "testedAxes": 17
      }
    },
    {
      "names": [
        "Drive_ReductionHousing",
        "Drive_RingGear"
      ],
      "groups": [
        "固定机体",
        "固定机体"
      ],
      "unfold": 0,
      "state": {
        "label": "full wing conversion",
        "wing": 0,
        "fold": [
          0,
          0.25,
          0.75,
          1
        ],
        "phase": [
          0,
          0,
          0,
          0
        ]
      },
      "surface": true,
      "contained": 0,
      "witness": {
        "meshA": "Drive_ReductionHousing",
        "meshB": "Drive_RingGear",
        "triangleA": {
          "triangleIndex": 279,
          "vertexIndices": [
            3,
            142,
            141
          ],
          "vertices": [
            [
              0.029999999329447746,
              0.07699999958276749,
              -0.5320000052452087
            ],
            [
              0.029544230550527573,
              0.08220944553613663,
              -0.5320000052452087
            ],
            [
              0.029544230550527573,
              0.08220944553613663,
              -0.6439999938011169
            ]
          ],
          "bounds": {
            "min": [
              0.029544230550527573,
              0.07699999958276749,
              -0.6439999938011169
            ],
            "max": [
              0.029999999329447746,
              0.08220944553613663,
              -0.5320000052452087
            ]
          }
        },
        "triangleB": {
          "triangleIndex": 11,
          "vertexIndices": [
            16,
            15,
            17
          ],
          "vertices": [
            [
              0.020744141191244125,
              0.07852335413917899,
              -0.5730000138282776
            ],
            [
              0.030318360775709152,
              0.07922644075006247,
              -0.5730000138282776
            ],
            [
              0.030139923095703125,
              0.0809679958038032,
              -0.5730000138282776
            ]
          ],
          "bounds": {
            "min": [
              0.020744141191244125,
              0.07852335413917899,
              -0.5730000138282776
            ],
            "max": [
              0.030318360775709152,
              0.0809679958038032,
              -0.5730000138282776
            ]
          }
        },
        "coplanar": false,
        "epsilon": 1e-9,
        "maxSeparatingGap": -0.000511197667026838,
        "toleranceOnly": false,
        "testedAxes": 17
      }
    },
    {
      "names": [
        "Drive_MotorMount",
        "Drive_MotorSaddle_L"
      ],
      "groups": [
        "固定机体",
        "固定机体"
      ],
      "unfold": 0,
      "state": {
        "label": "full wing conversion",
        "wing": 0,
        "fold": [
          0,
          0.25,
          0.75,
          1
        ],
        "phase": [
          0,
          0,
          0,
          0
        ]
      },
      "surface": true,
      "contained": 0,
      "witness": {
        "meshA": "Drive_MotorMount",
        "meshB": "Drive_MotorSaddle_L",
        "triangleA": {
          "triangleIndex": 4,
          "vertexIndices": [
            8,
            9,
            10
          ],
          "vertices": [
            [
              0.05000000074505806,
              0.03749999916180968,
              -0.4879999905824661
            ],
            [
              -0.05000000074505806,
              0.03749999916180968,
              -0.4879999905824661
            ],
            [
              -0.05000000074505806,
              0.03749999916180968,
              -0.41199998557567596
            ]
          ],
          "bounds": {
            "min": [
              -0.05000000074505806,
              0.03749999916180968,
              -0.4879999905824661
            ],
            "max": [
              0.05000000074505806,
              0.03749999916180968,
              -0.41199998557567596
            ]
          }
        },
        "triangleB": {
          "triangleIndex": 1,
          "vertexIndices": [
            0,
            2,
            3
          ],
          "vertices": [
            [
              -0.028000001795589924,
              0.03549999836832285,
              -0.424999987706542
            ],
            [
              -0.04000000189989805,
              0.05849999841302633,
              -0.424999987706542
            ],
            [
              -0.04000000189989805,
              0.03549999836832285,
              -0.424999987706542
            ]
          ],
          "bounds": {
            "min": [
              -0.04000000189989805,
              0.03549999836832285,
              -0.424999987706542
            ],
            "max": [
              -0.028000001795589924,
              0.05849999841302633,
              -0.424999987706542
            ]
          }
        },
        "coplanar": false,
        "epsilon": 1e-9,
        "maxSeparatingGap": -0.0020000007934868336,
        "toleranceOnly": false,
        "testedAxes": 16
      }
    },
    {
      "names": [
        "Drive_MotorMount",
        "Drive_MotorSaddle_R"
      ],
      "groups": [
        "固定机体",
        "固定机体"
      ],
      "unfold": 0,
      "state": {
        "label": "full wing conversion",
        "wing": 0,
        "fold": [
          0,
          0.25,
          0.75,
          1
        ],
        "phase": [
          0,
          0,
          0,
          0
        ]
      },
      "surface": true,
      "contained": 0,
      "witness": {
        "meshA": "Drive_MotorMount",
        "meshB": "Drive_MotorSaddle_R",
        "triangleA": {
          "triangleIndex": 5,
          "vertexIndices": [
            8,
            10,
            11
          ],
          "vertices": [
            [
              0.05000000074505806,
              0.03749999916180968,
              -0.4879999905824661
            ],
            [
              -0.05000000074505806,
              0.03749999916180968,
              -0.41199998557567596
            ],
            [
              0.05000000074505806,
              0.03749999916180968,
              -0.41199998557567596
            ]
          ],
          "bounds": {
            "min": [
              -0.05000000074505806,
              0.03749999916180968,
              -0.4879999905824661
            ],
            "max": [
              0.05000000074505806,
              0.03749999916180968,
              -0.41199998557567596
            ]
          }
        },
        "triangleB": {
          "triangleIndex": 95,
          "vertexIndices": [
            188,
            190,
            191
          ],
          "vertices": [
            [
              0.04000000189989805,
              0.05849999841302633,
              -0.424999987706542
            ],
            [
              0.04070710949599743,
              0.035499997437000275,
              -0.425292881205678
            ],
            [
              0.04070710949599743,
              0.05849999934434891,
              -0.425292881205678
            ]
          ],
          "bounds": {
            "min": [
              0.04000000189989805,
              0.035499997437000275,
              -0.425292881205678
            ],
            "max": [
              0.04070710949599743,
              0.05849999934434891,
              -0.424999987706542
            ]
          }
        },
        "coplanar": false,
        "epsilon": 1e-9,
        "maxSeparatingGap": -0.002000001724809408,
        "toleranceOnly": false,
        "testedAxes": 17
      }
    },
    {
      "names": [
        "Drive_MotorMount",
        "Drive_MotorFoot_L"
      ],
      "groups": [
        "固定机体",
        "固定机体"
      ],
      "unfold": 0,
      "state": {
        "label": "full wing conversion",
        "wing": 0,
        "fold": [
          0,
          0.25,
          0.75,
          1
        ],
        "phase": [
          0,
          0,
          0,
          0
        ]
      },
      "surface": true,
      "contained": 0,
      "witness": {
        "meshA": "Drive_MotorMount",
        "meshB": "Drive_MotorFoot_L",
        "triangleA": {
          "triangleIndex": 107,
          "vertexIndices": [
            212,
            214,
            215
          ],
          "vertices": [
            [
              -0.05000000074505806,
              0.02249999949708581,
              -0.4879999905824661
            ],
            [
              0.05000000074505806,
              0.02249999949708581,
              -0.41199998557567596
            ],
            [
              -0.05000000074505806,
              0.02249999949708581,
              -0.41199998557567596
            ]
          ],
          "bounds": {
            "min": [
              -0.05000000074505806,
              0.02249999949708581,
              -0.4879999905824661
            ],
            "max": [
              0.05000000074505806,
              0.02249999949708581,
              -0.41199998557567596
            ]
          }
        },
        "triangleB": {
          "triangleIndex": 15,
          "vertexIndices": [
            28,
            30,
            31
          ],
          "vertices": [
            [
              -0.03981173411011696,
              -0.08719039708375931,
              -0.4567614793777466
            ],
            [
              -0.04149999842047691,
              0.03400000184774399,
              -0.4560621678829193
            ],
            [
              -0.03981173411011696,
              0.03400000184774399,
              -0.4567614793777466
            ]
          ],
          "bounds": {
            "min": [
              -0.04149999842047691,
              -0.08719039708375931,
              -0.4567614793777466
            ],
            "max": [
              -0.03981173411011696,
              0.03400000184774399,
              -0.4560621678829193
            ]
          }
        },
        "coplanar": false,
        "epsilon": 1e-9,
        "maxSeparatingGap": -0.010188266634941101,
        "toleranceOnly": false,
        "testedAxes": 17
      }
    },
    {
      "names": [
        "Drive_MotorMount",
        "Drive_MotorFoot_R"
      ],
      "groups": [
        "固定机体",
        "固定机体"
      ],
      "unfold": 0,
      "state": {
        "label": "full wing conversion",
        "wing": 0,
        "fold": [
          0,
          0.25,
          0.75,
          1
        ],
        "phase": [
          0,
          0,
          0,
          0
        ]
      },
      "surface": true,
      "contained": 0,
      "witness": {
        "meshA": "Drive_MotorMount",
        "meshB": "Drive_MotorFoot_R",
        "triangleA": {
          "triangleIndex": 106,
          "vertexIndices": [
            212,
            213,
            214
          ],
          "vertices": [
            [
              -0.05000000074505806,
              0.02249999949708581,
              -0.4879999905824661
            ],
            [
              0.05000000074505806,
              0.02249999949708581,
              -0.4879999905824661
            ],
            [
              0.05000000074505806,
              0.02249999949708581,
              -0.41199998557567596
            ]
          ],
          "bounds": {
            "min": [
              -0.05000000074505806,
              0.02249999949708581,
              -0.4879999905824661
            ],
            "max": [
              0.05000000074505806,
              0.02249999949708581,
              -0.41199998557567596
            ]
          }
        },
        "triangleB": {
          "triangleIndex": 11,
          "vertexIndices": [
            20,
            22,
            23
          ],
          "vertices": [
            [
              0.03981173411011696,
              -0.08718957751989365,
              -0.4567614793777466
            ],
            [
              0.03799999877810478,
              0.03400000184774399,
              -0.4569999873638153
            ],
            [
              0.03981173411011696,
              0.03400000184774399,
              -0.4567614793777466
            ]
          ],
          "bounds": {
            "min": [
              0.03799999877810478,
              -0.08718957751989365,
              -0.4569999873638153
            ],
            "max": [
              0.03981173411011696,
              0.03400000184774399,
              -0.4567614793777466
            ]
          }
        },
        "coplanar": false,
        "epsilon": 1e-9,
        "maxSeparatingGap": -0.011500002350658178,
        "toleranceOnly": false,
        "testedAxes": 17
      }
    },
    {
      "names": [
        "Drive_FrontSupport",
        "Drive_FrontScrewPedestal"
      ],
      "groups": [
        "固定机体",
        "固定机体"
      ],
      "unfold": 0,
      "state": {
        "label": "full wing conversion",
        "wing": 0,
        "fold": [
          0,
          0.25,
          0.75,
          1
        ],
        "phase": [
          0,
          0,
          0,
          0
        ]
      },
      "surface": true,
      "contained": 0,
      "witness": {
        "meshA": "Drive_FrontSupport",
        "meshB": "Drive_FrontScrewPedestal",
        "triangleA": {
          "triangleIndex": 25,
          "vertexIndices": [
            19,
            15,
            21
          ],
          "vertices": [
            [
              -0.07239998783032194,
              0.05094975287463055,
              -0.8349497403562687
            ],
            [
              0.07239999166568416,
              0.05094974424387072,
              -0.834949718779399
            ],
            [
              0.07239999171487897,
              0.04949999719513847,
              -0.8360621492956181
            ]
          ],
          "bounds": {
            "min": [
              -0.07239998783032194,
              0.04949999719513847,
              -0.8360621492956181
            ],
            "max": [
              0.07239999171487897,
              0.05094975287463055,
              -0.834949718779399
            ]
          }
        },
        "triangleB": {
          "triangleIndex": 103,
          "vertexIndices": [
            69,
            73,
            67
          ],
          "vertices": [
            [
              0.007794227989006114,
              0.060400000773370266,
              -0.8344999837983774
            ],
            [
              0.007794227989006114,
              0.046600000001490116,
              -0.8344999837983774
            ],
            [
              0.006363959892297391,
              0.046600000001490116,
              -0.836363944315707
            ]
          ],
          "bounds": {
            "min": [
              0.006363959892297391,
              0.046600000001490116,
              -0.836363944315707
            ],
            "max": [
              0.007794227989006114,
              0.060400000773370266,
              -0.8344999837983774
            ]
          }
        },
        "coplanar": false,
        "epsilon": 1e-9,
        "maxSeparatingGap": -0.0008192576362927459,
        "toleranceOnly": false,
        "testedAxes": 17
      }
    },
    {
      "names": [
        "Drive_FrontSupport",
        "Drive_FrontGuidePedestal_L"
      ],
      "groups": [
        "固定机体",
        "固定机体"
      ],
      "unfold": 0,
      "state": {
        "label": "full wing conversion",
        "wing": 0,
        "fold": [
          0,
          0.25,
          0.75,
          1
        ],
        "phase": [
          0,
          0,
          0,
          0
        ]
      },
      "surface": true,
      "contained": 0,
      "witness": {
        "meshA": "Drive_FrontSupport",
        "meshB": "Drive_FrontGuidePedestal_L",
        "triangleA": {
          "triangleIndex": 25,
          "vertexIndices": [
            19,
            15,
            21
          ],
          "vertices": [
            [
              -0.07239998783032194,
              0.05094975287463055,
              -0.8349497403562687
            ],
            [
              0.07239999166568416,
              0.05094974424387072,
              -0.834949718779399
            ],
            [
              0.07239999171487897,
              0.04949999719513847,
              -0.8360621492956181
            ]
          ],
          "bounds": {
            "min": [
              -0.07239998783032194,
              0.04949999719513847,
              -0.8360621492956181
            ],
            "max": [
              0.07239999171487897,
              0.05094975287463055,
              -0.834949718779399
            ]
          }
        },
        "triangleB": {
          "triangleIndex": 95,
          "vertexIndices": [
            67,
            65,
            63
          ],
          "vertices": [
            [
              -0.04005025463609985,
              0.046600000001490116,
              -0.8349497313281803
            ],
            [
              -0.041500002210078366,
              0.046600000001490116,
              -0.8360621615578823
            ],
            [
              -0.04005025463609985,
              0.053400001488626,
              -0.8349497313281803
            ]
          ],
          "bounds": {
            "min": [
              -0.041500002210078366,
              0.046600000001490116,
              -0.8360621615578823
            ],
            "max": [
              -0.04005025463609985,
              0.053400001488626,
              -0.8349497313281803
            ]
          }
        },
        "coplanar": false,
        "epsilon": 1e-9,
        "maxSeparatingGap": -0.00024852474320984503,
        "toleranceOnly": false,
        "testedAxes": 17
      }
    },
    {
      "names": [
        "Drive_FrontSupport",
        "Drive_FrontGuideSeat_L"
      ],
      "groups": [
        "固定机体",
        "固定机体"
      ],
      "unfold": 0,
      "state": {
        "label": "full wing conversion",
        "wing": 0,
        "fold": [
          0,
          0.25,
          0.75,
          1
        ],
        "phase": [
          0,
          0,
          0,
          0
        ]
      },
      "surface": true,
      "contained": 0,
      "witness": {
        "meshA": "Drive_FrontSupport",
        "meshB": "Drive_FrontGuideSeat_L",
        "triangleA": {
          "triangleIndex": 25,
          "vertexIndices": [
            19,
            15,
            21
          ],
          "vertices": [
            [
              -0.07239998783032194,
              0.05094975287463055,
              -0.8349497403562687
            ],
            [
              0.07239999166568416,
              0.05094974424387072,
              -0.834949718779399
            ],
            [
              0.07239999171487897,
              0.04949999719513847,
              -0.8360621492956181
            ]
          ],
          "bounds": {
            "min": [
              -0.07239998783032194,
              0.04949999719513847,
              -0.8360621492956181
            ],
            "max": [
              0.07239999171487897,
              0.05094975287463055,
              -0.834949718779399
            ]
          }
        },
        "triangleB": {
          "triangleIndex": 47,
          "vertexIndices": [
            23,
            28,
            24
          ],
          "vertices": [
            [
              -0.03700000047683716,
              0.0511435903608799,
              -0.8184999823570251
            ],
            [
              -0.03952767699956894,
              0.049964915961027145,
              -0.8414999842643738
            ],
            [
              -0.03700000047683716,
              0.0511435903608799,
              -0.8414999842643738
            ]
          ],
          "bounds": {
            "min": [
              -0.03952767699956894,
              0.049964915961027145,
              -0.8414999842643738
            ],
            "max": [
              -0.03700000047683716,
              0.0511435903608799,
              -0.8184999823570251
            ]
          }
        },
        "coplanar": false,
        "epsilon": 1e-9,
        "maxSeparatingGap": -0.0005482391518944192,
        "toleranceOnly": false,
        "testedAxes": 17
      }
    },
    {
      "names": [
        "Drive_FrontSupport",
        "Drive_FrontGuidePedestal_R"
      ],
      "groups": [
        "固定机体",
        "固定机体"
      ],
      "unfold": 0,
      "state": {
        "label": "full wing conversion",
        "wing": 0,
        "fold": [
          0,
          0.25,
          0.75,
          1
        ],
        "phase": [
          0,
          0,
          0,
          0
        ]
      },
      "surface": true,
      "contained": 0,
      "witness": {
        "meshA": "Drive_FrontSupport",
        "meshB": "Drive_FrontGuidePedestal_R",
        "triangleA": {
          "triangleIndex": 25,
          "vertexIndices": [
            19,
            15,
            21
          ],
          "vertices": [
            [
              -0.07239998783032194,
              0.05094975287463055,
              -0.8349497403562687
            ],
            [
              0.07239999166568416,
              0.05094974424387072,
              -0.834949718779399
            ],
            [
              0.07239999171487897,
              0.04949999719513847,
              -0.8360621492956181
            ]
          ],
          "bounds": {
            "min": [
              -0.07239998783032194,
              0.04949999719513847,
              -0.8360621492956181
            ],
            "max": [
              0.07239999171487897,
              0.05094975287463055,
              -0.834949718779399
            ]
          }
        },
        "triangleB": {
          "triangleIndex": 97,
          "vertexIndices": [
            67,
            63,
            69
          ],
          "vertices": [
            [
              0.04994974894017884,
              0.046600000001490116,
              -0.8349497313281803
            ],
            [
              0.04994974894017884,
              0.053400001488626,
              -0.8349497313281803
            ],
            [
              0.05106217942336271,
              0.053400001488626,
              -0.8334999839487053
            ]
          ],
          "bounds": {
            "min": [
              0.04994974894017884,
              0.046600000001490116,
              -0.8349497313281803
            ],
            "max": [
              0.05106217942336271,
              0.053400001488626,
              -0.8334999839487053
            ]
          }
        },
        "coplanar": false,
        "epsilon": 1e-9,
        "maxSeparatingGap": -9.203435732791123e-9,
        "toleranceOnly": false,
        "testedAxes": 17
      }
    },
    {
      "names": [
        "Drive_FrontSupport",
        "Drive_FrontGuideSeat_R"
      ],
      "groups": [
        "固定机体",
        "固定机体"
      ],
      "unfold": 0,
      "state": {
        "label": "full wing conversion",
        "wing": 0,
        "fold": [
          0,
          0.25,
          0.75,
          1
        ],
        "phase": [
          0,
          0,
          0,
          0
        ]
      },
      "surface": true,
      "contained": 0,
      "witness": {
        "meshA": "Drive_FrontSupport",
        "meshB": "Drive_FrontGuideSeat_R",
        "triangleA": {
          "triangleIndex": 25,
          "vertexIndices": [
            19,
            15,
            21
          ],
          "vertices": [
            [
              -0.07239998783032194,
              0.05094975287463055,
              -0.8349497403562687
            ],
            [
              0.07239999166568416,
              0.05094974424387072,
              -0.834949718779399
            ],
            [
              0.07239999171487897,
              0.04949999719513847,
              -0.8360621492956181
            ]
          ],
          "bounds": {
            "min": [
              -0.07239998783032194,
              0.04949999719513847,
              -0.8360621492956181
            ],
            "max": [
              0.07239999171487897,
              0.05094975287463055,
              -0.834949718779399
            ]
          }
        },
        "triangleB": {
          "triangleIndex": 46,
          "vertexIndices": [
            23,
            27,
            28
          ],
          "vertices": [
            [
              0.05300000309944153,
              0.0511435903608799,
              -0.8184999823570251
            ],
            [
              0.05047232657670975,
              0.049964915961027145,
              -0.8184999823570251
            ],
            [
              0.05047232657670975,
              0.049964915961027145,
              -0.8414999842643738
            ]
          ],
          "bounds": {
            "min": [
              0.05047232657670975,
              0.049964915961027145,
              -0.8414999842643738
            ],
            "max": [
              0.05300000309944153,
              0.0511435903608799,
              -0.8184999823570251
            ]
          }
        },
        "coplanar": false,
        "epsilon": 1e-9,
        "maxSeparatingGap": -0.0005378414167950724,
        "toleranceOnly": false,
        "testedAxes": 17
      }
    },
    {
      "names": [
        "Drive_FrontSupport",
        "Drive_FrontFoot_L"
      ],
      "groups": [
        "固定机体",
        "固定机体"
      ],
      "unfold": 0,
      "state": {
        "label": "full wing conversion",
        "wing": 0,
        "fold": [
          0,
          0.25,
          0.75,
          1
        ],
        "phase": [
          0,
          0,
          0,
          0
        ]
      },
      "surface": true,
      "contained": 0,
      "witness": {
        "meshA": "Drive_FrontSupport",
        "meshB": "Drive_FrontFoot_L",
        "triangleA": {
          "triangleIndex": 25,
          "vertexIndices": [
            19,
            15,
            21
          ],
          "vertices": [
            [
              -0.07239998783032194,
              0.05094975287463055,
              -0.8349497403562687
            ],
            [
              0.07239999166568416,
              0.05094974424387072,
              -0.834949718779399
            ],
            [
              0.07239999171487897,
              0.04949999719513847,
              -0.8360621492956181
            ]
          ],
          "bounds": {
            "min": [
              -0.07239998783032194,
              0.04949999719513847,
              -0.8360621492956181
            ],
            "max": [
              0.07239999171487897,
              0.05094975287463055,
              -0.834949718779399
            ]
          }
        },
        "triangleB": {
          "triangleIndex": 16,
          "vertexIndices": [
            32,
            33,
            34
          ],
          "vertices": [
            [
              -0.06750000268220901,
              -0.05788235738873482,
              -0.8360621929168701
            ],
            [
              -0.06894974410533905,
              -0.05780835822224617,
              -0.8349497318267822
            ],
            [
              -0.06894974410533905,
              0.050999999046325684,
              -0.8349497318267822
            ]
          ],
          "bounds": {
            "min": [
              -0.06894974410533905,
              -0.05788235738873482,
              -0.8360621929168701
            ],
            "max": [
              -0.06750000268220901,
              0.050999999046325684,
              -0.8349497318267822
            ]
          }
        },
        "coplanar": false,
        "epsilon": 1e-9,
        "maxSeparatingGap": -5.053302422272643e-7,
        "toleranceOnly": false,
        "testedAxes": 17
      }
    },
    {
      "names": [
        "Drive_FrontSupport",
        "Drive_FrontFoot_R"
      ],
      "groups": [
        "固定机体",
        "固定机体"
      ],
      "unfold": 0,
      "state": {
        "label": "full wing conversion",
        "wing": 0,
        "fold": [
          0,
          0.25,
          0.75,
          1
        ],
        "phase": [
          0,
          0,
          0,
          0
        ]
      },
      "surface": true,
      "contained": 0,
      "witness": {
        "meshA": "Drive_FrontSupport",
        "meshB": "Drive_FrontFoot_R",
        "triangleA": {
          "triangleIndex": 25,
          "vertexIndices": [
            19,
            15,
            21
          ],
          "vertices": [
            [
              -0.07239998783032194,
              0.05094975287463055,
              -0.8349497403562687
            ],
            [
              0.07239999166568416,
              0.05094974424387072,
              -0.834949718779399
            ],
            [
              0.07239999171487897,
              0.04949999719513847,
              -0.8360621492956181
            ]
          ],
          "bounds": {
            "min": [
              -0.07239998783032194,
              0.04949999719513847,
              -0.8360621492956181
            ],
            "max": [
              0.07239999171487897,
              0.05094975287463055,
              -0.834949718779399
            ]
          }
        },
        "triangleB": {
          "triangleIndex": 4,
          "vertexIndices": [
            8,
            9,
            10
          ],
          "vertices": [
            [
              0.07006217539310455,
              -0.05779263749718666,
              -0.8335000276565552
            ],
            [
              0.06894974410533905,
              -0.0578051395714283,
              -0.8349497318267822
            ],
            [
              0.06894974410533905,
              0.050999999046325684,
              -0.8349497318267822
            ]
          ],
          "bounds": {
            "min": [
              0.06894974410533905,
              -0.0578051395714283,
              -0.8349497318267822
            ],
            "max": [
              0.07006217539310455,
              0.050999999046325684,
              -0.8335000276565552
            ]
          }
        },
        "coplanar": false,
        "epsilon": 1e-9,
        "maxSeparatingGap": -1.2533256431308063e-8,
        "toleranceOnly": false,
        "testedAxes": 17
      }
    },
    {
      "names": [
        "Drive_FrontScrewPedestal",
        "Drive_FrontScrewBearing"
      ],
      "groups": [
        "固定机体",
        "固定机体"
      ],
      "unfold": 0,
      "state": {
        "label": "full wing conversion",
        "wing": 0,
        "fold": [
          0,
          0.25,
          0.75,
          1
        ],
        "phase": [
          0,
          0,
          0,
          0
        ]
      },
      "surface": true,
      "contained": 0,
      "witness": {
        "meshA": "Drive_FrontScrewPedestal",
        "meshB": "Drive_FrontScrewBearing",
        "triangleA": {
          "triangleIndex": 114,
          "vertexIndices": [
            77,
            79,
            81
          ],
          "vertices": [
            [
              0.008999999612569778,
              0.060400000773370266,
              -0.8299999840975044
            ],
            [
              0.008693332056195359,
              0.060400000773370266,
              -0.8276706126667919
            ],
            [
              0.008999999612569778,
              0.046600000001490116,
              -0.8299999840975044
            ]
          ],
          "bounds": {
            "min": [
              0.008693332056195359,
              0.046600000001490116,
              -0.8299999840975044
            ],
            "max": [
              0.008999999612569778,
              0.060400000773370266,
              -0.8276706126667919
            ]
          }
        },
        "triangleB": {
          "triangleIndex": 46,
          "vertexIndices": [
            23,
            27,
            28
          ],
          "vertices": [
            [
              0.010999999940395355,
              0.057947441935539246,
              -0.8174999952316284
            ],
            [
              0.007524443324655294,
              0.05632676184177399,
              -0.8174999952316284
            ],
            [
              0.007524443324655294,
              0.05632676184177399,
              -0.8424999713897705
            ]
          ],
          "bounds": {
            "min": [
              0.007524443324655294,
              0.05632676184177399,
              -0.8424999713897705
            ],
            "max": [
              0.010999999940395355,
              0.057947441935539246,
              -0.8174999952316284
            ]
          }
        },
        "coplanar": false,
        "epsilon": 1e-9,
        "maxSeparatingGap": -0.0007407584392581995,
        "toleranceOnly": false,
        "testedAxes": 17
      }
    },
    {
      "names": [
        "Drive_FrontGuidePedestal_L",
        "Drive_FrontGuideSeat_L"
      ],
      "groups": [
        "固定机体",
        "固定机体"
      ],
      "unfold": 0,
      "state": {
        "label": "full wing conversion",
        "wing": 0,
        "fold": [
          0,
          0.25,
          0.75,
          1
        ],
        "phase": [
          0,
          0,
          0,
          0
        ]
      },
      "surface": true,
      "contained": 0,
      "witness": {
        "meshA": "Drive_FrontGuidePedestal_L",
        "meshB": "Drive_FrontGuideSeat_L",
        "triangleA": {
          "triangleIndex": 131,
          "vertexIndices": [
            91,
            89,
            87
          ],
          "vertices": [
            [
              -0.040050253770658496,
              0.046600000001490116,
              -0.82505023615866
            ],
            [
              -0.03893782354095652,
              0.046600000001490116,
              -0.8264999837326384
            ],
            [
              -0.040050253770658496,
              0.053400001488626,
              -0.82505023615866
            ]
          ],
          "bounds": {
            "min": [
              -0.040050253770658496,
              0.046600000001490116,
              -0.8264999837326384
            ],
            "max": [
              -0.03893782354095652,
              0.053400001488626,
              -0.82505023615866
            ]
          }
        },
        "triangleB": {
          "triangleIndex": 46,
          "vertexIndices": [
            23,
            27,
            28
          ],
          "vertices": [
            [
              -0.03700000047683716,
              0.0511435903608799,
              -0.8184999823570251
            ],
            [
              -0.03952767699956894,
              0.049964915961027145,
              -0.8184999823570251
            ],
            [
              -0.03952767699956894,
              0.049964915961027145,
              -0.8414999842643738
            ]
          ],
          "bounds": {
            "min": [
              -0.03952767699956894,
              0.049964915961027145,
              -0.8414999842643738
            ],
            "max": [
              -0.03700000047683716,
              0.0511435903608799,
              -0.8184999823570251
            ]
          }
        },
        "coplanar": false,
        "epsilon": 1e-9,
        "maxSeparatingGap": -0.00003886137500719723,
        "toleranceOnly": false,
        "testedAxes": 17
      }
    },
    {
      "names": [
        "Drive_FrontGuideSeat_L",
        "Drive_GuideRail_L"
      ],
      "groups": [
        "固定机体",
        "固定机体"
      ],
      "unfold": 0,
      "state": {
        "label": "full wing conversion",
        "wing": 0,
        "fold": [
          0,
          0.25,
          0.75,
          1
        ],
        "phase": [
          0,
          0,
          0,
          0
        ]
      },
      "surface": true,
      "contained": 0,
      "witness": {
        "meshA": "Drive_FrontGuideSeat_L",
        "meshB": "Drive_GuideRail_L",
        "triangleA": {
          "triangleIndex": 279,
          "vertexIndices": [
            3,
            142,
            141
          ],
          "vertices": [
            [
              -0.03670000284910202,
              0.06499999761581421,
              -0.8184999823570251
            ],
            [
              -0.03682609647512436,
              0.06644127517938614,
              -0.8184999823570251
            ],
            [
              -0.03682609647512436,
              0.06644127517938614,
              -0.8414999842643738
            ]
          ],
          "bounds": {
            "min": [
              -0.03682609647512436,
              0.06499999761581421,
              -0.8414999842643738
            ],
            "max": [
              -0.03670000284910202,
              0.06644127517938614,
              -0.8184999823570251
            ]
          }
        },
        "triangleB": {
          "triangleIndex": 239,
          "vertexIndices": [
            264,
            266,
            267
          ],
          "vertices": [
            [
              -0.03658967046101255,
              0.06499999724864218,
              -0.8200878504614735
            ],
            [
              -0.037081884589667186,
              0.06712164578807138,
              -0.820000052798204
            ],
            [
              -0.036802564278473865,
              0.06499999725749332,
              -0.8200000528104134
            ]
          ],
          "bounds": {
            "min": [
              -0.037081884589667186,
              0.06499999724864218,
              -0.8200878504614735
            ],
            "max": [
              -0.03658967046101255,
              0.06712164578807138,
              -0.820000052798204
            ]
          }
        },
        "coplanar": false,
        "epsilon": 1e-9,
        "maxSeparatingGap": -0.00009351118138680878,
        "toleranceOnly": false,
        "testedAxes": 17
      }
    },
    {
      "names": [
        "Drive_FrontGuidePedestal_R",
        "Drive_FrontGuideSeat_R"
      ],
      "groups": [
        "固定机体",
        "固定机体"
      ],
      "unfold": 0,
      "state": {
        "label": "full wing conversion",
        "wing": 0,
        "fold": [
          0,
          0.25,
          0.75,
          1
        ],
        "phase": [
          0,
          0,
          0,
          0
        ]
      },
      "surface": true,
      "contained": 0,
      "witness": {
        "meshA": "Drive_FrontGuidePedestal_R",
        "meshB": "Drive_FrontGuideSeat_R",
        "triangleA": {
          "triangleIndex": 131,
          "vertexIndices": [
            91,
            89,
            87
          ],
          "vertices": [
            [
              0.04994974980562019,
              0.046600000001490116,
              -0.82505023615866
            ],
            [
              0.05106218003532217,
              0.046600000001490116,
              -0.8264999837326384
            ],
            [
              0.04994974980562019,
              0.053400001488626,
              -0.82505023615866
            ]
          ],
          "bounds": {
            "min": [
              0.04994974980562019,
              0.046600000001490116,
              -0.8264999837326384
            ],
            "max": [
              0.05106218003532217,
              0.053400001488626,
              -0.82505023615866
            ]
          }
        },
        "triangleB": {
          "triangleIndex": 46,
          "vertexIndices": [
            23,
            27,
            28
          ],
          "vertices": [
            [
              0.05300000309944153,
              0.0511435903608799,
              -0.8184999823570251
            ],
            [
              0.05047232657670975,
              0.049964915961027145,
              -0.8184999823570251
            ],
            [
              0.05047232657670975,
              0.049964915961027145,
              -0.8414999842643738
            ]
          ],
          "bounds": {
            "min": [
              0.05047232657670975,
              0.049964915961027145,
              -0.8414999842643738
            ],
            "max": [
              0.05300000309944153,
              0.0511435903608799,
              -0.8184999823570251
            ]
          }
        },
        "coplanar": false,
        "epsilon": 1e-9,
        "maxSeparatingGap": -0.00003886137500719723,
        "toleranceOnly": false,
        "testedAxes": 17
      }
    },
    {
      "names": [
        "Drive_FrontGuideSeat_R",
        "Drive_GuideRail_R"
      ],
      "groups": [
        "固定机体",
        "固定机体"
      ],
      "unfold": 0,
      "state": {
        "label": "full wing conversion",
        "wing": 0,
        "fold": [
          0,
          0.25,
          0.75,
          1
        ],
        "phase": [
          0,
          0,
          0,
          0
        ]
      },
      "surface": true,
      "contained": 0,
      "witness": {
        "meshA": "Drive_FrontGuideSeat_R",
        "meshB": "Drive_GuideRail_R",
        "triangleA": {
          "triangleIndex": 279,
          "vertexIndices": [
            3,
            142,
            141
          ],
          "vertices": [
            [
              0.053300000727176666,
              0.06499999761581421,
              -0.8184999823570251
            ],
            [
              0.05317390710115433,
              0.06644127517938614,
              -0.8184999823570251
            ],
            [
              0.05317390710115433,
              0.06644127517938614,
              -0.8414999842643738
            ]
          ],
          "bounds": {
            "min": [
              0.05317390710115433,
              0.06499999761581421,
              -0.8414999842643738
            ],
            "max": [
              0.053300000727176666,
              0.06644127517938614,
              -0.8184999823570251
            ]
          }
        },
        "triangleB": {
          "triangleIndex": 239,
          "vertexIndices": [
            264,
            266,
            267
          ],
          "vertices": [
            [
              0.053410333115266134,
              0.06499999724864218,
              -0.8200878504614735
            ],
            [
              0.0529181189866115,
              0.06712164578807138,
              -0.820000052798204
            ],
            [
              0.05319743929780482,
              0.06499999725749332,
              -0.8200000528104134
            ]
          ],
          "bounds": {
            "min": [
              0.0529181189866115,
              0.06499999724864218,
              -0.8200878504614735
            ],
            "max": [
              0.053410333115266134,
              0.06712164578807138,
              -0.820000052798204
            ]
          }
        },
        "coplanar": false,
        "epsilon": 1e-9,
        "maxSeparatingGap": -0.00009351118138680878,
        "toleranceOnly": false,
        "testedAxes": 17
      }
    },
    {
      "names": [
        "Drive_RearSupport",
        "Drive_RearScrewPedestal"
      ],
      "groups": [
        "固定机体",
        "固定机体"
      ],
      "unfold": 0,
      "state": {
        "label": "full wing conversion",
        "wing": 0,
        "fold": [
          0,
          0.25,
          0.75,
          1
        ],
        "phase": [
          0,
          0,
          0,
          0
        ]
      },
      "surface": true,
      "contained": 0,
      "witness": {
        "meshA": "Drive_RearSupport",
        "meshB": "Drive_RearScrewPedestal",
        "triangleA": {
          "triangleIndex": 25,
          "vertexIndices": [
            19,
            15,
            21
          ],
          "vertices": [
            [
              -0.07239998783032194,
              0.05094975287463055,
              -1.986949750369849
            ],
            [
              0.07239999166568416,
              0.05094974424387072,
              -1.9869497287929794
            ],
            [
              0.07239999171487897,
              0.04949999719513847,
              -1.9880621593091983
            ]
          ],
          "bounds": {
            "min": [
              -0.07239998783032194,
              0.04949999719513847,
              -1.9880621593091983
            ],
            "max": [
              0.07239999171487897,
              0.05094975287463055,
              -1.9869497287929794
            ]
          }
        },
        "triangleB": {
          "triangleIndex": 103,
          "vertexIndices": [
            69,
            73,
            67
          ],
          "vertices": [
            [
              0.007794227989006114,
              0.060400000773370266,
              -1.9864999938119579
            ],
            [
              0.007794227989006114,
              0.046600000001490116,
              -1.9864999938119579
            ],
            [
              0.006363959892297391,
              0.046600000001490116,
              -1.9883639543292873
            ]
          ],
          "bounds": {
            "min": [
              0.006363959892297391,
              0.046600000001490116,
              -1.9883639543292873
            ],
            "max": [
              0.007794227989006114,
              0.060400000773370266,
              -1.9864999938119579
            ]
          }
        },
        "coplanar": false,
        "epsilon": 1e-9,
        "maxSeparatingGap": -0.0008192576362927071,
        "toleranceOnly": false,
        "testedAxes": 17
      }
    },
    {
      "names": [
        "Drive_RearSupport",
        "Drive_RearGuidePedestal_L"
      ],
      "groups": [
        "固定机体",
        "固定机体"
      ],
      "unfold": 0,
      "state": {
        "label": "full wing conversion",
        "wing": 0,
        "fold": [
          0,
          0.25,
          0.75,
          1
        ],
        "phase": [
          0,
          0,
          0,
          0
        ]
      },
      "surface": true,
      "contained": 0,
      "witness": {
        "meshA": "Drive_RearSupport",
        "meshB": "Drive_RearGuidePedestal_L",
        "triangleA": {
          "triangleIndex": 25,
          "vertexIndices": [
            19,
            15,
            21
          ],
          "vertices": [
            [
              -0.07239998783032194,
              0.05094975287463055,
              -1.986949750369849
            ],
            [
              0.07239999166568416,
              0.05094974424387072,
              -1.9869497287929794
            ],
            [
              0.07239999171487897,
              0.04949999719513847,
              -1.9880621593091983
            ]
          ],
          "bounds": {
            "min": [
              -0.07239998783032194,
              0.04949999719513847,
              -1.9880621593091983
            ],
            "max": [
              0.07239999171487897,
              0.05094975287463055,
              -1.9869497287929794
            ]
          }
        },
        "triangleB": {
          "triangleIndex": 95,
          "vertexIndices": [
            67,
            65,
            63
          ],
          "vertices": [
            [
              -0.04005025463609985,
              0.046600000001490116,
              -1.9869497413417607
            ],
            [
              -0.041500002210078366,
              0.046600000001490116,
              -1.9880621715714626
            ],
            [
              -0.04005025463609985,
              0.053400001488626,
              -1.9869497413417607
            ]
          ],
          "bounds": {
            "min": [
              -0.041500002210078366,
              0.046600000001490116,
              -1.9880621715714626
            ],
            "max": [
              -0.04005025463609985,
              0.053400001488626,
              -1.9869497413417607
            ]
          }
        },
        "coplanar": false,
        "epsilon": 1e-9,
        "maxSeparatingGap": -0.00024852474320970924,
        "toleranceOnly": false,
        "testedAxes": 17
      }
    },
    {
      "names": [
        "Drive_RearSupport",
        "Drive_RearGuideSeat_L"
      ],
      "groups": [
        "固定机体",
        "固定机体"
      ],
      "unfold": 0,
      "state": {
        "label": "full wing conversion",
        "wing": 0,
        "fold": [
          0,
          0.25,
          0.75,
          1
        ],
        "phase": [
          0,
          0,
          0,
          0
        ]
      },
      "surface": true,
      "contained": 0,
      "witness": {
        "meshA": "Drive_RearSupport",
        "meshB": "Drive_RearGuideSeat_L",
        "triangleA": {
          "triangleIndex": 25,
          "vertexIndices": [
            19,
            15,
            21
          ],
          "vertices": [
            [
              -0.07239998783032194,
              0.05094975287463055,
              -1.986949750369849
            ],
            [
              0.07239999166568416,
              0.05094974424387072,
              -1.9869497287929794
            ],
            [
              0.07239999171487897,
              0.04949999719513847,
              -1.9880621593091983
            ]
          ],
          "bounds": {
            "min": [
              -0.07239998783032194,
              0.04949999719513847,
              -1.9880621593091983
            ],
            "max": [
              0.07239999171487897,
              0.05094975287463055,
              -1.9869497287929794
            ]
          }
        },
        "triangleB": {
          "triangleIndex": 47,
          "vertexIndices": [
            23,
            28,
            24
          ],
          "vertices": [
            [
              -0.03700000047683716,
              0.0511435903608799,
              -1.9704999923706055
            ],
            [
              -0.03952767699956894,
              0.049964915961027145,
              -1.993499994277954
            ],
            [
              -0.03700000047683716,
              0.0511435903608799,
              -1.993499994277954
            ]
          ],
          "bounds": {
            "min": [
              -0.03952767699956894,
              0.049964915961027145,
              -1.993499994277954
            ],
            "max": [
              -0.03700000047683716,
              0.0511435903608799,
              -1.9704999923706055
            ]
          }
        },
        "coplanar": false,
        "epsilon": 1e-9,
        "maxSeparatingGap": -0.0005482391518944192,
        "toleranceOnly": false,
        "testedAxes": 17
      }
    },
    {
      "names": [
        "Drive_RearSupport",
        "Drive_RearGuidePedestal_R"
      ],
      "groups": [
        "固定机体",
        "固定机体"
      ],
      "unfold": 0,
      "state": {
        "label": "full wing conversion",
        "wing": 0,
        "fold": [
          0,
          0.25,
          0.75,
          1
        ],
        "phase": [
          0,
          0,
          0,
          0
        ]
      },
      "surface": true,
      "contained": 0,
      "witness": {
        "meshA": "Drive_RearSupport",
        "meshB": "Drive_RearGuidePedestal_R",
        "triangleA": {
          "triangleIndex": 25,
          "vertexIndices": [
            19,
            15,
            21
          ],
          "vertices": [
            [
              -0.07239998783032194,
              0.05094975287463055,
              -1.986949750369849
            ],
            [
              0.07239999166568416,
              0.05094974424387072,
              -1.9869497287929794
            ],
            [
              0.07239999171487897,
              0.04949999719513847,
              -1.9880621593091983
            ]
          ],
          "bounds": {
            "min": [
              -0.07239998783032194,
              0.04949999719513847,
              -1.9880621593091983
            ],
            "max": [
              0.07239999171487897,
              0.05094975287463055,
              -1.9869497287929794
            ]
          }
        },
        "triangleB": {
          "triangleIndex": 97,
          "vertexIndices": [
            67,
            63,
            69
          ],
          "vertices": [
            [
              0.04994974894017884,
              0.046600000001490116,
              -1.9869497413417607
            ],
            [
              0.04994974894017884,
              0.053400001488626,
              -1.9869497413417607
            ],
            [
              0.05106217942336271,
              0.053400001488626,
              -1.9854999939622857
            ]
          ],
          "bounds": {
            "min": [
              0.04994974894017884,
              0.046600000001490116,
              -1.9869497413417607
            ],
            "max": [
              0.05106217942336271,
              0.053400001488626,
              -1.9854999939622857
            ]
          }
        },
        "coplanar": false,
        "epsilon": 1e-9,
        "maxSeparatingGap": -9.203435843813426e-9,
        "toleranceOnly": false,
        "testedAxes": 17
      }
    },
    {
      "names": [
        "Drive_RearSupport",
        "Drive_RearGuideSeat_R"
      ],
      "groups": [
        "固定机体",
        "固定机体"
      ],
      "unfold": 0,
      "state": {
        "label": "full wing conversion",
        "wing": 0,
        "fold": [
          0,
          0.25,
          0.75,
          1
        ],
        "phase": [
          0,
          0,
          0,
          0
        ]
      },
      "surface": true,
      "contained": 0,
      "witness": {
        "meshA": "Drive_RearSupport",
        "meshB": "Drive_RearGuideSeat_R",
        "triangleA": {
          "triangleIndex": 25,
          "vertexIndices": [
            19,
            15,
            21
          ],
          "vertices": [
            [
              -0.07239998783032194,
              0.05094975287463055,
              -1.986949750369849
            ],
            [
              0.07239999166568416,
              0.05094974424387072,
              -1.9869497287929794
            ],
            [
              0.07239999171487897,
              0.04949999719513847,
              -1.9880621593091983
            ]
          ],
          "bounds": {
            "min": [
              -0.07239998783032194,
              0.04949999719513847,
              -1.9880621593091983
            ],
            "max": [
              0.07239999171487897,
              0.05094975287463055,
              -1.9869497287929794
            ]
          }
        },
        "triangleB": {
          "triangleIndex": 46,
          "vertexIndices": [
            23,
            27,
            28
          ],
          "vertices": [
            [
              0.05300000309944153,
              0.0511435903608799,
              -1.9704999923706055
            ],
            [
              0.05047232657670975,
              0.049964915961027145,
              -1.9704999923706055
            ],
            [
              0.05047232657670975,
              0.049964915961027145,
              -1.993499994277954
            ]
          ],
          "bounds": {
            "min": [
              0.05047232657670975,
              0.049964915961027145,
              -1.993499994277954
            ],
            "max": [
              0.05300000309944153,
              0.0511435903608799,
              -1.9704999923706055
            ]
          }
        },
        "coplanar": false,
        "epsilon": 1e-9,
        "maxSeparatingGap": -0.0005378414167950777,
        "toleranceOnly": false,
        "testedAxes": 17
      }
    },
    {
      "names": [
        "Drive_RearSupport",
        "Drive_RearFoot_L"
      ],
      "groups": [
        "固定机体",
        "固定机体"
      ],
      "unfold": 0,
      "state": {
        "label": "full wing conversion",
        "wing": 0,
        "fold": [
          0,
          0.25,
          0.75,
          1
        ],
        "phase": [
          0,
          0,
          0,
          0
        ]
      },
      "surface": true,
      "contained": 0,
      "witness": {
        "meshA": "Drive_RearSupport",
        "meshB": "Drive_RearFoot_L",
        "triangleA": {
          "triangleIndex": 25,
          "vertexIndices": [
            19,
            15,
            21
          ],
          "vertices": [
            [
              -0.07239998783032194,
              0.05094975287463055,
              -1.986949750369849
            ],
            [
              0.07239999166568416,
              0.05094974424387072,
              -1.9869497287929794
            ],
            [
              0.07239999171487897,
              0.04949999719513847,
              -1.9880621593091983
            ]
          ],
          "bounds": {
            "min": [
              -0.07239998783032194,
              0.04949999719513847,
              -1.9880621593091983
            ],
            "max": [
              0.07239999171487897,
              0.05094975287463055,
              -1.9869497287929794
            ]
          }
        },
        "triangleB": {
          "triangleIndex": 16,
          "vertexIndices": [
            32,
            33,
            34
          ],
          "vertices": [
            [
              -0.06750000268220901,
              0.029446711763739586,
              -1.9880621433258057
            ],
            [
              -0.06894974410533905,
              0.029881982132792473,
              -1.9869498014450073
            ],
            [
              -0.06894974410533905,
              0.050999999046325684,
              -1.9869498014450073
            ]
          ],
          "bounds": {
            "min": [
              -0.06894974410533905,
              0.029446711763739586,
              -1.9880621433258057
            ],
            "max": [
              -0.06750000268220901,
              0.050999999046325684,
              -1.9869498014450073
            ]
          }
        },
        "coplanar": false,
        "epsilon": 1e-9,
        "maxSeparatingGap": -0.000002641235968423934,
        "toleranceOnly": false,
        "testedAxes": 17
      }
    },
    {
      "names": [
        "Drive_RearSupport",
        "Drive_RearFoot_R"
      ],
      "groups": [
        "固定机体",
        "固定机体"
      ],
      "unfold": 0,
      "state": {
        "label": "full wing conversion",
        "wing": 0,
        "fold": [
          0,
          0.25,
          0.75,
          1
        ],
        "phase": [
          0,
          0,
          0,
          0
        ]
      },
      "surface": true,
      "contained": 0,
      "witness": {
        "meshA": "Drive_RearSupport",
        "meshB": "Drive_RearFoot_R",
        "triangleA": {
          "triangleIndex": 25,
          "vertexIndices": [
            19,
            15,
            21
          ],
          "vertices": [
            [
              -0.07239998783032194,
              0.05094975287463055,
              -1.986949750369849
            ],
            [
              0.07239999166568416,
              0.05094974424387072,
              -1.9869497287929794
            ],
            [
              0.07239999171487897,
              0.04949999719513847,
              -1.9880621593091983
            ]
          ],
          "bounds": {
            "min": [
              -0.07239998783032194,
              0.04949999719513847,
              -1.9880621593091983
            ],
            "max": [
              0.07239999171487897,
              0.05094975287463055,
              -1.9869497287929794
            ]
          }
        },
        "triangleB": {
          "triangleIndex": 6,
          "vertexIndices": [
            12,
            13,
            14
          ],
          "vertices": [
            [
              0.06894974410533905,
              0.029879653826355934,
              -1.9869498014450073
            ],
            [
              0.06750000268220901,
              0.029443977400660515,
              -1.9880621433258057
            ],
            [
              0.06750000268220901,
              0.050999999046325684,
              -1.9880621433258057
            ]
          ],
          "bounds": {
            "min": [
              0.06750000268220901,
              0.029443977400660515,
              -1.9880621433258057
            ],
            "max": [
              0.06894974410533905,
              0.050999999046325684,
              -1.9869498014450073
            ]
          }
        },
        "coplanar": false,
        "epsilon": 1e-9,
        "maxSeparatingGap": -0.00003954983601145456,
        "toleranceOnly": false,
        "testedAxes": 17
      }
    },
    {
      "names": [
        "Drive_RearScrewPedestal",
        "Drive_RearScrewBearing"
      ],
      "groups": [
        "固定机体",
        "固定机体"
      ],
      "unfold": 0,
      "state": {
        "label": "full wing conversion",
        "wing": 0,
        "fold": [
          0,
          0.25,
          0.75,
          1
        ],
        "phase": [
          0,
          0,
          0,
          0
        ]
      },
      "surface": true,
      "contained": 0,
      "witness": {
        "meshA": "Drive_RearScrewPedestal",
        "meshB": "Drive_RearScrewBearing",
        "triangleA": {
          "triangleIndex": 114,
          "vertexIndices": [
            77,
            79,
            81
          ],
          "vertices": [
            [
              0.008999999612569778,
              0.060400000773370266,
              -1.9819999941110849
            ],
            [
              0.008693332056195359,
              0.060400000773370266,
              -1.9796706226803722
            ],
            [
              0.008999999612569778,
              0.046600000001490116,
              -1.9819999941110849
            ]
          ],
          "bounds": {
            "min": [
              0.008693332056195359,
              0.046600000001490116,
              -1.9819999941110849
            ],
            "max": [
              0.008999999612569778,
              0.060400000773370266,
              -1.9796706226803722
            ]
          }
        },
        "triangleB": {
          "triangleIndex": 46,
          "vertexIndices": [
            23,
            27,
            28
          ],
          "vertices": [
            [
              0.010999999940395355,
              0.057947441935539246,
              -1.969499945640564
            ],
            [
              0.007524443324655294,
              0.05632676184177399,
              -1.969499945640564
            ],
            [
              0.007524443324655294,
              0.05632676184177399,
              -1.9945000410079956
            ]
          ],
          "bounds": {
            "min": [
              0.007524443324655294,
              0.05632676184177399,
              -1.9945000410079956
            ],
            "max": [
              0.010999999940395355,
              0.057947441935539246,
              -1.969499945640564
            ]
          }
        },
        "coplanar": false,
        "epsilon": 1e-9,
        "maxSeparatingGap": -0.0007407573091628207,
        "toleranceOnly": false,
        "testedAxes": 17
      }
    },
    {
      "names": [
        "Drive_RearGuidePedestal_L",
        "Drive_RearGuideSeat_L"
      ],
      "groups": [
        "固定机体",
        "固定机体"
      ],
      "unfold": 0,
      "state": {
        "label": "full wing conversion",
        "wing": 0,
        "fold": [
          0,
          0.25,
          0.75,
          1
        ],
        "phase": [
          0,
          0,
          0,
          0
        ]
      },
      "surface": true,
      "contained": 0,
      "witness": {
        "meshA": "Drive_RearGuidePedestal_L",
        "meshB": "Drive_RearGuideSeat_L",
        "triangleA": {
          "triangleIndex": 131,
          "vertexIndices": [
            91,
            89,
            87
          ],
          "vertices": [
            [
              -0.040050253770658496,
              0.046600000001490116,
              -1.9770502461722403
            ],
            [
              -0.03893782354095652,
              0.046600000001490116,
              -1.9784999937462189
            ],
            [
              -0.040050253770658496,
              0.053400001488626,
              -1.9770502461722403
            ]
          ],
          "bounds": {
            "min": [
              -0.040050253770658496,
              0.046600000001490116,
              -1.9784999937462189
            ],
            "max": [
              -0.03893782354095652,
              0.053400001488626,
              -1.9770502461722403
            ]
          }
        },
        "triangleB": {
          "triangleIndex": 46,
          "vertexIndices": [
            23,
            27,
            28
          ],
          "vertices": [
            [
              -0.03700000047683716,
              0.0511435903608799,
              -1.9704999923706055
            ],
            [
              -0.03952767699956894,
              0.049964915961027145,
              -1.9704999923706055
            ],
            [
              -0.03952767699956894,
              0.049964915961027145,
              -1.993499994277954
            ]
          ],
          "bounds": {
            "min": [
              -0.03952767699956894,
              0.049964915961027145,
              -1.993499994277954
            ],
            "max": [
              -0.03700000047683716,
              0.0511435903608799,
              -1.9704999923706055
            ]
          }
        },
        "coplanar": false,
        "epsilon": 1e-9,
        "maxSeparatingGap": -0.00003886137500719723,
        "toleranceOnly": false,
        "testedAxes": 17
      }
    },
    {
      "names": [
        "Drive_RearGuideSeat_L",
        "Drive_GuideRail_L"
      ],
      "groups": [
        "固定机体",
        "固定机体"
      ],
      "unfold": 0,
      "state": {
        "label": "full wing conversion",
        "wing": 0,
        "fold": [
          0,
          0.25,
          0.75,
          1
        ],
        "phase": [
          0,
          0,
          0,
          0
        ]
      },
      "surface": true,
      "contained": 0,
      "witness": {
        "meshA": "Drive_RearGuideSeat_L",
        "meshB": "Drive_GuideRail_L",
        "triangleA": {
          "triangleIndex": 141,
          "vertexIndices": [
            71,
            74,
            75
          ],
          "vertices": [
            [
              -0.06100000441074371,
              0.06499999761581421,
              -1.9704999923706055
            ],
            [
              -0.053300000727176666,
              0.06499999761581421,
              -1.9704999923706055
            ],
            [
              -0.060756925493478775,
              0.06777837127447128,
              -1.9704999923706055
            ]
          ],
          "bounds": {
            "min": [
              -0.06100000441074371,
              0.06499999761581421,
              -1.9704999923706055
            ],
            "max": [
              -0.053300000727176666,
              0.06777837127447128,
              -1.9704999923706055
            ]
          }
        },
        "triangleB": {
          "triangleIndex": 42,
          "vertexIndices": [
            29,
            31,
            33
          ],
          "vertices": [
            [
              -0.05350002785182955,
              0.06499999798736167,
              -1.9916999932388295
            ],
            [
              -0.05321039780315842,
              0.06280003593801739,
              -1.9916999932514896
            ],
            [
              -0.05349997664832079,
              0.06499999798736036,
              -0.820300042257701
            ]
          ],
          "bounds": {
            "min": [
              -0.05350002785182955,
              0.06280003593801739,
              -1.9916999932514896
            ],
            "max": [
              -0.05321039780315842,
              0.06499999798736167,
              -0.820300042257701
            ]
          }
        },
        "coplanar": false,
        "epsilon": 1e-9,
        "maxSeparatingGap": -3.715474358565956e-10,
        "toleranceOnly": false,
        "testedAxes": 17
      }
    },
    {
      "names": [
        "Drive_RearGuidePedestal_R",
        "Drive_RearGuideSeat_R"
      ],
      "groups": [
        "固定机体",
        "固定机体"
      ],
      "unfold": 0,
      "state": {
        "label": "full wing conversion",
        "wing": 0,
        "fold": [
          0,
          0.25,
          0.75,
          1
        ],
        "phase": [
          0,
          0,
          0,
          0
        ]
      },
      "surface": true,
      "contained": 0,
      "witness": {
        "meshA": "Drive_RearGuidePedestal_R",
        "meshB": "Drive_RearGuideSeat_R",
        "triangleA": {
          "triangleIndex": 131,
          "vertexIndices": [
            91,
            89,
            87
          ],
          "vertices": [
            [
              0.04994974980562019,
              0.046600000001490116,
              -1.9770502461722403
            ],
            [
              0.05106218003532217,
              0.046600000001490116,
              -1.9784999937462189
            ],
            [
              0.04994974980562019,
              0.053400001488626,
              -1.9770502461722403
            ]
          ],
          "bounds": {
            "min": [
              0.04994974980562019,
              0.046600000001490116,
              -1.9784999937462189
            ],
            "max": [
              0.05106218003532217,
              0.053400001488626,
              -1.9770502461722403
            ]
          }
        },
        "triangleB": {
          "triangleIndex": 46,
          "vertexIndices": [
            23,
            27,
            28
          ],
          "vertices": [
            [
              0.05300000309944153,
              0.0511435903608799,
              -1.9704999923706055
            ],
            [
              0.05047232657670975,
              0.049964915961027145,
              -1.9704999923706055
            ],
            [
              0.05047232657670975,
              0.049964915961027145,
              -1.993499994277954
            ]
          ],
          "bounds": {
            "min": [
              0.05047232657670975,
              0.049964915961027145,
              -1.993499994277954
            ],
            "max": [
              0.05300000309944153,
              0.0511435903608799,
              -1.9704999923706055
            ]
          }
        },
        "coplanar": false,
        "epsilon": 1e-9,
        "maxSeparatingGap": -0.00003886137500719723,
        "toleranceOnly": false,
        "testedAxes": 17
      }
    },
    {
      "names": [
        "Drive_RearGuideSeat_R",
        "Drive_GuideRail_R"
      ],
      "groups": [
        "固定机体",
        "固定机体"
      ],
      "unfold": 0,
      "state": {
        "label": "full wing conversion",
        "wing": 0,
        "fold": [
          0,
          0.25,
          0.75,
          1
        ],
        "phase": [
          0,
          0,
          0,
          0
        ]
      },
      "surface": true,
      "contained": 0,
      "witness": {
        "meshA": "Drive_RearGuideSeat_R",
        "meshB": "Drive_GuideRail_R",
        "triangleA": {
          "triangleIndex": 141,
          "vertexIndices": [
            71,
            74,
            75
          ],
          "vertices": [
            [
              0.029000001028180122,
              0.06499999761581421,
              -1.9704999923706055
            ],
            [
              0.03670000284910202,
              0.06499999761581421,
              -1.9704999923706055
            ],
            [
              0.02924307808279991,
              0.06777837127447128,
              -1.9704999923706055
            ]
          ],
          "bounds": {
            "min": [
              0.029000001028180122,
              0.06499999761581421,
              -1.9704999923706055
            ],
            "max": [
              0.03670000284910202,
              0.06777837127447128,
              -1.9704999923706055
            ]
          }
        },
        "triangleB": {
          "triangleIndex": 42,
          "vertexIndices": [
            29,
            31,
            33
          ],
          "vertices": [
            [
              0.03649997572444914,
              0.06499999798736167,
              -1.9916999932388295
            ],
            [
              0.036789605773120265,
              0.06280003593801739,
              -1.9916999932514896
            ],
            [
              0.036500026927957896,
              0.06499999798736036,
              -0.820300042257701
            ]
          ],
          "bounds": {
            "min": [
              0.03649997572444914,
              0.06280003593801739,
              -1.9916999932514896
            ],
            "max": [
              0.036789605773120265,
              0.06499999798736167,
              -0.820300042257701
            ]
          }
        },
        "coplanar": false,
        "epsilon": 1e-9,
        "maxSeparatingGap": -3.715474358565956e-10,
        "toleranceOnly": false,
        "testedAxes": 17
      }
    },
    {
      "names": [
        "Drive_GuideRail_L",
        "Drive_FrontTravelStop_L"
      ],
      "groups": [
        "固定机体",
        "固定机体"
      ],
      "unfold": 0,
      "state": {
        "label": "full wing conversion",
        "wing": 0,
        "fold": [
          0,
          0.25,
          0.75,
          1
        ],
        "phase": [
          0,
          0,
          0,
          0
        ]
      },
      "surface": true,
      "contained": 0,
      "witness": {
        "meshA": "Drive_GuideRail_L",
        "meshB": "Drive_FrontTravelStop_L",
        "triangleA": {
          "triangleIndex": 42,
          "vertexIndices": [
            29,
            31,
            33
          ],
          "vertices": [
            [
              -0.05350002785182955,
              0.06499999798736167,
              -1.9916999932388295
            ],
            [
              -0.05321039780315842,
              0.06280003593801739,
              -1.9916999932514896
            ],
            [
              -0.05349997664832079,
              0.06499999798736036,
              -0.820300042257701
            ]
          ],
          "bounds": {
            "min": [
              -0.05350002785182955,
              0.06280003593801739,
              -1.9916999932514896
            ],
            "max": [
              -0.05321039780315842,
              0.06499999798736167,
              -0.820300042257701
            ]
          }
        },
        "triangleB": {
          "triangleIndex": 141,
          "vertexIndices": [
            71,
            74,
            75
          ],
          "vertices": [
            [
              -0.058000002056360245,
              0.06499999761581421,
              -0.969535231590271
            ],
            [
              -0.053300000727176666,
              0.06499999761581421,
              -0.969535231590271
            ],
            [
              -0.05780250206589699,
              0.06725742667913437,
              -0.969535231590271
            ]
          ],
          "bounds": {
            "min": [
              -0.058000002056360245,
              0.06499999761581421,
              -0.969535231590271
            ],
            "max": [
              -0.053300000727176666,
              0.06725742667913437,
              -0.969535231590271
            ]
          }
        },
        "coplanar": false,
        "epsilon": 1e-9,
        "maxSeparatingGap": -3.715463211471448e-10,
        "toleranceOnly": false,
        "testedAxes": 17
      }
    },
    {
      "names": [
        "Drive_GuideRail_L",
        "Drive_RearTravelStop_L"
      ],
      "groups": [
        "固定机体",
        "固定机体"
      ],
      "unfold": 0,
      "state": {
        "label": "full wing conversion",
        "wing": 0,
        "fold": [
          0,
          0.25,
          0.75,
          1
        ],
        "phase": [
          0,
          0,
          0,
          0
        ]
      },
      "surface": true,
      "contained": 0,
      "witness": {
        "meshA": "Drive_GuideRail_L",
        "meshB": "Drive_RearTravelStop_L",
        "triangleA": {
          "triangleIndex": 42,
          "vertexIndices": [
            29,
            31,
            33
          ],
          "vertices": [
            [
              -0.05350002785182955,
              0.06499999798736167,
              -1.9916999932388295
            ],
            [
              -0.05321039780315842,
              0.06280003593801739,
              -1.9916999932514896
            ],
            [
              -0.05349997664832079,
              0.06499999798736036,
              -0.820300042257701
            ]
          ],
          "bounds": {
            "min": [
              -0.05350002785182955,
              0.06280003593801739,
              -1.9916999932514896
            ],
            "max": [
              -0.05321039780315842,
              0.06499999798736167,
              -0.820300042257701
            ]
          }
        },
        "triangleB": {
          "triangleIndex": 141,
          "vertexIndices": [
            71,
            74,
            75
          ],
          "vertices": [
            [
              -0.058000002056360245,
              0.06499999761581421,
              -1.943000078201294
            ],
            [
              -0.053300000727176666,
              0.06499999761581421,
              -1.943000078201294
            ],
            [
              -0.05780250206589699,
              0.06725742667913437,
              -1.943000078201294
            ]
          ],
          "bounds": {
            "min": [
              -0.058000002056360245,
              0.06499999761581421,
              -1.943000078201294
            ],
            "max": [
              -0.053300000727176666,
              0.06725742667913437,
              -1.943000078201294
            ]
          }
        },
        "coplanar": false,
        "epsilon": 1e-9,
        "maxSeparatingGap": -3.7154740523172704e-10,
        "toleranceOnly": false,
        "testedAxes": 17
      }
    },
    {
      "names": [
        "Drive_GuideRail_R",
        "Drive_FrontTravelStop_R"
      ],
      "groups": [
        "固定机体",
        "固定机体"
      ],
      "unfold": 0,
      "state": {
        "label": "full wing conversion",
        "wing": 0,
        "fold": [
          0,
          0.25,
          0.75,
          1
        ],
        "phase": [
          0,
          0,
          0,
          0
        ]
      },
      "surface": true,
      "contained": 0,
      "witness": {
        "meshA": "Drive_GuideRail_R",
        "meshB": "Drive_FrontTravelStop_R",
        "triangleA": {
          "triangleIndex": 42,
          "vertexIndices": [
            29,
            31,
            33
          ],
          "vertices": [
            [
              0.03649997572444914,
              0.06499999798736167,
              -1.9916999932388295
            ],
            [
              0.036789605773120265,
              0.06280003593801739,
              -1.9916999932514896
            ],
            [
              0.036500026927957896,
              0.06499999798736036,
              -0.820300042257701
            ]
          ],
          "bounds": {
            "min": [
              0.03649997572444914,
              0.06280003593801739,
              -1.9916999932514896
            ],
            "max": [
              0.036789605773120265,
              0.06499999798736167,
              -0.820300042257701
            ]
          }
        },
        "triangleB": {
          "triangleIndex": 141,
          "vertexIndices": [
            71,
            74,
            75
          ],
          "vertices": [
            [
              0.03200000151991844,
              0.06499999761581421,
              -0.969535231590271
            ],
            [
              0.03670000284910202,
              0.06499999761581421,
              -0.969535231590271
            ],
            [
              0.0321975015103817,
              0.06725742667913437,
              -0.969535231590271
            ]
          ],
          "bounds": {
            "min": [
              0.03200000151991844,
              0.06499999761581421,
              -0.969535231590271
            ],
            "max": [
              0.03670000284910202,
              0.06725742667913437,
              -0.969535231590271
            ]
          }
        },
        "coplanar": false,
        "epsilon": 1e-9,
        "maxSeparatingGap": -3.715463211471448e-10,
        "toleranceOnly": false,
        "testedAxes": 17
      }
    },
    {
      "names": [
        "Drive_GuideRail_R",
        "Drive_RearTravelStop_R"
      ],
      "groups": [
        "固定机体",
        "固定机体"
      ],
      "unfold": 0,
      "state": {
        "label": "full wing conversion",
        "wing": 0,
        "fold": [
          0,
          0.25,
          0.75,
          1
        ],
        "phase": [
          0,
          0,
          0,
          0
        ]
      },
      "surface": true,
      "contained": 0,
      "witness": {
        "meshA": "Drive_GuideRail_R",
        "meshB": "Drive_RearTravelStop_R",
        "triangleA": {
          "triangleIndex": 42,
          "vertexIndices": [
            29,
            31,
            33
          ],
          "vertices": [
            [
              0.03649997572444914,
              0.06499999798736167,
              -1.9916999932388295
            ],
            [
              0.036789605773120265,
              0.06280003593801739,
              -1.9916999932514896
            ],
            [
              0.036500026927957896,
              0.06499999798736036,
              -0.820300042257701
            ]
          ],
          "bounds": {
            "min": [
              0.03649997572444914,
              0.06280003593801739,
              -1.9916999932514896
            ],
            "max": [
              0.036789605773120265,
              0.06499999798736167,
              -0.820300042257701
            ]
          }
        },
        "triangleB": {
          "triangleIndex": 141,
          "vertexIndices": [
            71,
            74,
            75
          ],
          "vertices": [
            [
              0.03200000151991844,
              0.06499999761581421,
              -1.943000078201294
            ],
            [
              0.03670000284910202,
              0.06499999761581421,
              -1.943000078201294
            ],
            [
              0.0321975015103817,
              0.06725742667913437,
              -1.943000078201294
            ]
          ],
          "bounds": {
            "min": [
              0.03200000151991844,
              0.06499999761581421,
              -1.943000078201294
            ],
            "max": [
              0.03670000284910202,
              0.06725742667913437,
              -1.943000078201294
            ]
          }
        },
        "coplanar": false,
        "epsilon": 1e-9,
        "maxSeparatingGap": -3.7154740523172704e-10,
        "toleranceOnly": false,
        "testedAxes": 17
      }
    }
  ],
  "open": []
}
