{
  "passed": true,
  "runtimeSha256": "062fd09dee64984221316ede5ba684f6c1b6ff4f7b7ee2a0bd818a8888fd6f43",
  "checks": [
    "无查看器接受不冒报应用",
    "load-before-ready先接受后真实模型应用",
    "真实Python 1800RPM/0.1s连续10步: endpoint保真相同，实际GLB连续曝光15时间区间方向正确，applied确认主节点调用，显示TTL不推进仿真",
    "Python SDK控制四电机、六舵面、舱盖且真实GLB应用",
    "V22真实SDK驱动0/.125/.5/.875/1/0/.5转换：共用横梁/丝杠/驱动电机、定长杆端与独立电机状态实际应用",
    "外控屏蔽本地时钟，重复绘制不推进",
    "非法复合补丁原子拒绝及SDK序号恢复",
    "重复命令幂等，序号内容冲突拒绝",
    "断连冻结、带Last-Event-ID重连只应用缺失事件",
    "正反重复seek安全重建与86400秒边界",
    "reset完整清理",
    "独占会话拒绝抢占、释放消息可跨协议解析",
    "桥退出、控制权复位、销毁后无应用",
    "协议JSON确定性回放"
  ],
  "limitations": [
    "真实标准库HTTP/SSE服务与Python SDK、生产SimulationBridge/SimulationRuntime、真实GLB对象的Node互操作",
    "测试EventSource为Node传输适配器，并非真实浏览器、Canvas、React帧调度、GPU、鼠标触控或截图验收",
    "applied只在独立测试实际调用GLB驱动后上报，仍不等同画面像素已经显示"
  ],
  "live1800": [
    {
      "step": 0,
      "seq": 5,
      "revision": 6,
      "delivery": "applied",
      "rows": [
        {
          "id": "L_Front",
          "phase": 1.5707963267948557,
          "phaseBounds": [
            [
              3.1415926535897896,
              2.932153143350476
            ],
            [
              2.932153143350476,
              2.7227136331111517
            ],
            [
              2.7227136331111517,
              2.5132741228718345
            ],
            [
              2.5132741228718345,
              2.3038346126325138
            ],
            [
              2.3038346126325138,
              2.0943951023931966
            ],
            [
              2.0943951023931966,
              1.8849555921538723
            ],
            [
              1.8849555921538723,
              1.6755160819145551
            ],
            [
              1.6755160819145551,
              1.4660765716752344
            ],
            [
              1.4660765716752344,
              1.2566370614359172
            ],
            [
              1.2566370614359172,
              1.047197551196593
            ],
            [
              1.047197551196593,
              0.8377580409572793
            ],
            [
              0.8377580409572793,
              0.6283185307179551
            ],
            [
              0.6283185307179551,
              0.41887902047864145
            ],
            [
              0.41887902047864145,
              0.20943951023931717
            ],
            [
              0.20943951023931717,
              0
            ]
          ],
          "realExposureVertices": 25026
        },
        {
          "id": "R_Front",
          "phase": 1.5707963267949339,
          "phaseBounds": [
            [
              -3.1415926535897896,
              -2.932153143350476
            ],
            [
              -2.932153143350476,
              -2.7227136331111517
            ],
            [
              -2.7227136331111517,
              -2.5132741228718345
            ],
            [
              -2.5132741228718345,
              -2.3038346126325138
            ],
            [
              -2.3038346126325138,
              -2.0943951023931966
            ],
            [
              -2.0943951023931966,
              -1.8849555921538723
            ],
            [
              -1.8849555921538723,
              -1.6755160819145551
            ],
            [
              -1.6755160819145551,
              -1.4660765716752344
            ],
            [
              -1.4660765716752344,
              -1.2566370614359172
            ],
            [
              -1.2566370614359172,
              -1.047197551196593
            ],
            [
              -1.047197551196593,
              -0.8377580409572793
            ],
            [
              -0.8377580409572793,
              -0.6283185307179551
            ],
            [
              -0.6283185307179551,
              -0.41887902047864145
            ],
            [
              -0.41887902047864145,
              -0.20943951023931717
            ],
            [
              -0.20943951023931717,
              0
            ]
          ],
          "realExposureVertices": 25026
        },
        {
          "id": "L_Rear",
          "phase": 1.5707963267949339,
          "phaseBounds": [
            [
              -3.1415926535897896,
              -2.932153143350476
            ],
            [
              -2.932153143350476,
              -2.7227136331111517
            ],
            [
              -2.7227136331111517,
              -2.5132741228718345
            ],
            [
              -2.5132741228718345,
              -2.3038346126325138
            ],
            [
              -2.3038346126325138,
              -2.0943951023931966
            ],
            [
              -2.0943951023931966,
              -1.8849555921538723
            ],
            [
              -1.8849555921538723,
              -1.6755160819145551
            ],
            [
              -1.6755160819145551,
              -1.4660765716752344
            ],
            [
              -1.4660765716752344,
              -1.2566370614359172
            ],
            [
              -1.2566370614359172,
              -1.047197551196593
            ],
            [
              -1.047197551196593,
              -0.8377580409572793
            ],
            [
              -0.8377580409572793,
              -0.6283185307179551
            ],
            [
              -0.6283185307179551,
              -0.41887902047864145
            ],
            [
              -0.41887902047864145,
              -0.20943951023931717
            ],
            [
              -0.20943951023931717,
              0
            ]
          ],
          "realExposureVertices": 25026
        },
        {
          "id": "R_Rear",
          "phase": 1.5707963267949339,
          "phaseBounds": [
            [
              3.1415926535897896,
              2.932153143350476
            ],
            [
              2.932153143350476,
              2.7227136331111517
            ],
            [
              2.7227136331111517,
              2.5132741228718345
            ],
            [
              2.5132741228718345,
              2.3038346126325138
            ],
            [
              2.3038346126325138,
              2.0943951023931966
            ],
            [
              2.0943951023931966,
              1.8849555921538723
            ],
            [
              1.8849555921538723,
              1.6755160819145551
            ],
            [
              1.6755160819145551,
              1.4660765716752344
            ],
            [
              1.4660765716752344,
              1.2566370614359172
            ],
            [
              1.2566370614359172,
              1.047197551196593
            ],
            [
              1.047197551196593,
              0.8377580409572793
            ],
            [
              0.8377580409572793,
              0.6283185307179551
            ],
            [
              0.6283185307179551,
              0.41887902047864145
            ],
            [
              0.41887902047864145,
              0.20943951023931717
            ],
            [
              0.20943951023931717,
              0
            ]
          ],
          "realExposureVertices": 25026
        }
      ]
    },
    {
      "step": 1,
      "seq": 6,
      "revision": 7,
      "delivery": "applied",
      "rows": [
        {
          "id": "L_Front",
          "phase": 1.5707963267948557,
          "phaseBounds": [
            [
              3.1415926535897896,
              2.932153143350476
            ],
            [
              2.932153143350476,
              2.7227136331111517
            ],
            [
              2.7227136331111517,
              2.5132741228718345
            ],
            [
              2.5132741228718345,
              2.3038346126325138
            ],
            [
              2.3038346126325138,
              2.0943951023931966
            ],
            [
              2.0943951023931966,
              1.8849555921538723
            ],
            [
              1.8849555921538723,
              1.6755160819145551
            ],
            [
              1.6755160819145551,
              1.4660765716752344
            ],
            [
              1.4660765716752344,
              1.2566370614359172
            ],
            [
              1.2566370614359172,
              1.047197551196593
            ],
            [
              1.047197551196593,
              0.8377580409572793
            ],
            [
              0.8377580409572793,
              0.6283185307179551
            ],
            [
              0.6283185307179551,
              0.41887902047864145
            ],
            [
              0.41887902047864145,
              0.20943951023931717
            ],
            [
              0.20943951023931717,
              0
            ]
          ],
          "realExposureVertices": 25026
        },
        {
          "id": "R_Front",
          "phase": 1.5707963267949339,
          "phaseBounds": [
            [
              -3.1415926535897896,
              -2.932153143350476
            ],
            [
              -2.932153143350476,
              -2.7227136331111517
            ],
            [
              -2.7227136331111517,
              -2.5132741228718345
            ],
            [
              -2.5132741228718345,
              -2.3038346126325138
            ],
            [
              -2.3038346126325138,
              -2.0943951023931966
            ],
            [
              -2.0943951023931966,
              -1.8849555921538723
            ],
            [
              -1.8849555921538723,
              -1.6755160819145551
            ],
            [
              -1.6755160819145551,
              -1.4660765716752344
            ],
            [
              -1.4660765716752344,
              -1.2566370614359172
            ],
            [
              -1.2566370614359172,
              -1.047197551196593
            ],
            [
              -1.047197551196593,
              -0.8377580409572793
            ],
            [
              -0.8377580409572793,
              -0.6283185307179551
            ],
            [
              -0.6283185307179551,
              -0.41887902047864145
            ],
            [
              -0.41887902047864145,
              -0.20943951023931717
            ],
            [
              -0.20943951023931717,
              0
            ]
          ],
          "realExposureVertices": 25026
        },
        {
          "id": "L_Rear",
          "phase": 1.5707963267949339,
          "phaseBounds": [
            [
              -3.1415926535897896,
              -2.932153143350476
            ],
            [
              -2.932153143350476,
              -2.7227136331111517
            ],
            [
              -2.7227136331111517,
              -2.5132741228718345
            ],
            [
              -2.5132741228718345,
              -2.3038346126325138
            ],
            [
              -2.3038346126325138,
              -2.0943951023931966
            ],
            [
              -2.0943951023931966,
              -1.8849555921538723
            ],
            [
              -1.8849555921538723,
              -1.6755160819145551
            ],
            [
              -1.6755160819145551,
              -1.4660765716752344
            ],
            [
              -1.4660765716752344,
              -1.2566370614359172
            ],
            [
              -1.2566370614359172,
              -1.047197551196593
            ],
            [
              -1.047197551196593,
              -0.8377580409572793
            ],
            [
              -0.8377580409572793,
              -0.6283185307179551
            ],
            [
              -0.6283185307179551,
              -0.41887902047864145
            ],
            [
              -0.41887902047864145,
              -0.20943951023931717
            ],
            [
              -0.20943951023931717,
              0
            ]
          ],
          "realExposureVertices": 25026
        },
        {
          "id": "R_Rear",
          "phase": 1.5707963267949339,
          "phaseBounds": [
            [
              3.1415926535897896,
              2.932153143350476
            ],
            [
              2.932153143350476,
              2.7227136331111517
            ],
            [
              2.7227136331111517,
              2.5132741228718345
            ],
            [
              2.5132741228718345,
              2.3038346126325138
            ],
            [
              2.3038346126325138,
              2.0943951023931966
            ],
            [
              2.0943951023931966,
              1.8849555921538723
            ],
            [
              1.8849555921538723,
              1.6755160819145551
            ],
            [
              1.6755160819145551,
              1.4660765716752344
            ],
            [
              1.4660765716752344,
              1.2566370614359172
            ],
            [
              1.2566370614359172,
              1.047197551196593
            ],
            [
              1.047197551196593,
              0.8377580409572793
            ],
            [
              0.8377580409572793,
              0.6283185307179551
            ],
            [
              0.6283185307179551,
              0.41887902047864145
            ],
            [
              0.41887902047864145,
              0.20943951023931717
            ],
            [
              0.20943951023931717,
              0
            ]
          ],
          "realExposureVertices": 25026
        }
      ]
    },
    {
      "step": 2,
      "seq": 7,
      "revision": 8,
      "delivery": "applied",
      "rows": [
        {
          "id": "L_Front",
          "phase": 1.5707963267948557,
          "phaseBounds": [
            [
              3.1415926535897896,
              2.932153143350476
            ],
            [
              2.932153143350476,
              2.7227136331111517
            ],
            [
              2.7227136331111517,
              2.5132741228718345
            ],
            [
              2.5132741228718345,
              2.3038346126325138
            ],
            [
              2.3038346126325138,
              2.0943951023931966
            ],
            [
              2.0943951023931966,
              1.8849555921538723
            ],
            [
              1.8849555921538723,
              1.6755160819145551
            ],
            [
              1.6755160819145551,
              1.4660765716752344
            ],
            [
              1.4660765716752344,
              1.2566370614359172
            ],
            [
              1.2566370614359172,
              1.047197551196593
            ],
            [
              1.047197551196593,
              0.8377580409572793
            ],
            [
              0.8377580409572793,
              0.6283185307179551
            ],
            [
              0.6283185307179551,
              0.41887902047864145
            ],
            [
              0.41887902047864145,
              0.20943951023931717
            ],
            [
              0.20943951023931717,
              0
            ]
          ],
          "realExposureVertices": 25026
        },
        {
          "id": "R_Front",
          "phase": 1.5707963267949339,
          "phaseBounds": [
            [
              -3.1415926535897896,
              -2.932153143350476
            ],
            [
              -2.932153143350476,
              -2.7227136331111517
            ],
            [
              -2.7227136331111517,
              -2.5132741228718345
            ],
            [
              -2.5132741228718345,
              -2.3038346126325138
            ],
            [
              -2.3038346126325138,
              -2.0943951023931966
            ],
            [
              -2.0943951023931966,
              -1.8849555921538723
            ],
            [
              -1.8849555921538723,
              -1.6755160819145551
            ],
            [
              -1.6755160819145551,
              -1.4660765716752344
            ],
            [
              -1.4660765716752344,
              -1.2566370614359172
            ],
            [
              -1.2566370614359172,
              -1.047197551196593
            ],
            [
              -1.047197551196593,
              -0.8377580409572793
            ],
            [
              -0.8377580409572793,
              -0.6283185307179551
            ],
            [
              -0.6283185307179551,
              -0.41887902047864145
            ],
            [
              -0.41887902047864145,
              -0.20943951023931717
            ],
            [
              -0.20943951023931717,
              0
            ]
          ],
          "realExposureVertices": 25026
        },
        {
          "id": "L_Rear",
          "phase": 1.5707963267949339,
          "phaseBounds": [
            [
              -3.1415926535897896,
              -2.932153143350476
            ],
            [
              -2.932153143350476,
              -2.7227136331111517
            ],
            [
              -2.7227136331111517,
              -2.5132741228718345
            ],
            [
              -2.5132741228718345,
              -2.3038346126325138
            ],
            [
              -2.3038346126325138,
              -2.0943951023931966
            ],
            [
              -2.0943951023931966,
              -1.8849555921538723
            ],
            [
              -1.8849555921538723,
              -1.6755160819145551
            ],
            [
              -1.6755160819145551,
              -1.4660765716752344
            ],
            [
              -1.4660765716752344,
              -1.2566370614359172
            ],
            [
              -1.2566370614359172,
              -1.047197551196593
            ],
            [
              -1.047197551196593,
              -0.8377580409572793
            ],
            [
              -0.8377580409572793,
              -0.6283185307179551
            ],
            [
              -0.6283185307179551,
              -0.41887902047864145
            ],
            [
              -0.41887902047864145,
              -0.20943951023931717
            ],
            [
              -0.20943951023931717,
              0
            ]
          ],
          "realExposureVertices": 25026
        },
        {
          "id": "R_Rear",
          "phase": 1.5707963267949339,
          "phaseBounds": [
            [
              3.1415926535897896,
              2.932153143350476
            ],
            [
              2.932153143350476,
              2.7227136331111517
            ],
            [
              2.7227136331111517,
              2.5132741228718345
            ],
            [
              2.5132741228718345,
              2.3038346126325138
            ],
            [
              2.3038346126325138,
              2.0943951023931966
            ],
            [
              2.0943951023931966,
              1.8849555921538723
            ],
            [
              1.8849555921538723,
              1.6755160819145551
            ],
            [
              1.6755160819145551,
              1.4660765716752344
            ],
            [
              1.4660765716752344,
              1.2566370614359172
            ],
            [
              1.2566370614359172,
              1.047197551196593
            ],
            [
              1.047197551196593,
              0.8377580409572793
            ],
            [
              0.8377580409572793,
              0.6283185307179551
            ],
            [
              0.6283185307179551,
              0.41887902047864145
            ],
            [
              0.41887902047864145,
              0.20943951023931717
            ],
            [
              0.20943951023931717,
              0
            ]
          ],
          "realExposureVertices": 25026
        }
      ]
    },
    {
      "step": 3,
      "seq": 8,
      "revision": 9,
      "delivery": "applied",
      "rows": [
        {
          "id": "L_Front",
          "phase": 1.5707963267948557,
          "phaseBounds": [
            [
              3.1415926535897896,
              2.932153143350476
            ],
            [
              2.932153143350476,
              2.7227136331111517
            ],
            [
              2.7227136331111517,
              2.5132741228718345
            ],
            [
              2.5132741228718345,
              2.3038346126325138
            ],
            [
              2.3038346126325138,
              2.0943951023931966
            ],
            [
              2.0943951023931966,
              1.8849555921538723
            ],
            [
              1.8849555921538723,
              1.6755160819145551
            ],
            [
              1.6755160819145551,
              1.4660765716752344
            ],
            [
              1.4660765716752344,
              1.2566370614359172
            ],
            [
              1.2566370614359172,
              1.047197551196593
            ],
            [
              1.047197551196593,
              0.8377580409572793
            ],
            [
              0.8377580409572793,
              0.6283185307179551
            ],
            [
              0.6283185307179551,
              0.41887902047864145
            ],
            [
              0.41887902047864145,
              0.20943951023931717
            ],
            [
              0.20943951023931717,
              0
            ]
          ],
          "realExposureVertices": 25026
        },
        {
          "id": "R_Front",
          "phase": 1.5707963267949339,
          "phaseBounds": [
            [
              -3.1415926535897896,
              -2.932153143350476
            ],
            [
              -2.932153143350476,
              -2.7227136331111517
            ],
            [
              -2.7227136331111517,
              -2.5132741228718345
            ],
            [
              -2.5132741228718345,
              -2.3038346126325138
            ],
            [
              -2.3038346126325138,
              -2.0943951023931966
            ],
            [
              -2.0943951023931966,
              -1.8849555921538723
            ],
            [
              -1.8849555921538723,
              -1.6755160819145551
            ],
            [
              -1.6755160819145551,
              -1.4660765716752344
            ],
            [
              -1.4660765716752344,
              -1.2566370614359172
            ],
            [
              -1.2566370614359172,
              -1.047197551196593
            ],
            [
              -1.047197551196593,
              -0.8377580409572793
            ],
            [
              -0.8377580409572793,
              -0.6283185307179551
            ],
            [
              -0.6283185307179551,
              -0.41887902047864145
            ],
            [
              -0.41887902047864145,
              -0.20943951023931717
            ],
            [
              -0.20943951023931717,
              0
            ]
          ],
          "realExposureVertices": 25026
        },
        {
          "id": "L_Rear",
          "phase": 1.5707963267949339,
          "phaseBounds": [
            [
              -3.1415926535897896,
              -2.932153143350476
            ],
            [
              -2.932153143350476,
              -2.7227136331111517
            ],
            [
              -2.7227136331111517,
              -2.5132741228718345
            ],
            [
              -2.5132741228718345,
              -2.3038346126325138
            ],
            [
              -2.3038346126325138,
              -2.0943951023931966
            ],
            [
              -2.0943951023931966,
              -1.8849555921538723
            ],
            [
              -1.8849555921538723,
              -1.6755160819145551
            ],
            [
              -1.6755160819145551,
              -1.4660765716752344
            ],
            [
              -1.4660765716752344,
              -1.2566370614359172
            ],
            [
              -1.2566370614359172,
              -1.047197551196593
            ],
            [
              -1.047197551196593,
              -0.8377580409572793
            ],
            [
              -0.8377580409572793,
              -0.6283185307179551
            ],
            [
              -0.6283185307179551,
              -0.41887902047864145
            ],
            [
              -0.41887902047864145,
              -0.20943951023931717
            ],
            [
              -0.20943951023931717,
              0
            ]
          ],
          "realExposureVertices": 25026
        },
        {
          "id": "R_Rear",
          "phase": 1.5707963267949339,
          "phaseBounds": [
            [
              3.1415926535897896,
              2.932153143350476
            ],
            [
              2.932153143350476,
              2.7227136331111517
            ],
            [
              2.7227136331111517,
              2.5132741228718345
            ],
            [
              2.5132741228718345,
              2.3038346126325138
            ],
            [
              2.3038346126325138,
              2.0943951023931966
            ],
            [
              2.0943951023931966,
              1.8849555921538723
            ],
            [
              1.8849555921538723,
              1.6755160819145551
            ],
            [
              1.6755160819145551,
              1.4660765716752344
            ],
            [
              1.4660765716752344,
              1.2566370614359172
            ],
            [
              1.2566370614359172,
              1.047197551196593
            ],
            [
              1.047197551196593,
              0.8377580409572793
            ],
            [
              0.8377580409572793,
              0.6283185307179551
            ],
            [
              0.6283185307179551,
              0.41887902047864145
            ],
            [
              0.41887902047864145,
              0.20943951023931717
            ],
            [
              0.20943951023931717,
              0
            ]
          ],
          "realExposureVertices": 25026
        }
      ]
    },
    {
      "step": 4,
      "seq": 9,
      "revision": 10,
      "delivery": "applied",
      "rows": [
        {
          "id": "L_Front",
          "phase": 1.5707963267948557,
          "phaseBounds": [
            [
              3.1415926535897896,
              2.932153143350476
            ],
            [
              2.932153143350476,
              2.7227136331111517
            ],
            [
              2.7227136331111517,
              2.5132741228718345
            ],
            [
              2.5132741228718345,
              2.3038346126325138
            ],
            [
              2.3038346126325138,
              2.0943951023931966
            ],
            [
              2.0943951023931966,
              1.8849555921538723
            ],
            [
              1.8849555921538723,
              1.6755160819145551
            ],
            [
              1.6755160819145551,
              1.4660765716752344
            ],
            [
              1.4660765716752344,
              1.2566370614359172
            ],
            [
              1.2566370614359172,
              1.047197551196593
            ],
            [
              1.047197551196593,
              0.8377580409572793
            ],
            [
              0.8377580409572793,
              0.6283185307179551
            ],
            [
              0.6283185307179551,
              0.41887902047864145
            ],
            [
              0.41887902047864145,
              0.20943951023931717
            ],
            [
              0.20943951023931717,
              0
            ]
          ],
          "realExposureVertices": 25026
        },
        {
          "id": "R_Front",
          "phase": 1.5707963267949339,
          "phaseBounds": [
            [
              -3.1415926535897896,
              -2.932153143350476
            ],
            [
              -2.932153143350476,
              -2.7227136331111517
            ],
            [
              -2.7227136331111517,
              -2.5132741228718345
            ],
            [
              -2.5132741228718345,
              -2.3038346126325138
            ],
            [
              -2.3038346126325138,
              -2.0943951023931966
            ],
            [
              -2.0943951023931966,
              -1.8849555921538723
            ],
            [
              -1.8849555921538723,
              -1.6755160819145551
            ],
            [
              -1.6755160819145551,
              -1.4660765716752344
            ],
            [
              -1.4660765716752344,
              -1.2566370614359172
            ],
            [
              -1.2566370614359172,
              -1.047197551196593
            ],
            [
              -1.047197551196593,
              -0.8377580409572793
            ],
            [
              -0.8377580409572793,
              -0.6283185307179551
            ],
            [
              -0.6283185307179551,
              -0.41887902047864145
            ],
            [
              -0.41887902047864145,
              -0.20943951023931717
            ],
            [
              -0.20943951023931717,
              0
            ]
          ],
          "realExposureVertices": 25026
        },
        {
          "id": "L_Rear",
          "phase": 1.5707963267949339,
          "phaseBounds": [
            [
              -3.1415926535897896,
              -2.932153143350476
            ],
            [
              -2.932153143350476,
              -2.7227136331111517
            ],
            [
              -2.7227136331111517,
              -2.5132741228718345
            ],
            [
              -2.5132741228718345,
              -2.3038346126325138
            ],
            [
              -2.3038346126325138,
              -2.0943951023931966
            ],
            [
              -2.0943951023931966,
              -1.8849555921538723
            ],
            [
              -1.8849555921538723,
              -1.6755160819145551
            ],
            [
              -1.6755160819145551,
              -1.4660765716752344
            ],
            [
              -1.4660765716752344,
              -1.2566370614359172
            ],
            [
              -1.2566370614359172,
              -1.047197551196593
            ],
            [
              -1.047197551196593,
              -0.8377580409572793
            ],
            [
              -0.8377580409572793,
              -0.6283185307179551
            ],
            [
              -0.6283185307179551,
              -0.41887902047864145
            ],
            [
              -0.41887902047864145,
              -0.20943951023931717
            ],
            [
              -0.20943951023931717,
              0
            ]
          ],
          "realExposureVertices": 25026
        },
        {
          "id": "R_Rear",
          "phase": 1.5707963267949339,
          "phaseBounds": [
            [
              3.1415926535897896,
              2.932153143350476
            ],
            [
              2.932153143350476,
              2.7227136331111517
            ],
            [
              2.7227136331111517,
              2.5132741228718345
            ],
            [
              2.5132741228718345,
              2.3038346126325138
            ],
            [
              2.3038346126325138,
              2.0943951023931966
            ],
            [
              2.0943951023931966,
              1.8849555921538723
            ],
            [
              1.8849555921538723,
              1.6755160819145551
            ],
            [
              1.6755160819145551,
              1.4660765716752344
            ],
            [
              1.4660765716752344,
              1.2566370614359172
            ],
            [
              1.2566370614359172,
              1.047197551196593
            ],
            [
              1.047197551196593,
              0.8377580409572793
            ],
            [
              0.8377580409572793,
              0.6283185307179551
            ],
            [
              0.6283185307179551,
              0.41887902047864145
            ],
            [
              0.41887902047864145,
              0.20943951023931717
            ],
            [
              0.20943951023931717,
              0
            ]
          ],
          "realExposureVertices": 25026
        }
      ]
    },
    {
      "step": 5,
      "seq": 10,
      "revision": 11,
      "delivery": "applied",
      "rows": [
        {
          "id": "L_Front",
          "phase": 1.5707963267948557,
          "phaseBounds": [
            [
              3.1415926535897896,
              2.932153143350476
            ],
            [
              2.932153143350476,
              2.7227136331111517
            ],
            [
              2.7227136331111517,
              2.5132741228718345
            ],
            [
              2.5132741228718345,
              2.3038346126325138
            ],
            [
              2.3038346126325138,
              2.0943951023931966
            ],
            [
              2.0943951023931966,
              1.8849555921538723
            ],
            [
              1.8849555921538723,
              1.6755160819145551
            ],
            [
              1.6755160819145551,
              1.4660765716752344
            ],
            [
              1.4660765716752344,
              1.2566370614359172
            ],
            [
              1.2566370614359172,
              1.047197551196593
            ],
            [
              1.047197551196593,
              0.8377580409572793
            ],
            [
              0.8377580409572793,
              0.6283185307179551
            ],
            [
              0.6283185307179551,
              0.41887902047864145
            ],
            [
              0.41887902047864145,
              0.20943951023931717
            ],
            [
              0.20943951023931717,
              0
            ]
          ],
          "realExposureVertices": 25026
        },
        {
          "id": "R_Front",
          "phase": 1.5707963267949339,
          "phaseBounds": [
            [
              -3.1415926535897896,
              -2.932153143350476
            ],
            [
              -2.932153143350476,
              -2.7227136331111517
            ],
            [
              -2.7227136331111517,
              -2.5132741228718345
            ],
            [
              -2.5132741228718345,
              -2.3038346126325138
            ],
            [
              -2.3038346126325138,
              -2.0943951023931966
            ],
            [
              -2.0943951023931966,
              -1.8849555921538723
            ],
            [
              -1.8849555921538723,
              -1.6755160819145551
            ],
            [
              -1.6755160819145551,
              -1.4660765716752344
            ],
            [
              -1.4660765716752344,
              -1.2566370614359172
            ],
            [
              -1.2566370614359172,
              -1.047197551196593
            ],
            [
              -1.047197551196593,
              -0.8377580409572793
            ],
            [
              -0.8377580409572793,
              -0.6283185307179551
            ],
            [
              -0.6283185307179551,
              -0.41887902047864145
            ],
            [
              -0.41887902047864145,
              -0.20943951023931717
            ],
            [
              -0.20943951023931717,
              0
            ]
          ],
          "realExposureVertices": 25026
        },
        {
          "id": "L_Rear",
          "phase": 1.5707963267949339,
          "phaseBounds": [
            [
              -3.1415926535897896,
              -2.932153143350476
            ],
            [
              -2.932153143350476,
              -2.7227136331111517
            ],
            [
              -2.7227136331111517,
              -2.5132741228718345
            ],
            [
              -2.5132741228718345,
              -2.3038346126325138
            ],
            [
              -2.3038346126325138,
              -2.0943951023931966
            ],
            [
              -2.0943951023931966,
              -1.8849555921538723
            ],
            [
              -1.8849555921538723,
              -1.6755160819145551
            ],
            [
              -1.6755160819145551,
              -1.4660765716752344
            ],
            [
              -1.4660765716752344,
              -1.2566370614359172
            ],
            [
              -1.2566370614359172,
              -1.047197551196593
            ],
            [
              -1.047197551196593,
              -0.8377580409572793
            ],
            [
              -0.8377580409572793,
              -0.6283185307179551
            ],
            [
              -0.6283185307179551,
              -0.41887902047864145
            ],
            [
              -0.41887902047864145,
              -0.20943951023931717
            ],
            [
              -0.20943951023931717,
              0
            ]
          ],
          "realExposureVertices": 25026
        },
        {
          "id": "R_Rear",
          "phase": 1.5707963267949339,
          "phaseBounds": [
            [
              3.1415926535897896,
              2.932153143350476
            ],
            [
              2.932153143350476,
              2.7227136331111517
            ],
            [
              2.7227136331111517,
              2.5132741228718345
            ],
            [
              2.5132741228718345,
              2.3038346126325138
            ],
            [
              2.3038346126325138,
              2.0943951023931966
            ],
            [
              2.0943951023931966,
              1.8849555921538723
            ],
            [
              1.8849555921538723,
              1.6755160819145551
            ],
            [
              1.6755160819145551,
              1.4660765716752344
            ],
            [
              1.4660765716752344,
              1.2566370614359172
            ],
            [
              1.2566370614359172,
              1.047197551196593
            ],
            [
              1.047197551196593,
              0.8377580409572793
            ],
            [
              0.8377580409572793,
              0.6283185307179551
            ],
            [
              0.6283185307179551,
              0.41887902047864145
            ],
            [
              0.41887902047864145,
              0.20943951023931717
            ],
            [
              0.20943951023931717,
              0
            ]
          ],
          "realExposureVertices": 25026
        }
      ]
    },
    {
      "step": 6,
      "seq": 11,
      "revision": 12,
      "delivery": "applied",
      "rows": [
        {
          "id": "L_Front",
          "phase": 1.5707963267948557,
          "phaseBounds": [
            [
              3.1415926535897896,
              2.932153143350476
            ],
            [
              2.932153143350476,
              2.7227136331111517
            ],
            [
              2.7227136331111517,
              2.5132741228718345
            ],
            [
              2.5132741228718345,
              2.3038346126325138
            ],
            [
              2.3038346126325138,
              2.0943951023931966
            ],
            [
              2.0943951023931966,
              1.8849555921538723
            ],
            [
              1.8849555921538723,
              1.6755160819145551
            ],
            [
              1.6755160819145551,
              1.4660765716752344
            ],
            [
              1.4660765716752344,
              1.2566370614359172
            ],
            [
              1.2566370614359172,
              1.047197551196593
            ],
            [
              1.047197551196593,
              0.8377580409572793
            ],
            [
              0.8377580409572793,
              0.6283185307179551
            ],
            [
              0.6283185307179551,
              0.41887902047864145
            ],
            [
              0.41887902047864145,
              0.20943951023931717
            ],
            [
              0.20943951023931717,
              0
            ]
          ],
          "realExposureVertices": 25026
        },
        {
          "id": "R_Front",
          "phase": 1.5707963267949339,
          "phaseBounds": [
            [
              -3.1415926535897896,
              -2.932153143350476
            ],
            [
              -2.932153143350476,
              -2.7227136331111517
            ],
            [
              -2.7227136331111517,
              -2.5132741228718345
            ],
            [
              -2.5132741228718345,
              -2.3038346126325138
            ],
            [
              -2.3038346126325138,
              -2.0943951023931966
            ],
            [
              -2.0943951023931966,
              -1.8849555921538723
            ],
            [
              -1.8849555921538723,
              -1.6755160819145551
            ],
            [
              -1.6755160819145551,
              -1.4660765716752344
            ],
            [
              -1.4660765716752344,
              -1.2566370614359172
            ],
            [
              -1.2566370614359172,
              -1.047197551196593
            ],
            [
              -1.047197551196593,
              -0.8377580409572793
            ],
            [
              -0.8377580409572793,
              -0.6283185307179551
            ],
            [
              -0.6283185307179551,
              -0.41887902047864145
            ],
            [
              -0.41887902047864145,
              -0.20943951023931717
            ],
            [
              -0.20943951023931717,
              0
            ]
          ],
          "realExposureVertices": 25026
        },
        {
          "id": "L_Rear",
          "phase": 1.5707963267949339,
          "phaseBounds": [
            [
              -3.1415926535897896,
              -2.932153143350476
            ],
            [
              -2.932153143350476,
              -2.7227136331111517
            ],
            [
              -2.7227136331111517,
              -2.5132741228718345
            ],
            [
              -2.5132741228718345,
              -2.3038346126325138
            ],
            [
              -2.3038346126325138,
              -2.0943951023931966
            ],
            [
              -2.0943951023931966,
              -1.8849555921538723
            ],
            [
              -1.8849555921538723,
              -1.6755160819145551
            ],
            [
              -1.6755160819145551,
              -1.4660765716752344
            ],
            [
              -1.4660765716752344,
              -1.2566370614359172
            ],
            [
              -1.2566370614359172,
              -1.047197551196593
            ],
            [
              -1.047197551196593,
              -0.8377580409572793
            ],
            [
              -0.8377580409572793,
              -0.6283185307179551
            ],
            [
              -0.6283185307179551,
              -0.41887902047864145
            ],
            [
              -0.41887902047864145,
              -0.20943951023931717
            ],
            [
              -0.20943951023931717,
              0
            ]
          ],
          "realExposureVertices": 25026
        },
        {
          "id": "R_Rear",
          "phase": 1.5707963267949339,
          "phaseBounds": [
            [
              3.1415926535897896,
              2.932153143350476
            ],
            [
              2.932153143350476,
              2.7227136331111517
            ],
            [
              2.7227136331111517,
              2.5132741228718345
            ],
            [
              2.5132741228718345,
              2.3038346126325138
            ],
            [
              2.3038346126325138,
              2.0943951023931966
            ],
            [
              2.0943951023931966,
              1.8849555921538723
            ],
            [
              1.8849555921538723,
              1.6755160819145551
            ],
            [
              1.6755160819145551,
              1.4660765716752344
            ],
            [
              1.4660765716752344,
              1.2566370614359172
            ],
            [
              1.2566370614359172,
              1.047197551196593
            ],
            [
              1.047197551196593,
              0.8377580409572793
            ],
            [
              0.8377580409572793,
              0.6283185307179551
            ],
            [
              0.6283185307179551,
              0.41887902047864145
            ],
            [
              0.41887902047864145,
              0.20943951023931717
            ],
            [
              0.20943951023931717,
              0
            ]
          ],
          "realExposureVertices": 25026
        }
      ]
    },
    {
      "step": 7,
      "seq": 12,
      "revision": 13,
      "delivery": "applied",
      "rows": [
        {
          "id": "L_Front",
          "phase": 1.5707963267948557,
          "phaseBounds": [
            [
              3.1415926535897896,
              2.932153143350476
            ],
            [
              2.932153143350476,
              2.7227136331111517
            ],
            [
              2.7227136331111517,
              2.5132741228718345
            ],
            [
              2.5132741228718345,
              2.3038346126325138
            ],
            [
              2.3038346126325138,
              2.0943951023931966
            ],
            [
              2.0943951023931966,
              1.8849555921538723
            ],
            [
              1.8849555921538723,
              1.6755160819145551
            ],
            [
              1.6755160819145551,
              1.4660765716752344
            ],
            [
              1.4660765716752344,
              1.2566370614359172
            ],
            [
              1.2566370614359172,
              1.047197551196593
            ],
            [
              1.047197551196593,
              0.8377580409572793
            ],
            [
              0.8377580409572793,
              0.6283185307179551
            ],
            [
              0.6283185307179551,
              0.41887902047864145
            ],
            [
              0.41887902047864145,
              0.20943951023931717
            ],
            [
              0.20943951023931717,
              0
            ]
          ],
          "realExposureVertices": 25026
        },
        {
          "id": "R_Front",
          "phase": 1.5707963267949339,
          "phaseBounds": [
            [
              -3.1415926535897896,
              -2.932153143350476
            ],
            [
              -2.932153143350476,
              -2.7227136331111517
            ],
            [
              -2.7227136331111517,
              -2.5132741228718345
            ],
            [
              -2.5132741228718345,
              -2.3038346126325138
            ],
            [
              -2.3038346126325138,
              -2.0943951023931966
            ],
            [
              -2.0943951023931966,
              -1.8849555921538723
            ],
            [
              -1.8849555921538723,
              -1.6755160819145551
            ],
            [
              -1.6755160819145551,
              -1.4660765716752344
            ],
            [
              -1.4660765716752344,
              -1.2566370614359172
            ],
            [
              -1.2566370614359172,
              -1.047197551196593
            ],
            [
              -1.047197551196593,
              -0.8377580409572793
            ],
            [
              -0.8377580409572793,
              -0.6283185307179551
            ],
            [
              -0.6283185307179551,
              -0.41887902047864145
            ],
            [
              -0.41887902047864145,
              -0.20943951023931717
            ],
            [
              -0.20943951023931717,
              0
            ]
          ],
          "realExposureVertices": 25026
        },
        {
          "id": "L_Rear",
          "phase": 1.5707963267949339,
          "phaseBounds": [
            [
              -3.1415926535897896,
              -2.932153143350476
            ],
            [
              -2.932153143350476,
              -2.7227136331111517
            ],
            [
              -2.7227136331111517,
              -2.5132741228718345
            ],
            [
              -2.5132741228718345,
              -2.3038346126325138
            ],
            [
              -2.3038346126325138,
              -2.0943951023931966
            ],
            [
              -2.0943951023931966,
              -1.8849555921538723
            ],
            [
              -1.8849555921538723,
              -1.6755160819145551
            ],
            [
              -1.6755160819145551,
              -1.4660765716752344
            ],
            [
              -1.4660765716752344,
              -1.2566370614359172
            ],
            [
              -1.2566370614359172,
              -1.047197551196593
            ],
            [
              -1.047197551196593,
              -0.8377580409572793
            ],
            [
              -0.8377580409572793,
              -0.6283185307179551
            ],
            [
              -0.6283185307179551,
              -0.41887902047864145
            ],
            [
              -0.41887902047864145,
              -0.20943951023931717
            ],
            [
              -0.20943951023931717,
              0
            ]
          ],
          "realExposureVertices": 25026
        },
        {
          "id": "R_Rear",
          "phase": 1.5707963267949339,
          "phaseBounds": [
            [
              3.1415926535897896,
              2.932153143350476
            ],
            [
              2.932153143350476,
              2.7227136331111517
            ],
            [
              2.7227136331111517,
              2.5132741228718345
            ],
            [
              2.5132741228718345,
              2.3038346126325138
            ],
            [
              2.3038346126325138,
              2.0943951023931966
            ],
            [
              2.0943951023931966,
              1.8849555921538723
            ],
            [
              1.8849555921538723,
              1.6755160819145551
            ],
            [
              1.6755160819145551,
              1.4660765716752344
            ],
            [
              1.4660765716752344,
              1.2566370614359172
            ],
            [
              1.2566370614359172,
              1.047197551196593
            ],
            [
              1.047197551196593,
              0.8377580409572793
            ],
            [
              0.8377580409572793,
              0.6283185307179551
            ],
            [
              0.6283185307179551,
              0.41887902047864145
            ],
            [
              0.41887902047864145,
              0.20943951023931717
            ],
            [
              0.20943951023931717,
              0
            ]
          ],
          "realExposureVertices": 25026
        }
      ]
    },
    {
      "step": 8,
      "seq": 13,
      "revision": 14,
      "delivery": "applied",
      "rows": [
        {
          "id": "L_Front",
          "phase": 1.5707963267948557,
          "phaseBounds": [
            [
              3.1415926535897896,
              2.932153143350476
            ],
            [
              2.932153143350476,
              2.7227136331111517
            ],
            [
              2.7227136331111517,
              2.5132741228718345
            ],
            [
              2.5132741228718345,
              2.3038346126325138
            ],
            [
              2.3038346126325138,
              2.0943951023931966
            ],
            [
              2.0943951023931966,
              1.8849555921538723
            ],
            [
              1.8849555921538723,
              1.6755160819145551
            ],
            [
              1.6755160819145551,
              1.4660765716752344
            ],
            [
              1.4660765716752344,
              1.2566370614359172
            ],
            [
              1.2566370614359172,
              1.047197551196593
            ],
            [
              1.047197551196593,
              0.8377580409572793
            ],
            [
              0.8377580409572793,
              0.6283185307179551
            ],
            [
              0.6283185307179551,
              0.41887902047864145
            ],
            [
              0.41887902047864145,
              0.20943951023931717
            ],
            [
              0.20943951023931717,
              0
            ]
          ],
          "realExposureVertices": 25026
        },
        {
          "id": "R_Front",
          "phase": 1.5707963267949339,
          "phaseBounds": [
            [
              -3.1415926535897896,
              -2.932153143350476
            ],
            [
              -2.932153143350476,
              -2.7227136331111517
            ],
            [
              -2.7227136331111517,
              -2.5132741228718345
            ],
            [
              -2.5132741228718345,
              -2.3038346126325138
            ],
            [
              -2.3038346126325138,
              -2.0943951023931966
            ],
            [
              -2.0943951023931966,
              -1.8849555921538723
            ],
            [
              -1.8849555921538723,
              -1.6755160819145551
            ],
            [
              -1.6755160819145551,
              -1.4660765716752344
            ],
            [
              -1.4660765716752344,
              -1.2566370614359172
            ],
            [
              -1.2566370614359172,
              -1.047197551196593
            ],
            [
              -1.047197551196593,
              -0.8377580409572793
            ],
            [
              -0.8377580409572793,
              -0.6283185307179551
            ],
            [
              -0.6283185307179551,
              -0.41887902047864145
            ],
            [
              -0.41887902047864145,
              -0.20943951023931717
            ],
            [
              -0.20943951023931717,
              0
            ]
          ],
          "realExposureVertices": 25026
        },
        {
          "id": "L_Rear",
          "phase": 1.5707963267949339,
          "phaseBounds": [
            [
              -3.1415926535897896,
              -2.932153143350476
            ],
            [
              -2.932153143350476,
              -2.7227136331111517
            ],
            [
              -2.7227136331111517,
              -2.5132741228718345
            ],
            [
              -2.5132741228718345,
              -2.3038346126325138
            ],
            [
              -2.3038346126325138,
              -2.0943951023931966
            ],
            [
              -2.0943951023931966,
              -1.8849555921538723
            ],
            [
              -1.8849555921538723,
              -1.6755160819145551
            ],
            [
              -1.6755160819145551,
              -1.4660765716752344
            ],
            [
              -1.4660765716752344,
              -1.2566370614359172
            ],
            [
              -1.2566370614359172,
              -1.047197551196593
            ],
            [
              -1.047197551196593,
              -0.8377580409572793
            ],
            [
              -0.8377580409572793,
              -0.6283185307179551
            ],
            [
              -0.6283185307179551,
              -0.41887902047864145
            ],
            [
              -0.41887902047864145,
              -0.20943951023931717
            ],
            [
              -0.20943951023931717,
              0
            ]
          ],
          "realExposureVertices": 25026
        },
        {
          "id": "R_Rear",
          "phase": 1.5707963267949339,
          "phaseBounds": [
            [
              3.1415926535897896,
              2.932153143350476
            ],
            [
              2.932153143350476,
              2.7227136331111517
            ],
            [
              2.7227136331111517,
              2.5132741228718345
            ],
            [
              2.5132741228718345,
              2.3038346126325138
            ],
            [
              2.3038346126325138,
              2.0943951023931966
            ],
            [
              2.0943951023931966,
              1.8849555921538723
            ],
            [
              1.8849555921538723,
              1.6755160819145551
            ],
            [
              1.6755160819145551,
              1.4660765716752344
            ],
            [
              1.4660765716752344,
              1.2566370614359172
            ],
            [
              1.2566370614359172,
              1.047197551196593
            ],
            [
              1.047197551196593,
              0.8377580409572793
            ],
            [
              0.8377580409572793,
              0.6283185307179551
            ],
            [
              0.6283185307179551,
              0.41887902047864145
            ],
            [
              0.41887902047864145,
              0.20943951023931717
            ],
            [
              0.20943951023931717,
              0
            ]
          ],
          "realExposureVertices": 25026
        }
      ]
    },
    {
      "step": 9,
      "seq": 14,
      "revision": 15,
      "delivery": "applied",
      "rows": [
        {
          "id": "L_Front",
          "phase": 1.5707963267948557,
          "phaseBounds": [
            [
              3.1415926535897896,
              2.932153143350476
            ],
            [
              2.932153143350476,
              2.7227136331111517
            ],
            [
              2.7227136331111517,
              2.5132741228718345
            ],
            [
              2.5132741228718345,
              2.3038346126325138
            ],
            [
              2.3038346126325138,
              2.0943951023931966
            ],
            [
              2.0943951023931966,
              1.8849555921538723
            ],
            [
              1.8849555921538723,
              1.6755160819145551
            ],
            [
              1.6755160819145551,
              1.4660765716752344
            ],
            [
              1.4660765716752344,
              1.2566370614359172
            ],
            [
              1.2566370614359172,
              1.047197551196593
            ],
            [
              1.047197551196593,
              0.8377580409572793
            ],
            [
              0.8377580409572793,
              0.6283185307179551
            ],
            [
              0.6283185307179551,
              0.41887902047864145
            ],
            [
              0.41887902047864145,
              0.20943951023931717
            ],
            [
              0.20943951023931717,
              0
            ]
          ],
          "realExposureVertices": 25026
        },
        {
          "id": "R_Front",
          "phase": 1.5707963267949339,
          "phaseBounds": [
            [
              -3.1415926535897896,
              -2.932153143350476
            ],
            [
              -2.932153143350476,
              -2.7227136331111517
            ],
            [
              -2.7227136331111517,
              -2.5132741228718345
            ],
            [
              -2.5132741228718345,
              -2.3038346126325138
            ],
            [
              -2.3038346126325138,
              -2.0943951023931966
            ],
            [
              -2.0943951023931966,
              -1.8849555921538723
            ],
            [
              -1.8849555921538723,
              -1.6755160819145551
            ],
            [
              -1.6755160819145551,
              -1.4660765716752344
            ],
            [
              -1.4660765716752344,
              -1.2566370614359172
            ],
            [
              -1.2566370614359172,
              -1.047197551196593
            ],
            [
              -1.047197551196593,
              -0.8377580409572793
            ],
            [
              -0.8377580409572793,
              -0.6283185307179551
            ],
            [
              -0.6283185307179551,
              -0.41887902047864145
            ],
            [
              -0.41887902047864145,
              -0.20943951023931717
            ],
            [
              -0.20943951023931717,
              0
            ]
          ],
          "realExposureVertices": 25026
        },
        {
          "id": "L_Rear",
          "phase": 1.5707963267949339,
          "phaseBounds": [
            [
              -3.1415926535897896,
              -2.932153143350476
            ],
            [
              -2.932153143350476,
              -2.7227136331111517
            ],
            [
              -2.7227136331111517,
              -2.5132741228718345
            ],
            [
              -2.5132741228718345,
              -2.3038346126325138
            ],
            [
              -2.3038346126325138,
              -2.0943951023931966
            ],
            [
              -2.0943951023931966,
              -1.8849555921538723
            ],
            [
              -1.8849555921538723,
              -1.6755160819145551
            ],
            [
              -1.6755160819145551,
              -1.4660765716752344
            ],
            [
              -1.4660765716752344,
              -1.2566370614359172
            ],
            [
              -1.2566370614359172,
              -1.047197551196593
            ],
            [
              -1.047197551196593,
              -0.8377580409572793
            ],
            [
              -0.8377580409572793,
              -0.6283185307179551
            ],
            [
              -0.6283185307179551,
              -0.41887902047864145
            ],
            [
              -0.41887902047864145,
              -0.20943951023931717
            ],
            [
              -0.20943951023931717,
              0
            ]
          ],
          "realExposureVertices": 25026
        },
        {
          "id": "R_Rear",
          "phase": 1.5707963267949339,
          "phaseBounds": [
            [
              3.1415926535897896,
              2.932153143350476
            ],
            [
              2.932153143350476,
              2.7227136331111517
            ],
            [
              2.7227136331111517,
              2.5132741228718345
            ],
            [
              2.5132741228718345,
              2.3038346126325138
            ],
            [
              2.3038346126325138,
              2.0943951023931966
            ],
            [
              2.0943951023931966,
              1.8849555921538723
            ],
            [
              1.8849555921538723,
              1.6755160819145551
            ],
            [
              1.6755160819145551,
              1.4660765716752344
            ],
            [
              1.4660765716752344,
              1.2566370614359172
            ],
            [
              1.2566370614359172,
              1.047197551196593
            ],
            [
              1.047197551196593,
              0.8377580409572793
            ],
            [
              0.8377580409572793,
              0.6283185307179551
            ],
            [
              0.6283185307179551,
              0.41887902047864145
            ],
            [
              0.41887902047864145,
              0.20943951023931717
            ],
            [
              0.20943951023931717,
              0
            ]
          ],
          "realExposureVertices": 25026
        }
      ]
    }
  ],
  "pixelSamples": [
    {
      "name": "sdk-step-1",
      "sample": {
        "state": {
          "owner": "external",
          "positionM": [
            0,
            0,
            0
          ],
          "attitude": [
            0,
            0,
            0,
            1
          ],
          "motors": {
            "L_Front": {
              "targetRpm": 1800,
              "enabled": true
            },
            "R_Front": {
              "targetRpm": 1800,
              "enabled": true
            },
            "L_Rear": {
              "targetRpm": 1800,
              "enabled": true
            },
            "R_Rear": {
              "targetRpm": 1800,
              "enabled": true
            }
          },
          "wingTilt": 0.5,
          "surfaces": {
            "L_Inboard": 0,
            "R_Inboard": 0,
            "L_Outboard": 0,
            "R_Outboard": 0,
            "Tail_L": 0,
            "Tail_R": 0
          },
          "hatchDeg": 0,
          "display": {
            "wireframe": false,
            "exploded": false,
            "environment": "hangar"
          },
          "time": {
            "seconds": 2.4,
            "mode": "deterministic",
            "paused": true
          }
        },
        "actuators": {
          "L_Front": {
            "rpm": 1800,
            "phase": 1.5707963267948557,
            "fold": 0,
            "stage": "running",
            "requested": true
          },
          "R_Front": {
            "rpm": 1800,
            "phase": 1.5707963267949339,
            "fold": 0,
            "stage": "running",
            "requested": true
          },
          "L_Rear": {
            "rpm": 1800,
            "phase": 1.5707963267949339,
            "fold": 0,
            "stage": "running",
            "requested": true
          },
          "R_Rear": {
            "rpm": 1800,
            "phase": 1.5707963267949339,
            "fold": 0,
            "stage": "running",
            "requested": true
          }
        },
        "exposure": {
          "samples": [
            {
              "L_Front": {
                "rpm": 1800,
                "phase": 4.712388980384652,
                "fold": 0,
                "stage": "running",
                "requested": true
              },
              "R_Front": {
                "rpm": 1800,
                "phase": 4.7123889803847305,
                "fold": 0,
                "stage": "running",
                "requested": true
              },
              "L_Rear": {
                "rpm": 1800,
                "phase": 4.7123889803847305,
                "fold": 0,
                "stage": "running",
                "requested": true
              },
              "R_Rear": {
                "rpm": 1800,
                "phase": 4.7123889803847305,
                "fold": 0,
                "stage": "running",
                "requested": true
              }
            },
            {
              "L_Front": {
                "rpm": 1800,
                "phase": 4.921828490623966,
                "fold": 0,
                "stage": "running",
                "requested": true
              },
              "R_Front": {
                "rpm": 1800,
                "phase": 4.921828490624044,
                "fold": 0,
                "stage": "running",
                "requested": true
              },
              "L_Rear": {
                "rpm": 1800,
                "phase": 4.921828490624044,
                "fold": 0,
                "stage": "running",
                "requested": true
              },
              "R_Rear": {
                "rpm": 1800,
                "phase": 4.921828490624044,
                "fold": 0,
                "stage": "running",
                "requested": true
              }
            },
            {
              "L_Front": {
                "rpm": 1800,
                "phase": 5.13126800086329,
                "fold": 0,
                "stage": "running",
                "requested": true
              },
              "R_Front": {
                "rpm": 1800,
                "phase": 5.131268000863368,
                "fold": 0,
                "stage": "running",
                "requested": true
              },
              "L_Rear": {
                "rpm": 1800,
                "phase": 5.131268000863368,
                "fold": 0,
                "stage": "running",
                "requested": true
              },
              "R_Rear": {
                "rpm": 1800,
                "phase": 5.131268000863368,
                "fold": 0,
                "stage": "running",
                "requested": true
              }
            },
            {
              "L_Front": {
                "rpm": 1800,
                "phase": 5.340707511102607,
                "fold": 0,
                "stage": "running",
                "requested": true
              },
              "R_Front": {
                "rpm": 1800,
                "phase": 5.340707511102686,
                "fold": 0,
                "stage": "running",
                "requested": true
              },
              "L_Rear": {
                "rpm": 1800,
                "phase": 5.340707511102686,
                "fold": 0,
                "stage": "running",
                "requested": true
              },
              "R_Rear": {
                "rpm": 1800,
                "phase": 5.340707511102686,
                "fold": 0,
                "stage": "running",
                "requested": true
              }
            },
            {
              "L_Front": {
                "rpm": 1800,
                "phase": 5.550147021341928,
                "fold": 0,
                "stage": "running",
                "requested": true
              },
              "R_Front": {
                "rpm": 1800,
                "phase": 5.550147021342006,
                "fold": 0,
                "stage": "running",
                "requested": true
              },
              "L_Rear": {
                "rpm": 1800,
                "phase": 5.550147021342006,
                "fold": 0,
                "stage": "running",
                "requested": true
              },
              "R_Rear": {
                "rpm": 1800,
                "phase": 5.550147021342006,
                "fold": 0,
                "stage": "running",
                "requested": true
              }
            },
            {
              "L_Front": {
                "rpm": 1800,
                "phase": 5.759586531581245,
                "fold": 0,
                "stage": "running",
                "requested": true
              },
              "R_Front": {
                "rpm": 1800,
                "phase": 5.7595865315813235,
                "fold": 0,
                "stage": "running",
                "requested": true
              },
              "L_Rear": {
                "rpm": 1800,
                "phase": 5.7595865315813235,
                "fold": 0,
                "stage": "running",
                "requested": true
              },
              "R_Rear": {
                "rpm": 1800,
                "phase": 5.7595865315813235,
                "fold": 0,
                "stage": "running",
                "requested": true
              }
            },
            {
              "L_Front": {
                "rpm": 1800,
                "phase": 5.96902604182057,
                "fold": 0,
                "stage": "running",
                "requested": true
              },
              "R_Front": {
                "rpm": 1800,
                "phase": 5.969026041820648,
                "fold": 0,
                "stage": "running",
                "requested": true
              },
              "L_Rear": {
                "rpm": 1800,
                "phase": 5.969026041820648,
                "fold": 0,
                "stage": "running",
                "requested": true
              },
              "R_Rear": {
                "rpm": 1800,
                "phase": 5.969026041820648,
                "fold": 0,
                "stage": "running",
                "requested": true
              }
            },
            {
              "L_Front": {
                "rpm": 1800,
                "phase": 6.178465552059887,
                "fold": 0,
                "stage": "running",
                "requested": true
              },
              "R_Front": {
                "rpm": 1800,
                "phase": 6.178465552059965,
                "fold": 0,
                "stage": "running",
                "requested": true
              },
              "L_Rear": {
                "rpm": 1800,
                "phase": 6.178465552059965,
                "fold": 0,
                "stage": "running",
                "requested": true
              },
              "R_Rear": {
                "rpm": 1800,
                "phase": 6.178465552059965,
                "fold": 0,
                "stage": "running",
                "requested": true
              }
            },
            {
              "L_Front": {
                "rpm": 1800,
                "phase": 0.10471975511962128,
                "fold": 0,
                "stage": "running",
                "requested": true
              },
              "R_Front": {
                "rpm": 1800,
                "phase": 0.10471975511969944,
                "fold": 0,
                "stage": "running",
                "requested": true
              },
              "L_Rear": {
                "rpm": 1800,
                "phase": 0.10471975511969944,
                "fold": 0,
                "stage": "running",
                "requested": true
              },
              "R_Rear": {
                "rpm": 1800,
                "phase": 0.10471975511969944,
                "fold": 0,
                "stage": "running",
                "requested": true
              }
            },
            {
              "L_Front": {
                "rpm": 1800,
                "phase": 0.31415926535893846,
                "fold": 0,
                "stage": "running",
                "requested": true
              },
              "R_Front": {
                "rpm": 1800,
                "phase": 0.3141592653590166,
                "fold": 0,
                "stage": "running",
                "requested": true
              },
              "L_Rear": {
                "rpm": 1800,
                "phase": 0.3141592653590166,
                "fold": 0,
                "stage": "running",
                "requested": true
              },
              "R_Rear": {
                "rpm": 1800,
                "phase": 0.3141592653590166,
                "fold": 0,
                "stage": "running",
                "requested": true
              }
            },
            {
              "L_Front": {
                "rpm": 1800,
                "phase": 0.5235987755982627,
                "fold": 0,
                "stage": "running",
                "requested": true
              },
              "R_Front": {
                "rpm": 1800,
                "phase": 0.5235987755983409,
                "fold": 0,
                "stage": "running",
                "requested": true
              },
              "L_Rear": {
                "rpm": 1800,
                "phase": 0.5235987755983409,
                "fold": 0,
                "stage": "running",
                "requested": true
              },
              "R_Rear": {
                "rpm": 1800,
                "phase": 0.5235987755983409,
                "fold": 0,
                "stage": "running",
                "requested": true
              }
            },
            {
              "L_Front": {
                "rpm": 1800,
                "phase": 0.7330382858375764,
                "fold": 0,
                "stage": "running",
                "requested": true
              },
              "R_Front": {
                "rpm": 1800,
                "phase": 0.7330382858376545,
                "fold": 0,
                "stage": "running",
                "requested": true
              },
              "L_Rear": {
                "rpm": 1800,
                "phase": 0.7330382858376545,
                "fold": 0,
                "stage": "running",
                "requested": true
              },
              "R_Rear": {
                "rpm": 1800,
                "phase": 0.7330382858376545,
                "fold": 0,
                "stage": "running",
                "requested": true
              }
            },
            {
              "L_Front": {
                "rpm": 1800,
                "phase": 0.9424777960769006,
                "fold": 0,
                "stage": "running",
                "requested": true
              },
              "R_Front": {
                "rpm": 1800,
                "phase": 0.9424777960769788,
                "fold": 0,
                "stage": "running",
                "requested": true
              },
              "L_Rear": {
                "rpm": 1800,
                "phase": 0.9424777960769788,
                "fold": 0,
                "stage": "running",
                "requested": true
              },
              "R_Rear": {
                "rpm": 1800,
                "phase": 0.9424777960769788,
                "fold": 0,
                "stage": "running",
                "requested": true
              }
            },
            {
              "L_Front": {
                "rpm": 1800,
                "phase": 1.1519173063162143,
                "fold": 0,
                "stage": "running",
                "requested": true
              },
              "R_Front": {
                "rpm": 1800,
                "phase": 1.1519173063162924,
                "fold": 0,
                "stage": "running",
                "requested": true
              },
              "L_Rear": {
                "rpm": 1800,
                "phase": 1.1519173063162924,
                "fold": 0,
                "stage": "running",
                "requested": true
              },
              "R_Rear": {
                "rpm": 1800,
                "phase": 1.1519173063162924,
                "fold": 0,
                "stage": "running",
                "requested": true
              }
            },
            {
              "L_Front": {
                "rpm": 1800,
                "phase": 1.3613568165555385,
                "fold": 0,
                "stage": "running",
                "requested": true
              },
              "R_Front": {
                "rpm": 1800,
                "phase": 1.3613568165556167,
                "fold": 0,
                "stage": "running",
                "requested": true
              },
              "L_Rear": {
                "rpm": 1800,
                "phase": 1.3613568165556167,
                "fold": 0,
                "stage": "running",
                "requested": true
              },
              "R_Rear": {
                "rpm": 1800,
                "phase": 1.3613568165556167,
                "fold": 0,
                "stage": "running",
                "requested": true
              }
            },
            {
              "L_Front": {
                "rpm": 1800,
                "phase": 1.5707963267948557,
                "fold": 0,
                "stage": "running",
                "requested": true
              },
              "R_Front": {
                "rpm": 1800,
                "phase": 1.5707963267949339,
                "fold": 0,
                "stage": "running",
                "requested": true
              },
              "L_Rear": {
                "rpm": 1800,
                "phase": 1.5707963267949339,
                "fold": 0,
                "stage": "running",
                "requested": true
              },
              "R_Rear": {
                "rpm": 1800,
                "phase": 1.5707963267949339,
                "fold": 0,
                "stage": "running",
                "requested": true
              }
            }
          ],
          "activeIds": [
            "L_Front",
            "R_Front",
            "L_Rear",
            "R_Rear"
          ]
        }
      },
      "seq": 5,
      "revision": 6
    },
    {
      "name": "sdk-step-10",
      "sample": {
        "state": {
          "owner": "external",
          "positionM": [
            0,
            0,
            0
          ],
          "attitude": [
            0,
            0,
            0,
            1
          ],
          "motors": {
            "L_Front": {
              "targetRpm": 1800,
              "enabled": true
            },
            "R_Front": {
              "targetRpm": 1800,
              "enabled": true
            },
            "L_Rear": {
              "targetRpm": 1800,
              "enabled": true
            },
            "R_Rear": {
              "targetRpm": 1800,
              "enabled": true
            }
          },
          "wingTilt": 0.5,
          "surfaces": {
            "L_Inboard": 0,
            "R_Inboard": 0,
            "L_Outboard": 0,
            "R_Outboard": 0,
            "Tail_L": 0,
            "Tail_R": 0
          },
          "hatchDeg": 0,
          "display": {
            "wireframe": false,
            "exploded": false,
            "environment": "hangar"
          },
          "time": {
            "seconds": 3.3000000000000007,
            "mode": "deterministic",
            "paused": true
          }
        },
        "actuators": {
          "L_Front": {
            "rpm": 1800,
            "phase": 1.5707963267948557,
            "fold": 0,
            "stage": "running",
            "requested": true
          },
          "R_Front": {
            "rpm": 1800,
            "phase": 1.5707963267949339,
            "fold": 0,
            "stage": "running",
            "requested": true
          },
          "L_Rear": {
            "rpm": 1800,
            "phase": 1.5707963267949339,
            "fold": 0,
            "stage": "running",
            "requested": true
          },
          "R_Rear": {
            "rpm": 1800,
            "phase": 1.5707963267949339,
            "fold": 0,
            "stage": "running",
            "requested": true
          }
        },
        "exposure": {
          "samples": [
            {
              "L_Front": {
                "rpm": 1800,
                "phase": 4.712388980384652,
                "fold": 0,
                "stage": "running",
                "requested": true
              },
              "R_Front": {
                "rpm": 1800,
                "phase": 4.7123889803847305,
                "fold": 0,
                "stage": "running",
                "requested": true
              },
              "L_Rear": {
                "rpm": 1800,
                "phase": 4.7123889803847305,
                "fold": 0,
                "stage": "running",
                "requested": true
              },
              "R_Rear": {
                "rpm": 1800,
                "phase": 4.7123889803847305,
                "fold": 0,
                "stage": "running",
                "requested": true
              }
            },
            {
              "L_Front": {
                "rpm": 1800,
                "phase": 4.921828490623966,
                "fold": 0,
                "stage": "running",
                "requested": true
              },
              "R_Front": {
                "rpm": 1800,
                "phase": 4.921828490624044,
                "fold": 0,
                "stage": "running",
                "requested": true
              },
              "L_Rear": {
                "rpm": 1800,
                "phase": 4.921828490624044,
                "fold": 0,
                "stage": "running",
                "requested": true
              },
              "R_Rear": {
                "rpm": 1800,
                "phase": 4.921828490624044,
                "fold": 0,
                "stage": "running",
                "requested": true
              }
            },
            {
              "L_Front": {
                "rpm": 1800,
                "phase": 5.13126800086329,
                "fold": 0,
                "stage": "running",
                "requested": true
              },
              "R_Front": {
                "rpm": 1800,
                "phase": 5.131268000863368,
                "fold": 0,
                "stage": "running",
                "requested": true
              },
              "L_Rear": {
                "rpm": 1800,
                "phase": 5.131268000863368,
                "fold": 0,
                "stage": "running",
                "requested": true
              },
              "R_Rear": {
                "rpm": 1800,
                "phase": 5.131268000863368,
                "fold": 0,
                "stage": "running",
                "requested": true
              }
            },
            {
              "L_Front": {
                "rpm": 1800,
                "phase": 5.340707511102607,
                "fold": 0,
                "stage": "running",
                "requested": true
              },
              "R_Front": {
                "rpm": 1800,
                "phase": 5.340707511102686,
                "fold": 0,
                "stage": "running",
                "requested": true
              },
              "L_Rear": {
                "rpm": 1800,
                "phase": 5.340707511102686,
                "fold": 0,
                "stage": "running",
                "requested": true
              },
              "R_Rear": {
                "rpm": 1800,
                "phase": 5.340707511102686,
                "fold": 0,
                "stage": "running",
                "requested": true
              }
            },
            {
              "L_Front": {
                "rpm": 1800,
                "phase": 5.550147021341928,
                "fold": 0,
                "stage": "running",
                "requested": true
              },
              "R_Front": {
                "rpm": 1800,
                "phase": 5.550147021342006,
                "fold": 0,
                "stage": "running",
                "requested": true
              },
              "L_Rear": {
                "rpm": 1800,
                "phase": 5.550147021342006,
                "fold": 0,
                "stage": "running",
                "requested": true
              },
              "R_Rear": {
                "rpm": 1800,
                "phase": 5.550147021342006,
                "fold": 0,
                "stage": "running",
                "requested": true
              }
            },
            {
              "L_Front": {
                "rpm": 1800,
                "phase": 5.759586531581245,
                "fold": 0,
                "stage": "running",
                "requested": true
              },
              "R_Front": {
                "rpm": 1800,
                "phase": 5.7595865315813235,
                "fold": 0,
                "stage": "running",
                "requested": true
              },
              "L_Rear": {
                "rpm": 1800,
                "phase": 5.7595865315813235,
                "fold": 0,
                "stage": "running",
                "requested": true
              },
              "R_Rear": {
                "rpm": 1800,
                "phase": 5.7595865315813235,
                "fold": 0,
                "stage": "running",
                "requested": true
              }
            },
            {
              "L_Front": {
                "rpm": 1800,
                "phase": 5.96902604182057,
                "fold": 0,
                "stage": "running",
                "requested": true
              },
              "R_Front": {
                "rpm": 1800,
                "phase": 5.969026041820648,
                "fold": 0,
                "stage": "running",
                "requested": true
              },
              "L_Rear": {
                "rpm": 1800,
                "phase": 5.969026041820648,
                "fold": 0,
                "stage": "running",
                "requested": true
              },
              "R_Rear": {
                "rpm": 1800,
                "phase": 5.969026041820648,
                "fold": 0,
                "stage": "running",
                "requested": true
              }
            },
            {
              "L_Front": {
                "rpm": 1800,
                "phase": 6.178465552059887,
                "fold": 0,
                "stage": "running",
                "requested": true
              },
              "R_Front": {
                "rpm": 1800,
                "phase": 6.178465552059965,
                "fold": 0,
                "stage": "running",
                "requested": true
              },
              "L_Rear": {
                "rpm": 1800,
                "phase": 6.178465552059965,
                "fold": 0,
                "stage": "running",
                "requested": true
              },
              "R_Rear": {
                "rpm": 1800,
                "phase": 6.178465552059965,
                "fold": 0,
                "stage": "running",
                "requested": true
              }
            },
            {
              "L_Front": {
                "rpm": 1800,
                "phase": 0.10471975511962128,
                "fold": 0,
                "stage": "running",
                "requested": true
              },
              "R_Front": {
                "rpm": 1800,
                "phase": 0.10471975511969944,
                "fold": 0,
                "stage": "running",
                "requested": true
              },
              "L_Rear": {
                "rpm": 1800,
                "phase": 0.10471975511969944,
                "fold": 0,
                "stage": "running",
                "requested": true
              },
              "R_Rear": {
                "rpm": 1800,
                "phase": 0.10471975511969944,
                "fold": 0,
                "stage": "running",
                "requested": true
              }
            },
            {
              "L_Front": {
                "rpm": 1800,
                "phase": 0.31415926535893846,
                "fold": 0,
                "stage": "running",
                "requested": true
              },
              "R_Front": {
                "rpm": 1800,
                "phase": 0.3141592653590166,
                "fold": 0,
                "stage": "running",
                "requested": true
              },
              "L_Rear": {
                "rpm": 1800,
                "phase": 0.3141592653590166,
                "fold": 0,
                "stage": "running",
                "requested": true
              },
              "R_Rear": {
                "rpm": 1800,
                "phase": 0.3141592653590166,
                "fold": 0,
                "stage": "running",
                "requested": true
              }
            },
            {
              "L_Front": {
                "rpm": 1800,
                "phase": 0.5235987755982627,
                "fold": 0,
                "stage": "running",
                "requested": true
              },
              "R_Front": {
                "rpm": 1800,
                "phase": 0.5235987755983409,
                "fold": 0,
                "stage": "running",
                "requested": true
              },
              "L_Rear": {
                "rpm": 1800,
                "phase": 0.5235987755983409,
                "fold": 0,
                "stage": "running",
                "requested": true
              },
              "R_Rear": {
                "rpm": 1800,
                "phase": 0.5235987755983409,
                "fold": 0,
                "stage": "running",
                "requested": true
              }
            },
            {
              "L_Front": {
                "rpm": 1800,
                "phase": 0.7330382858375764,
                "fold": 0,
                "stage": "running",
                "requested": true
              },
              "R_Front": {
                "rpm": 1800,
                "phase": 0.7330382858376545,
                "fold": 0,
                "stage": "running",
                "requested": true
              },
              "L_Rear": {
                "rpm": 1800,
                "phase": 0.7330382858376545,
                "fold": 0,
                "stage": "running",
                "requested": true
              },
              "R_Rear": {
                "rpm": 1800,
                "phase": 0.7330382858376545,
                "fold": 0,
                "stage": "running",
                "requested": true
              }
            },
            {
              "L_Front": {
                "rpm": 1800,
                "phase": 0.9424777960769006,
                "fold": 0,
                "stage": "running",
                "requested": true
              },
              "R_Front": {
                "rpm": 1800,
                "phase": 0.9424777960769788,
                "fold": 0,
                "stage": "running",
                "requested": true
              },
              "L_Rear": {
                "rpm": 1800,
                "phase": 0.9424777960769788,
                "fold": 0,
                "stage": "running",
                "requested": true
              },
              "R_Rear": {
                "rpm": 1800,
                "phase": 0.9424777960769788,
                "fold": 0,
                "stage": "running",
                "requested": true
              }
            },
            {
              "L_Front": {
                "rpm": 1800,
                "phase": 1.1519173063162143,
                "fold": 0,
                "stage": "running",
                "requested": true
              },
              "R_Front": {
                "rpm": 1800,
                "phase": 1.1519173063162924,
                "fold": 0,
                "stage": "running",
                "requested": true
              },
              "L_Rear": {
                "rpm": 1800,
                "phase": 1.1519173063162924,
                "fold": 0,
                "stage": "running",
                "requested": true
              },
              "R_Rear": {
                "rpm": 1800,
                "phase": 1.1519173063162924,
                "fold": 0,
                "stage": "running",
                "requested": true
              }
            },
            {
              "L_Front": {
                "rpm": 1800,
                "phase": 1.3613568165555385,
                "fold": 0,
                "stage": "running",
                "requested": true
              },
              "R_Front": {
                "rpm": 1800,
                "phase": 1.3613568165556167,
                "fold": 0,
                "stage": "running",
                "requested": true
              },
              "L_Rear": {
                "rpm": 1800,
                "phase": 1.3613568165556167,
                "fold": 0,
                "stage": "running",
                "requested": true
              },
              "R_Rear": {
                "rpm": 1800,
                "phase": 1.3613568165556167,
                "fold": 0,
                "stage": "running",
                "requested": true
              }
            },
            {
              "L_Front": {
                "rpm": 1800,
                "phase": 1.5707963267948557,
                "fold": 0,
                "stage": "running",
                "requested": true
              },
              "R_Front": {
                "rpm": 1800,
                "phase": 1.5707963267949339,
                "fold": 0,
                "stage": "running",
                "requested": true
              },
              "L_Rear": {
                "rpm": 1800,
                "phase": 1.5707963267949339,
                "fold": 0,
                "stage": "running",
                "requested": true
              },
              "R_Rear": {
                "rpm": 1800,
                "phase": 1.5707963267949339,
                "fold": 0,
                "stage": "running",
                "requested": true
              }
            }
          ],
          "activeIds": [
            "L_Front",
            "R_Front",
            "L_Rear",
            "R_Rear"
          ]
        }
      },
      "seq": 14,
      "revision": 15
    },
    {
      "name": "sdk-pause",
      "sample": {
        "state": {
          "owner": "external",
          "positionM": [
            0,
            0,
            0
          ],
          "attitude": [
            0,
            0,
            0,
            1
          ],
          "motors": {
            "L_Front": {
              "targetRpm": 1800,
              "enabled": true
            },
            "R_Front": {
              "targetRpm": 1800,
              "enabled": true
            },
            "L_Rear": {
              "targetRpm": 1800,
              "enabled": true
            },
            "R_Rear": {
              "targetRpm": 1800,
              "enabled": true
            }
          },
          "wingTilt": 0.5,
          "surfaces": {
            "L_Inboard": 0,
            "R_Inboard": 0,
            "L_Outboard": 0,
            "R_Outboard": 0,
            "Tail_L": 0,
            "Tail_R": 0
          },
          "hatchDeg": 0,
          "display": {
            "wireframe": false,
            "exploded": false,
            "environment": "hangar"
          },
          "time": {
            "seconds": 3.3000000000000007,
            "mode": "deterministic",
            "paused": true
          }
        },
        "actuators": {
          "L_Front": {
            "rpm": 1800,
            "phase": 1.5707963267948557,
            "fold": 0,
            "stage": "running",
            "requested": true
          },
          "R_Front": {
            "rpm": 1800,
            "phase": 1.5707963267949339,
            "fold": 0,
            "stage": "running",
            "requested": true
          },
          "L_Rear": {
            "rpm": 1800,
            "phase": 1.5707963267949339,
            "fold": 0,
            "stage": "running",
            "requested": true
          },
          "R_Rear": {
            "rpm": 1800,
            "phase": 1.5707963267949339,
            "fold": 0,
            "stage": "running",
            "requested": true
          }
        },
        "exposure": null
      }
    },
    {
      "name": "sdk-disconnect",
      "sample": {
        "state": {
          "owner": "external",
          "positionM": [
            2,
            4,
            -3
          ],
          "attitude": [
            0,
            0,
            0,
            1
          ],
          "motors": {
            "L_Front": {
              "targetRpm": 1800,
              "enabled": true
            },
            "R_Front": {
              "targetRpm": 840,
              "enabled": true
            },
            "L_Rear": {
              "targetRpm": 0,
              "enabled": false
            },
            "R_Rear": {
              "targetRpm": 1260,
              "enabled": true
            }
          },
          "wingTilt": 0.5,
          "surfaces": {
            "L_Inboard": 12,
            "R_Inboard": -11,
            "L_Outboard": 6,
            "R_Outboard": -4,
            "Tail_L": 3,
            "Tail_R": -2
          },
          "hatchDeg": 17,
          "display": {
            "wireframe": false,
            "exploded": false,
            "environment": "hangar"
          },
          "time": {
            "seconds": 2,
            "mode": "deterministic",
            "paused": true
          }
        },
        "actuators": {
          "L_Front": {
            "rpm": 1800,
            "phase": 1.5707963267949339,
            "fold": 0,
            "stage": "running",
            "requested": true
          },
          "R_Front": {
            "rpm": 840,
            "phase": 2.8274333882308156,
            "fold": 0,
            "stage": "running",
            "requested": true
          },
          "L_Rear": {
            "rpm": 0,
            "phase": 0,
            "fold": 1,
            "stage": "folded",
            "requested": false
          },
          "R_Rear": {
            "rpm": 1260,
            "phase": 5.262167694762901,
            "fold": 0,
            "stage": "running",
            "requested": true
          }
        },
        "exposure": null
      }
    }
  ],
  "v22WingTiltReceipts": [
    {
      "wingTilt": 0,
      "seq": 19,
      "revision": 20,
      "delivery": "applied",
      "internalDrive": {
        "travel": -4.440892098500626e-16,
        "rows": [
          {
            "name": "Drive_ScrewRotor",
            "expectedUnwrappedRadians": 8.719671245021579e-14,
            "quaternion": [
              0,
              0,
              0.000008965227563446166,
              0.9999999999598124
            ],
            "qerror": 0
          },
          {
            "name": "Drive_MotorRotor",
            "expectedUnwrappedRadians": 2.615901373506474e-13,
            "quaternion": [
              0,
              0,
              0.0000268956826816915,
              0.9999999996383111
            ],
            "qerror": 0
          },
          {
            "name": "Drive_PlanetRotor_0",
            "expectedUnwrappedRadians": -3.4878684980086315e-13,
            "quaternion": [
              0,
              0,
              -0.00003586091023216718,
              0.9999999993569977
            ],
            "qerror": -2.220446049250313e-16
          },
          {
            "name": "Drive_PlanetRotor_1",
            "expectedUnwrappedRadians": -3.4878684980086315e-13,
            "quaternion": [
              0,
              0,
              -0.00003586091023216718,
              0.9999999993569977
            ],
            "qerror": -2.220446049250313e-16
          },
          {
            "name": "Drive_PlanetRotor_2",
            "expectedUnwrappedRadians": -3.4878684980086315e-13,
            "quaternion": [
              0,
              0,
              -0.00003586091023216718,
              0.9999999993569977
            ],
            "qerror": -2.220446049250313e-16
          }
        ],
        "slider": [
          0,
          -0.019999999552965164,
          -1.0145353078842159
        ]
      },
      "rodEndpoints": [
        {
          "side": "L",
          "body": [
            -0.1599999964237213,
            -0.019999999552965164,
            -1.0145353078842159
          ],
          "wing": [
            -1.4744556549708099,
            -0.5210000582496628,
            1.8500001750370132
          ],
          "length": 3.1912941371824872,
          "scale": [
            1,
            1,
            1
          ]
        },
        {
          "side": "R",
          "body": [
            0.1599999964237213,
            -0.019999999552965164,
            -1.0145353078842159
          ],
          "wing": [
            1.4744555950164795,
            -0.5210000425577164,
            1.850000023841858
          ],
          "length": 3.1912939743103608,
          "scale": [
            1,
            1,
            1
          ]
        }
      ]
    },
    {
      "wingTilt": 0.125,
      "seq": 20,
      "revision": 21,
      "delivery": "applied",
      "internalDrive": {
        "travel": 0.10422886449974467,
        "rows": [
          {
            "name": "Drive_ScrewRotor",
            "expectedUnwrappedRadians": -20.46528968777524,
            "quaternion": [
              0,
              0,
              -0.7228209422360514,
              -0.6910353720794522
            ],
            "qerror": -2.220446049250313e-16
          },
          {
            "name": "Drive_MotorRotor",
            "expectedUnwrappedRadians": -61.39586906332572,
            "quaternion": [
              0,
              0,
              -0.657853464794655,
              0.7531459479129311
            ],
            "qerror": -2.220446049250313e-16
          },
          {
            "name": "Drive_PlanetRotor_0",
            "expectedUnwrappedRadians": 81.86115875110096,
            "quaternion": [
              0,
              0,
              0.08978964989354897,
              -0.9959607516222684
            ],
            "qerror": 0
          },
          {
            "name": "Drive_PlanetRotor_1",
            "expectedUnwrappedRadians": 81.86115875110096,
            "quaternion": [
              0,
              0,
              0.08978964989354897,
              -0.9959607516222684
            ],
            "qerror": 0
          },
          {
            "name": "Drive_PlanetRotor_2",
            "expectedUnwrappedRadians": 81.86115875110096,
            "quaternion": [
              0,
              0,
              0.08978964989354897,
              -0.9959607516222684
            ],
            "qerror": 0
          }
        ],
        "slider": [
          0,
          -0.019999999552965164,
          -1.118764172383961
        ]
      },
      "rodEndpoints": [
        {
          "side": "L",
          "body": [
            -0.1599999964237213,
            -0.019999999552965164,
            -1.118764172383961
          ],
          "wing": [
            -1.368373236195483,
            -0.5618635848332463,
            1.7847812828452696
          ],
          "length": 3.1912941371824872,
          "scale": [
            1,
            1,
            1
          ]
        },
        {
          "side": "R",
          "body": [
            0.1599999964237213,
            -0.019999999552965164,
            -1.118764172383961
          ],
          "wing": [
            1.3683731924178992,
            -0.5618635579511833,
            1.7847811366367445
          ],
          "length": 3.1912939743103608,
          "scale": [
            1,
            1,
            1
          ]
        }
      ]
    },
    {
      "wingTilt": 0.5,
      "seq": 21,
      "revision": 22,
      "delivery": "applied",
      "internalDrive": {
        "travel": 0.49278150823764233,
        "rows": [
          {
            "name": "Drive_ScrewRotor",
            "expectedUnwrappedRadians": -96.7574228815172,
            "quaternion": [
              0,
              0,
              -0.950496738187809,
              -0.31073453411929575
            ],
            "qerror": -2.220446049250313e-16
          },
          {
            "name": "Drive_MotorRotor",
            "expectedUnwrappedRadians": -290.2722686445516,
            "quaternion": [
              0,
              0,
              0.5833922734374538,
              0.8121905289360859
            ],
            "qerror": 0
          },
          {
            "name": "Drive_PlanetRotor_0",
            "expectedUnwrappedRadians": 387.0296915260688,
            "quaternion": [
              0,
              0,
              0.9532645748361697,
              0.30213680736119614
            ],
            "qerror": 0
          },
          {
            "name": "Drive_PlanetRotor_1",
            "expectedUnwrappedRadians": 387.0296915260688,
            "quaternion": [
              0,
              0,
              0.9532645748361697,
              0.30213680736119614
            ],
            "qerror": 0
          },
          {
            "name": "Drive_PlanetRotor_2",
            "expectedUnwrappedRadians": 387.0296915260688,
            "quaternion": [
              0,
              0,
              0.9532645748361697,
              0.30213680736119614
            ],
            "qerror": 0
          }
        ],
        "slider": [
          0,
          -0.019999999552965164,
          -1.5073168161218586
        ]
      },
      "rodEndpoints": [
        {
          "side": "L",
          "body": [
            -0.1599999964237213,
            -0.019999999552965164,
            -1.5073168161218586
          ],
          "wing": [
            -1.1196370496716677,
            -0.5206371273902017,
            1.4948186388784097
          ],
          "length": 3.1912941371824872,
          "scale": [
            1,
            1,
            1
          ]
        },
        {
          "side": "R",
          "body": [
            0.1599999964237213,
            -0.019999999552965164,
            -1.5073168161218586
          ],
          "wing": [
            1.1196370522181194,
            -0.5206370900074642,
            1.4948185284932456
          ],
          "length": 3.1912939743103608,
          "scale": [
            1,
            1,
            1
          ]
        }
      ]
    },
    {
      "wingTilt": 0.875,
      "seq": 22,
      "revision": 23,
      "delivery": "applied",
      "internalDrive": {
        "travel": 0.8261446196489581,
        "rows": [
          {
            "name": "Drive_ScrewRotor",
            "expectedUnwrappedRadians": -162.2131167432438,
            "quaternion": [
              0,
              0,
              -0.5437019032076863,
              0.8392784046121643
            ],
            "qerror": 0
          },
          {
            "name": "Drive_MotorRotor",
            "expectedUnwrappedRadians": -486.6393502297314,
            "quaternion": [
              0,
              0,
              -0.9882070045078176,
              -0.15312385915227572
            ],
            "qerror": -2.220446049250313e-16
          },
          {
            "name": "Drive_PlanetRotor_0",
            "expectedUnwrappedRadians": 648.8524669729752,
            "quaternion": [
              0,
              0,
              0.746127064522274,
              -0.6658035773314639
            ],
            "qerror": -2.220446049250313e-16
          },
          {
            "name": "Drive_PlanetRotor_1",
            "expectedUnwrappedRadians": 648.8524669729752,
            "quaternion": [
              0,
              0,
              0.746127064522274,
              -0.6658035773314639
            ],
            "qerror": -2.220446049250313e-16
          },
          {
            "name": "Drive_PlanetRotor_2",
            "expectedUnwrappedRadians": 648.8524669729752,
            "quaternion": [
              0,
              0,
              0.746127064522274,
              -0.6658035773314639
            ],
            "qerror": -2.220446049250313e-16
          }
        ],
        "slider": [
          0,
          -0.019999999552965164,
          -1.8406799275331744
        ]
      },
      "rodEndpoints": [
        {
          "side": "L",
          "body": [
            -0.1599999964237213,
            -0.019999999552965164,
            -1.8406799275331744
          ],
          "wing": [
            -1.0789613899250523,
            -0.27156274314522555,
            1.2050685948868183
          ],
          "length": 3.1912941371824872,
          "scale": [
            1,
            1,
            1
          ]
        },
        {
          "side": "R",
          "body": [
            0.1599999964237213,
            -0.019999999552965164,
            -1.8406799275331744
          ],
          "wing": [
            1.0789614148896,
            -0.27156273187392405,
            1.2050685330311863
          ],
          "length": 3.1912939743103608,
          "scale": [
            1,
            1,
            1
          ]
        }
      ]
    },
    {
      "wingTilt": 1,
      "seq": 23,
      "revision": 24,
      "delivery": "applied",
      "internalDrive": {
        "travel": 0.8854647528470272,
        "rows": [
          {
            "name": "Drive_ScrewRotor",
            "expectedUnwrappedRadians": -173.86059765980764,
            "quaternion": [
              0,
              0,
              -0.8594978801320098,
              0.5111393098251997
            ],
            "qerror": -2.220446049250313e-16
          },
          {
            "name": "Drive_MotorRotor",
            "expectedUnwrappedRadians": -521.581792979423,
            "quaternion": [
              0,
              0,
              -0.03872345323136933,
              -0.9992499658092753
            ],
            "qerror": 0
          },
          {
            "name": "Drive_PlanetRotor_0",
            "expectedUnwrappedRadians": 695.4423906392306,
            "quaternion": [
              0,
              0,
              -0.8390601481763218,
              -0.5440386638303651
            ],
            "qerror": 0
          },
          {
            "name": "Drive_PlanetRotor_1",
            "expectedUnwrappedRadians": 695.4423906392306,
            "quaternion": [
              0,
              0,
              -0.8390601481763218,
              -0.5440386638303651
            ],
            "qerror": 0
          },
          {
            "name": "Drive_PlanetRotor_2",
            "expectedUnwrappedRadians": 695.4423906392306,
            "quaternion": [
              0,
              0,
              -0.8390601481763218,
              -0.5440386638303651
            ],
            "qerror": 0
          }
        ],
        "slider": [
          0,
          -0.019999999552965164,
          -1.9000000607312435
        ]
      },
      "rodEndpoints": [
        {
          "side": "L",
          "body": [
            -0.1599999964237213,
            -0.019999999552965164,
            -1.9000000607312435
          ],
          "wing": [
            -1.119999980531129,
            -0.16545559123159803,
            1.1400000335792673
          ],
          "length": 3.1912941371824872,
          "scale": [
            1,
            1,
            1
          ]
        },
        {
          "side": "R",
          "body": [
            0.1599999964237213,
            -0.019999999552965164,
            -1.9000000607312435
          ],
          "wing": [
            1.1200000047683716,
            -0.1654555946588517,
            1.1399999856948853
          ],
          "length": 3.1912939743103608,
          "scale": [
            1,
            1,
            1
          ]
        }
      ]
    },
    {
      "wingTilt": 0,
      "seq": 24,
      "revision": 25,
      "delivery": "applied",
      "internalDrive": {
        "travel": -4.440892098500626e-16,
        "rows": [
          {
            "name": "Drive_ScrewRotor",
            "expectedUnwrappedRadians": 8.719671245021579e-14,
            "quaternion": [
              0,
              0,
              0.000008965227563446166,
              0.9999999999598124
            ],
            "qerror": 0
          },
          {
            "name": "Drive_MotorRotor",
            "expectedUnwrappedRadians": 2.615901373506474e-13,
            "quaternion": [
              0,
              0,
              0.0000268956826816915,
              0.9999999996383111
            ],
            "qerror": 0
          },
          {
            "name": "Drive_PlanetRotor_0",
            "expectedUnwrappedRadians": -3.4878684980086315e-13,
            "quaternion": [
              0,
              0,
              -0.00003586091023216718,
              0.9999999993569977
            ],
            "qerror": -2.220446049250313e-16
          },
          {
            "name": "Drive_PlanetRotor_1",
            "expectedUnwrappedRadians": -3.4878684980086315e-13,
            "quaternion": [
              0,
              0,
              -0.00003586091023216718,
              0.9999999993569977
            ],
            "qerror": -2.220446049250313e-16
          },
          {
            "name": "Drive_PlanetRotor_2",
            "expectedUnwrappedRadians": -3.4878684980086315e-13,
            "quaternion": [
              0,
              0,
              -0.00003586091023216718,
              0.9999999993569977
            ],
            "qerror": -2.220446049250313e-16
          }
        ],
        "slider": [
          0,
          -0.019999999552965164,
          -1.0145353078842159
        ]
      },
      "rodEndpoints": [
        {
          "side": "L",
          "body": [
            -0.1599999964237213,
            -0.019999999552965164,
            -1.0145353078842159
          ],
          "wing": [
            -1.4744556549708099,
            -0.5210000582496628,
            1.8500001750370132
          ],
          "length": 3.1912941371824872,
          "scale": [
            1,
            1,
            1
          ]
        },
        {
          "side": "R",
          "body": [
            0.1599999964237213,
            -0.019999999552965164,
            -1.0145353078842159
          ],
          "wing": [
            1.4744555950164795,
            -0.5210000425577164,
            1.850000023841858
          ],
          "length": 3.1912939743103608,
          "scale": [
            1,
            1,
            1
          ]
        }
      ]
    },
    {
      "wingTilt": 0.5,
      "seq": 25,
      "revision": 26,
      "delivery": "applied",
      "internalDrive": {
        "travel": 0.49278150823764233,
        "rows": [
          {
            "name": "Drive_ScrewRotor",
            "expectedUnwrappedRadians": -96.7574228815172,
            "quaternion": [
              0,
              0,
              -0.950496738187809,
              -0.31073453411929575
            ],
            "qerror": -2.220446049250313e-16
          },
          {
            "name": "Drive_MotorRotor",
            "expectedUnwrappedRadians": -290.2722686445516,
            "quaternion": [
              0,
              0,
              0.5833922734374538,
              0.8121905289360859
            ],
            "qerror": 0
          },
          {
            "name": "Drive_PlanetRotor_0",
            "expectedUnwrappedRadians": 387.0296915260688,
            "quaternion": [
              0,
              0,
              0.9532645748361697,
              0.30213680736119614
            ],
            "qerror": 0
          },
          {
            "name": "Drive_PlanetRotor_1",
            "expectedUnwrappedRadians": 387.0296915260688,
            "quaternion": [
              0,
              0,
              0.9532645748361697,
              0.30213680736119614
            ],
            "qerror": 0
          },
          {
            "name": "Drive_PlanetRotor_2",
            "expectedUnwrappedRadians": 387.0296915260688,
            "quaternion": [
              0,
              0,
              0.9532645748361697,
              0.30213680736119614
            ],
            "qerror": 0
          }
        ],
        "slider": [
          0,
          -0.019999999552965164,
          -1.5073168161218586
        ]
      },
      "rodEndpoints": [
        {
          "side": "L",
          "body": [
            -0.1599999964237213,
            -0.019999999552965164,
            -1.5073168161218586
          ],
          "wing": [
            -1.1196370496716677,
            -0.5206371273902017,
            1.4948186388784097
          ],
          "length": 3.1912941371824872,
          "scale": [
            1,
            1,
            1
          ]
        },
        {
          "side": "R",
          "body": [
            0.1599999964237213,
            -0.019999999552965164,
            -1.5073168161218586
          ],
          "wing": [
            1.1196370522181194,
            -0.5206370900074642,
            1.4948185284932456
          ],
          "length": 3.1912939743103608,
          "scale": [
            1,
            1,
            1
          ]
        }
      ]
    }
  ],
  "paintCount": 390,
  "streamEvents": 32,
  "transportErrors": [
    "AbortError: This operation was aborted"
  ],
  "serverLog": "",
  "sdkLog": "",
  "sourceSha256": {
    "src/simulation.ts": "db34291fe2bca396f94c77d359900ea05da1ab148b8d0c5cac05eb3d933e4e34",
    "src/simulationBridge.ts": "2bfac4d7037ba9513aff8c6f51689c98112c230ec5b244d76044dd3059e426d8",
    "src/motors.ts": "5297141cc670fd98034bd242e189f0d61681587db209a02da08fb73971c02824",
    "src/rig.ts": "4215cd44a02e36e62a2a7ccacd16a38b3fe9d82a727c0233af6d889caa56efb5",
    "src/rotorExposure.ts": "478cb4cddd2027e41dc74134ca808c9eff47b72ed949219d2464d951d1ae303e",
    "src/rotorExposureProfile.ts": "a8e1c9fc3ba86e3d80a749a4a9d2ea8207a3501ab9b292fcc691a39cdf1e2a24",
    "python/transwing_sim/protocol.py": "a177aa5239f1d25237e7e1687a7de675f7fe34bb2bf78df50bc897389508d62e",
    "python/transwing_sim/server.py": "55ad32a30638c87f1db04bcee8c6ccfec4297685208a14943f38575bd0d008ed",
    "python/transwing_sim/client.py": "355b5f7418afa4cbaa87d915d92b466426a27c438bc780df981cf44ed0061afa"
  }
}
