{
  "passed": true,
  "reports": [
    {
      "source": "assets/blender/xp4-source.glb",
      "sha256": "14deba2a8cb20fb13c6cc05f8c4c09d441285b9754b014499942ad39992f7ce4",
      "changedMeshes": [
        "ActuatorSideSlot_L",
        "ActuatorSideSlot_R",
        "BraceBodyCarriage_L",
        "BraceBodyCarriage_R",
        "Drive_CouplingWitness",
        "Drive_Crossbeam",
        "Drive_FrontFoot_L",
        "Drive_FrontFoot_R",
        "Drive_FrontGuidePedestal_L",
        "Drive_FrontGuidePedestal_R",
        "Drive_FrontGuideSeat_L",
        "Drive_FrontGuideSeat_R",
        "Drive_FrontScrewBearing",
        "Drive_FrontScrewPedestal",
        "Drive_FrontSupport",
        "Drive_FrontTravelStop_L",
        "Drive_FrontTravelStop_R",
        "Drive_GuideBridge_L",
        "Drive_GuideBridge_R",
        "Drive_GuideBushing_L",
        "Drive_GuideBushing_R",
        "Drive_GuideRail_L",
        "Drive_GuideRail_R",
        "Drive_LeadScrewCore",
        "Drive_LeadScrewThread",
        "Drive_MotorFoot_L",
        "Drive_MotorFoot_R",
        "Drive_MotorGearboxAdapter",
        "Drive_MotorHousing",
        "Drive_MotorMount",
        "Drive_MotorRotorDisc",
        "Drive_MotorSaddle_L",
        "Drive_MotorSaddle_R",
        "Drive_MotorShaft",
        "Drive_MotorWitness",
        "Drive_NutCarriage",
        "Drive_NutInternalThread",
        "Drive_OutputCoupling",
        "Drive_OutputWeb",
        "Drive_PlanetCarrier",
        "Drive_PlanetGear_0",
        "Drive_PlanetGear_1",
        "Drive_PlanetGear_2",
        "Drive_PlanetPin_0",
        "Drive_PlanetPin_1",
        "Drive_PlanetPin_2",
        "Drive_PlanetRetainer_0_Front",
        "Drive_PlanetRetainer_0_Rear",
        "Drive_PlanetRetainer_1_Front",
        "Drive_PlanetRetainer_1_Rear",
        "Drive_PlanetRetainer_2_Front",
        "Drive_PlanetRetainer_2_Rear",
        "Drive_RearFoot_L",
        "Drive_RearFoot_R",
        "Drive_RearGuidePedestal_L",
        "Drive_RearGuidePedestal_R",
        "Drive_RearGuideSeat_L",
        "Drive_RearGuideSeat_R",
        "Drive_RearScrewBearing",
        "Drive_RearScrewPedestal",
        "Drive_RearSupport",
        "Drive_RearTravelStop_L",
        "Drive_RearTravelStop_R",
        "Drive_ReductionHousing",
        "Drive_RingGear",
        "Drive_SunGear",
        "Fuselage",
        "Lower_fuselage_join",
        "Lower_fuselage_join001",
        "Lower_fuselage_join002",
        "Lower_fuselage_join003",
        "Tail_boom_join"
      ],
      "affectedScope": {
        "currentMeshes": [
          "ActuatorSideSlot_L",
          "ActuatorSideSlot_R",
          "Blade_L_Front_A",
          "Blade_L_Front_B",
          "Blade_L_Rear_A",
          "Blade_L_Rear_B",
          "Blade_R_Front_A",
          "Blade_R_Front_B",
          "Blade_R_Rear_A",
          "Blade_R_Rear_B",
          "Blade_hinge_arm_L_Front_A",
          "Blade_hinge_arm_L_Front_B",
          "Blade_hinge_arm_L_Rear_A",
          "Blade_hinge_arm_L_Rear_B",
          "Blade_hinge_arm_R_Front_A",
          "Blade_hinge_arm_R_Front_B",
          "Blade_hinge_arm_R_Rear_A",
          "Blade_hinge_arm_R_Rear_B",
          "Blade_hinge_pin_L_Front_A",
          "Blade_hinge_pin_L_Front_B",
          "Blade_hinge_pin_L_Rear_A",
          "Blade_hinge_pin_L_Rear_B",
          "Blade_hinge_pin_R_Front_A",
          "Blade_hinge_pin_R_Front_B",
          "Blade_hinge_pin_R_Rear_A",
          "Blade_hinge_pin_R_Rear_B",
          "BraceBallPin_L_Body",
          "BraceBallPin_L_Wing",
          "BraceBallPin_R_Body",
          "BraceBallPin_R_Wing",
          "BraceBall_L_Body",
          "BraceBall_L_Wing",
          "BraceBall_R_Body",
          "BraceBall_R_Wing",
          "BraceBodyCarriage_L",
          "BraceBodyCarriage_R",
          "BraceRodEyeNeck_L_Body",
          "BraceRodEyeNeck_L_Root",
          "BraceRodEyeNeck_R_Body",
          "BraceRodEyeNeck_R_Root",
          "BraceRodEye_L_Body",
          "BraceRodEye_L_Root",
          "BraceRodEye_R_Body",
          "BraceRodEye_R_Root",
          "BraceRodFerrule_L_Body",
          "BraceRodFerrule_L_Root",
          "BraceRodFerrule_R_Body",
          "BraceRodFerrule_R_Root",
          "BraceRod_mesh_L",
          "BraceRod_mesh_R",
          "BraceWingSeat_L",
          "BraceWingSeat_R",
          "CargoHingeCap_L",
          "CargoHingeCap_R",
          "CargoHingeFixedSeat",
          "CargoHingeMovingSeat_L",
          "CargoHingeMovingSeat_R",
          "CargoHingePin",
          "CargoHoodShell",
          "CargoLatchFixed_L",
          "CargoLatchFixed_R",
          "CargoLatchMoving_L",
          "CargoLatchMoving_R",
          "CargoLatchPin_L",
          "CargoLatchPin_R",
          "CargoOpeningLip",
          "Composite_wing_L",
          "Composite_wing_R",
          "ControlFlexureFixed_L_Inboard",
          "ControlFlexureFixed_L_Outboard",
          "ControlFlexureFixed_R_Inboard",
          "ControlFlexureFixed_R_Outboard",
          "ControlFlexureFixed_Tail_L",
          "ControlFlexureFixed_Tail_R",
          "ControlFlexureMoving_L_Inboard",
          "ControlFlexureMoving_L_Outboard",
          "ControlFlexureMoving_R_Inboard",
          "ControlFlexureMoving_R_Outboard",
          "ControlFlexureMoving_Tail_L",
          "ControlFlexureMoving_Tail_R",
          "ControlHingeFixed_L_Inboard",
          "ControlHingeFixed_L_Outboard",
          "ControlHingeFixed_R_Inboard",
          "ControlHingeFixed_R_Outboard",
          "ControlHingeFixed_Tail_L",
          "ControlHingeFixed_Tail_R",
          "ControlHingeMoving_L_Inboard",
          "ControlHingeMoving_L_Outboard",
          "ControlHingeMoving_R_Inboard",
          "ControlHingeMoving_R_Outboard",
          "ControlHingeMoving_Tail_L",
          "ControlHingeMoving_Tail_R",
          "ControlHorn_L_Inboard",
          "ControlHorn_L_Outboard",
          "ControlHorn_R_Inboard",
          "ControlHorn_R_Outboard",
          "ControlSurface_L_Inboard",
          "ControlSurface_L_Outboard",
          "ControlSurface_R_Inboard",
          "ControlSurface_R_Outboard",
          "ControlSurface_Tail_L",
          "ControlSurface_Tail_R",
          "Cowl_boundary_L_Front",
          "Cowl_boundary_L_Rear",
          "Cowl_boundary_R_Front",
          "Cowl_boundary_R_Rear",
          "Dorsal_antenna",
          "Dorsal_hatch_main",
          "Dorsal_small_receiver",
          "Drive_CouplingWitness",
          "Drive_Crossbeam",
          "Drive_FrontFoot_L",
          "Drive_FrontFoot_R",
          "Drive_FrontGuidePedestal_L",
          "Drive_FrontGuidePedestal_R",
          "Drive_FrontGuideSeat_L",
          "Drive_FrontGuideSeat_R",
          "Drive_FrontScrewBearing",
          "Drive_FrontScrewPedestal",
          "Drive_FrontSupport",
          "Drive_FrontTravelStop_L",
          "Drive_FrontTravelStop_R",
          "Drive_GuideBridge_L",
          "Drive_GuideBridge_R",
          "Drive_GuideBushing_L",
          "Drive_GuideBushing_R",
          "Drive_GuideRail_L",
          "Drive_GuideRail_R",
          "Drive_LeadScrewCore",
          "Drive_LeadScrewThread",
          "Drive_MotorFoot_L",
          "Drive_MotorFoot_R",
          "Drive_MotorGearboxAdapter",
          "Drive_MotorHousing",
          "Drive_MotorMount",
          "Drive_MotorRotorDisc",
          "Drive_MotorSaddle_L",
          "Drive_MotorSaddle_R",
          "Drive_MotorShaft",
          "Drive_MotorWitness",
          "Drive_NutCarriage",
          "Drive_NutInternalThread",
          "Drive_OutputCoupling",
          "Drive_OutputWeb",
          "Drive_PlanetCarrier",
          "Drive_PlanetGear_0",
          "Drive_PlanetGear_1",
          "Drive_PlanetGear_2",
          "Drive_PlanetPin_0",
          "Drive_PlanetPin_1",
          "Drive_PlanetPin_2",
          "Drive_PlanetRetainer_0_Front",
          "Drive_PlanetRetainer_0_Rear",
          "Drive_PlanetRetainer_1_Front",
          "Drive_PlanetRetainer_1_Rear",
          "Drive_PlanetRetainer_2_Front",
          "Drive_PlanetRetainer_2_Rear",
          "Drive_RearFoot_L",
          "Drive_RearFoot_R",
          "Drive_RearGuidePedestal_L",
          "Drive_RearGuidePedestal_R",
          "Drive_RearGuideSeat_L",
          "Drive_RearGuideSeat_R",
          "Drive_RearScrewBearing",
          "Drive_RearScrewPedestal",
          "Drive_RearSupport",
          "Drive_RearTravelStop_L",
          "Drive_RearTravelStop_R",
          "Drive_ReductionHousing",
          "Drive_RingGear",
          "Drive_SunGear",
          "Fixed_root_L",
          "Fixed_root_R",
          "Fixed_root_blue_L",
          "Fixed_root_blue_R",
          "Fuselage",
          "Hatch_fastener_main",
          "Hatch_fastener_main001",
          "Hatch_fastener_main002",
          "Hatch_fastener_main003",
          "Landing_wear_tip_L_Front",
          "Landing_wear_tip_L_Rear",
          "Landing_wear_tip_R_Front",
          "Landing_wear_tip_R_Rear",
          "Lower_fuselage_join",
          "Lower_fuselage_join001",
          "Lower_fuselage_join002",
          "Lower_fuselage_join003",
          "MotorFrontBearing_L_Front",
          "MotorFrontBearing_L_Rear",
          "MotorFrontBearing_R_Front",
          "MotorFrontBearing_R_Rear",
          "Motor_cowl_L_Front",
          "Motor_cowl_L_Rear",
          "Motor_cowl_R_Front",
          "Motor_cowl_R_Rear",
          "Motor_spindle_L_Front",
          "Motor_spindle_L_Rear",
          "Motor_spindle_R_Front",
          "Motor_spindle_R_Rear",
          "Nacelle_L_Front",
          "Nacelle_L_Rear",
          "Nacelle_R_Front",
          "Nacelle_R_Rear",
          "Pitot_probe_foot",
          "Pitot_probe_mount",
          "Pitot_probe_tube",
          "Pod_U_access_panel_L_Front",
          "Pod_U_access_panel_L_Front001",
          "Pod_U_access_panel_L_Rear",
          "Pod_U_access_panel_L_Rear001",
          "Pod_U_access_panel_R_Front",
          "Pod_U_access_panel_R_Front001",
          "Pod_U_access_panel_R_Rear",
          "Pod_U_access_panel_R_Rear001",
          "Pod_mount_seam_L_Front",
          "Pod_mount_seam_L_Front001",
          "Pod_mount_seam_L_Rear",
          "Pod_mount_seam_L_Rear001",
          "Pod_mount_seam_R_Front",
          "Pod_mount_seam_R_Front001",
          "Pod_mount_seam_R_Rear",
          "Pod_mount_seam_R_Rear001",
          "Pod_wing_saddle_L_Front",
          "Pod_wing_saddle_L_Rear",
          "Pod_wing_saddle_R_Front",
          "Pod_wing_saddle_R_Rear",
          "RootBearingFixed_L_Front",
          "RootBearingFixed_L_Rear",
          "RootBearingFixed_R_Front",
          "RootBearingFixed_R_Rear",
          "RootBearingHousing_L",
          "RootBearingHousing_R",
          "RootBearingSeal_L_Front",
          "RootBearingSeal_L_Rear",
          "RootBearingSeal_R_Front",
          "RootBearingSeal_R_Rear",
          "RootCarrierBridge_L",
          "RootCarrierBridge_R",
          "RootCarrierMoving_L",
          "RootCarrierMoving_R",
          "RootCarrierThrust_L",
          "RootCarrierThrust_R",
          "RootFairingFixed_L",
          "RootFairingFixed_R",
          "RootFairingMoving_L",
          "RootFairingMoving_R",
          "RootFixedBearingPedestal_L",
          "RootFixedBearingPedestal_R",
          "RootHingeEndcap_L-0148",
          "RootHingeEndcap_L0148",
          "RootHingeEndcap_R-0148",
          "RootHingeEndcap_R0148",
          "RootHingeShaft_L",
          "RootHingeShaft_R",
          "Root_access_cover_L",
          "Root_access_cover_R",
          "Spinner_L_Front",
          "Spinner_L_Rear",
          "Spinner_R_Front",
          "Spinner_R_Rear",
          "Tail_boom_join",
          "Tail_receiver",
          "Tail_root_fastener_L",
          "Tail_root_fastener_L001",
          "Tail_root_fastener_R",
          "Tail_root_fastener_R001",
          "V_tail_L",
          "V_tail_R",
          "V_tail_blue_leading_L",
          "V_tail_blue_leading_R",
          "Ventral_antenna",
          "Ventral_antenna001",
          "Ventral_small_sensor",
          "Ventral_tail_tab",
          "Wing_blue_angular_panel_L",
          "Wing_blue_angular_panel_R",
          "Wing_blue_leading_L",
          "Wing_blue_leading_R",
          "Wing_service_panel_L",
          "Wing_service_panel_L001",
          "Wing_service_panel_R",
          "Wing_service_panel_R001"
        ],
        "geometryChangedMeshes": [
          "ActuatorSideSlot_L",
          "ActuatorSideSlot_R",
          "BraceBodyCarriage_L",
          "BraceBodyCarriage_R",
          "Drive_FrontFoot_L",
          "Drive_FrontFoot_R",
          "Drive_FrontGuidePedestal_L",
          "Drive_FrontGuidePedestal_R",
          "Drive_FrontGuideSeat_L",
          "Drive_FrontGuideSeat_R",
          "Drive_FrontScrewBearing",
          "Drive_FrontScrewPedestal",
          "Drive_FrontTravelStop_L",
          "Drive_FrontTravelStop_R",
          "Drive_GuideBushing_L",
          "Drive_GuideBushing_R",
          "Drive_MotorFoot_L",
          "Drive_MotorFoot_R",
          "Drive_MotorGearboxAdapter",
          "Drive_MotorHousing",
          "Drive_NutCarriage",
          "Drive_NutInternalThread",
          "Drive_OutputWeb",
          "Drive_RearFoot_L",
          "Drive_RearFoot_R",
          "Drive_RearGuidePedestal_L",
          "Drive_RearGuidePedestal_R",
          "Drive_RearGuideSeat_L",
          "Drive_RearGuideSeat_R",
          "Drive_RearScrewBearing",
          "Drive_RearScrewPedestal",
          "Drive_RearTravelStop_L",
          "Drive_RearTravelStop_R",
          "Drive_ReductionHousing",
          "Fuselage",
          "Lower_fuselage_join",
          "Lower_fuselage_join001",
          "Lower_fuselage_join002",
          "Lower_fuselage_join003",
          "Tail_boom_join"
        ],
        "declaredMotionAffectedMeshes": [
          "BraceBodyCarriage_L",
          "BraceBodyCarriage_R",
          "Drive_CouplingWitness",
          "Drive_Crossbeam",
          "Drive_FrontFoot_L",
          "Drive_FrontFoot_R",
          "Drive_FrontGuidePedestal_L",
          "Drive_FrontGuidePedestal_R",
          "Drive_FrontGuideSeat_L",
          "Drive_FrontGuideSeat_R",
          "Drive_FrontScrewBearing",
          "Drive_FrontScrewPedestal",
          "Drive_FrontSupport",
          "Drive_FrontTravelStop_L",
          "Drive_FrontTravelStop_R",
          "Drive_GuideBridge_L",
          "Drive_GuideBridge_R",
          "Drive_GuideBushing_L",
          "Drive_GuideBushing_R",
          "Drive_GuideRail_L",
          "Drive_GuideRail_R",
          "Drive_LeadScrewCore",
          "Drive_LeadScrewThread",
          "Drive_MotorFoot_L",
          "Drive_MotorFoot_R",
          "Drive_MotorGearboxAdapter",
          "Drive_MotorHousing",
          "Drive_MotorMount",
          "Drive_MotorRotorDisc",
          "Drive_MotorSaddle_L",
          "Drive_MotorSaddle_R",
          "Drive_MotorShaft",
          "Drive_MotorWitness",
          "Drive_NutCarriage",
          "Drive_NutInternalThread",
          "Drive_OutputCoupling",
          "Drive_OutputWeb",
          "Drive_PlanetCarrier",
          "Drive_PlanetGear_0",
          "Drive_PlanetGear_1",
          "Drive_PlanetGear_2",
          "Drive_PlanetPin_0",
          "Drive_PlanetPin_1",
          "Drive_PlanetPin_2",
          "Drive_PlanetRetainer_0_Front",
          "Drive_PlanetRetainer_0_Rear",
          "Drive_PlanetRetainer_1_Front",
          "Drive_PlanetRetainer_1_Rear",
          "Drive_PlanetRetainer_2_Front",
          "Drive_PlanetRetainer_2_Rear",
          "Drive_RearFoot_L",
          "Drive_RearFoot_R",
          "Drive_RearGuidePedestal_L",
          "Drive_RearGuidePedestal_R",
          "Drive_RearGuideSeat_L",
          "Drive_RearGuideSeat_R",
          "Drive_RearScrewBearing",
          "Drive_RearScrewPedestal",
          "Drive_RearSupport",
          "Drive_RearTravelStop_L",
          "Drive_RearTravelStop_R",
          "Drive_ReductionHousing",
          "Drive_RingGear",
          "Drive_SunGear"
        ],
        "transformedAncestorDescendants": [
          {
            "ancestor": "BraceBodyCarriage_L",
            "meshDescendants": [
              "BraceBodyCarriage_L"
            ]
          },
          {
            "ancestor": "BraceBodyCarriage_R",
            "meshDescendants": [
              "BraceBodyCarriage_R"
            ]
          },
          {
            "ancestor": "Drive_Crossbeam",
            "meshDescendants": [
              "Drive_Crossbeam"
            ]
          },
          {
            "ancestor": "Drive_FrontGuidePedestal_L",
            "meshDescendants": [
              "Drive_FrontGuidePedestal_L"
            ]
          },
          {
            "ancestor": "Drive_FrontGuidePedestal_R",
            "meshDescendants": [
              "Drive_FrontGuidePedestal_R"
            ]
          },
          {
            "ancestor": "Drive_FrontScrewPedestal",
            "meshDescendants": [
              "Drive_FrontScrewPedestal"
            ]
          },
          {
            "ancestor": "Drive_FrontSupport",
            "meshDescendants": [
              "Drive_FrontSupport"
            ]
          },
          {
            "ancestor": "Drive_GuideBridge_L",
            "meshDescendants": [
              "Drive_GuideBridge_L"
            ]
          },
          {
            "ancestor": "Drive_GuideBridge_R",
            "meshDescendants": [
              "Drive_GuideBridge_R"
            ]
          },
          {
            "ancestor": "Drive_GuideRail_L",
            "meshDescendants": [
              "Drive_GuideRail_L"
            ]
          },
          {
            "ancestor": "Drive_GuideRail_R",
            "meshDescendants": [
              "Drive_GuideRail_R"
            ]
          },
          {
            "ancestor": "Drive_MotorMount",
            "meshDescendants": [
              "Drive_MotorMount"
            ]
          },
          {
            "ancestor": "Drive_MotorRotor",
            "meshDescendants": [
              "Drive_MotorRotorDisc",
              "Drive_MotorShaft",
              "Drive_MotorWitness",
              "Drive_SunGear"
            ]
          },
          {
            "ancestor": "Drive_MotorSaddle_L",
            "meshDescendants": [
              "Drive_MotorSaddle_L"
            ]
          },
          {
            "ancestor": "Drive_MotorSaddle_R",
            "meshDescendants": [
              "Drive_MotorSaddle_R"
            ]
          },
          {
            "ancestor": "Drive_OutputWeb",
            "meshDescendants": [
              "Drive_OutputWeb"
            ]
          },
          {
            "ancestor": "Drive_RearGuidePedestal_L",
            "meshDescendants": [
              "Drive_RearGuidePedestal_L"
            ]
          },
          {
            "ancestor": "Drive_RearGuidePedestal_R",
            "meshDescendants": [
              "Drive_RearGuidePedestal_R"
            ]
          },
          {
            "ancestor": "Drive_RearScrewPedestal",
            "meshDescendants": [
              "Drive_RearScrewPedestal"
            ]
          },
          {
            "ancestor": "Drive_RearSupport",
            "meshDescendants": [
              "Drive_RearSupport"
            ]
          },
          {
            "ancestor": "Drive_RingGear",
            "meshDescendants": [
              "Drive_RingGear"
            ]
          },
          {
            "ancestor": "Drive_ScrewRotor",
            "meshDescendants": [
              "Drive_CouplingWitness",
              "Drive_LeadScrewCore",
              "Drive_LeadScrewThread",
              "Drive_OutputCoupling",
              "Drive_PlanetCarrier",
              "Drive_PlanetGear_0",
              "Drive_PlanetGear_1",
              "Drive_PlanetGear_2",
              "Drive_PlanetPin_0",
              "Drive_PlanetPin_1",
              "Drive_PlanetPin_2",
              "Drive_PlanetRetainer_0_Front",
              "Drive_PlanetRetainer_0_Rear",
              "Drive_PlanetRetainer_1_Front",
              "Drive_PlanetRetainer_1_Rear",
              "Drive_PlanetRetainer_2_Front",
              "Drive_PlanetRetainer_2_Rear"
            ]
          },
          {
            "ancestor": "Lower_fuselage_join",
            "meshDescendants": [
              "Lower_fuselage_join"
            ]
          },
          {
            "ancestor": "Lower_fuselage_join001",
            "meshDescendants": [
              "Lower_fuselage_join001"
            ]
          },
          {
            "ancestor": "Lower_fuselage_join002",
            "meshDescendants": [
              "Lower_fuselage_join002"
            ]
          },
          {
            "ancestor": "Lower_fuselage_join003",
            "meshDescendants": [
              "Lower_fuselage_join003"
            ]
          },
          {
            "ancestor": "Tail_boom_join",
            "meshDescendants": [
              "Tail_boom_join"
            ]
          }
        ],
        "rerunMeshes": [
          "ActuatorSideSlot_L",
          "ActuatorSideSlot_R",
          "BraceBodyCarriage_L",
          "BraceBodyCarriage_R",
          "Drive_CouplingWitness",
          "Drive_Crossbeam",
          "Drive_FrontFoot_L",
          "Drive_FrontFoot_R",
          "Drive_FrontGuidePedestal_L",
          "Drive_FrontGuidePedestal_R",
          "Drive_FrontGuideSeat_L",
          "Drive_FrontGuideSeat_R",
          "Drive_FrontScrewBearing",
          "Drive_FrontScrewPedestal",
          "Drive_FrontSupport",
          "Drive_FrontTravelStop_L",
          "Drive_FrontTravelStop_R",
          "Drive_GuideBridge_L",
          "Drive_GuideBridge_R",
          "Drive_GuideBushing_L",
          "Drive_GuideBushing_R",
          "Drive_GuideRail_L",
          "Drive_GuideRail_R",
          "Drive_LeadScrewCore",
          "Drive_LeadScrewThread",
          "Drive_MotorFoot_L",
          "Drive_MotorFoot_R",
          "Drive_MotorGearboxAdapter",
          "Drive_MotorHousing",
          "Drive_MotorMount",
          "Drive_MotorRotorDisc",
          "Drive_MotorSaddle_L",
          "Drive_MotorSaddle_R",
          "Drive_MotorShaft",
          "Drive_MotorWitness",
          "Drive_NutCarriage",
          "Drive_NutInternalThread",
          "Drive_OutputCoupling",
          "Drive_OutputWeb",
          "Drive_PlanetCarrier",
          "Drive_PlanetGear_0",
          "Drive_PlanetGear_1",
          "Drive_PlanetGear_2",
          "Drive_PlanetPin_0",
          "Drive_PlanetPin_1",
          "Drive_PlanetPin_2",
          "Drive_PlanetRetainer_0_Front",
          "Drive_PlanetRetainer_0_Rear",
          "Drive_PlanetRetainer_1_Front",
          "Drive_PlanetRetainer_1_Rear",
          "Drive_PlanetRetainer_2_Front",
          "Drive_PlanetRetainer_2_Rear",
          "Drive_RearFoot_L",
          "Drive_RearFoot_R",
          "Drive_RearGuidePedestal_L",
          "Drive_RearGuidePedestal_R",
          "Drive_RearGuideSeat_L",
          "Drive_RearGuideSeat_R",
          "Drive_RearScrewBearing",
          "Drive_RearScrewPedestal",
          "Drive_RearSupport",
          "Drive_RearTravelStop_L",
          "Drive_RearTravelStop_R",
          "Drive_ReductionHousing",
          "Drive_RingGear",
          "Drive_SunGear",
          "Fuselage",
          "Lower_fuselage_join",
          "Lower_fuselage_join001",
          "Lower_fuselage_join002",
          "Lower_fuselage_join003",
          "Tail_boom_join"
        ],
        "inheritanceCandidates": [
          "Blade_L_Front_A",
          "Blade_L_Front_B",
          "Blade_L_Rear_A",
          "Blade_L_Rear_B",
          "Blade_R_Front_A",
          "Blade_R_Front_B",
          "Blade_R_Rear_A",
          "Blade_R_Rear_B",
          "Blade_hinge_arm_L_Front_A",
          "Blade_hinge_arm_L_Front_B",
          "Blade_hinge_arm_L_Rear_A",
          "Blade_hinge_arm_L_Rear_B",
          "Blade_hinge_arm_R_Front_A",
          "Blade_hinge_arm_R_Front_B",
          "Blade_hinge_arm_R_Rear_A",
          "Blade_hinge_arm_R_Rear_B",
          "Blade_hinge_pin_L_Front_A",
          "Blade_hinge_pin_L_Front_B",
          "Blade_hinge_pin_L_Rear_A",
          "Blade_hinge_pin_L_Rear_B",
          "Blade_hinge_pin_R_Front_A",
          "Blade_hinge_pin_R_Front_B",
          "Blade_hinge_pin_R_Rear_A",
          "Blade_hinge_pin_R_Rear_B",
          "BraceBallPin_L_Body",
          "BraceBallPin_L_Wing",
          "BraceBallPin_R_Body",
          "BraceBallPin_R_Wing",
          "BraceBall_L_Body",
          "BraceBall_L_Wing",
          "BraceBall_R_Body",
          "BraceBall_R_Wing",
          "BraceRodEyeNeck_L_Body",
          "BraceRodEyeNeck_L_Root",
          "BraceRodEyeNeck_R_Body",
          "BraceRodEyeNeck_R_Root",
          "BraceRodEye_L_Body",
          "BraceRodEye_L_Root",
          "BraceRodEye_R_Body",
          "BraceRodEye_R_Root",
          "BraceRodFerrule_L_Body",
          "BraceRodFerrule_L_Root",
          "BraceRodFerrule_R_Body",
          "BraceRodFerrule_R_Root",
          "BraceRod_mesh_L",
          "BraceRod_mesh_R",
          "BraceWingSeat_L",
          "BraceWingSeat_R",
          "CargoHingeCap_L",
          "CargoHingeCap_R",
          "CargoHingeFixedSeat",
          "CargoHingeMovingSeat_L",
          "CargoHingeMovingSeat_R",
          "CargoHingePin",
          "CargoHoodShell",
          "CargoLatchFixed_L",
          "CargoLatchFixed_R",
          "CargoLatchMoving_L",
          "CargoLatchMoving_R",
          "CargoLatchPin_L",
          "CargoLatchPin_R",
          "CargoOpeningLip",
          "Composite_wing_L",
          "Composite_wing_R",
          "ControlFlexureFixed_L_Inboard",
          "ControlFlexureFixed_L_Outboard",
          "ControlFlexureFixed_R_Inboard",
          "ControlFlexureFixed_R_Outboard",
          "ControlFlexureFixed_Tail_L",
          "ControlFlexureFixed_Tail_R",
          "ControlFlexureMoving_L_Inboard",
          "ControlFlexureMoving_L_Outboard",
          "ControlFlexureMoving_R_Inboard",
          "ControlFlexureMoving_R_Outboard",
          "ControlFlexureMoving_Tail_L",
          "ControlFlexureMoving_Tail_R",
          "ControlHingeFixed_L_Inboard",
          "ControlHingeFixed_L_Outboard",
          "ControlHingeFixed_R_Inboard",
          "ControlHingeFixed_R_Outboard",
          "ControlHingeFixed_Tail_L",
          "ControlHingeFixed_Tail_R",
          "ControlHingeMoving_L_Inboard",
          "ControlHingeMoving_L_Outboard",
          "ControlHingeMoving_R_Inboard",
          "ControlHingeMoving_R_Outboard",
          "ControlHingeMoving_Tail_L",
          "ControlHingeMoving_Tail_R",
          "ControlHorn_L_Inboard",
          "ControlHorn_L_Outboard",
          "ControlHorn_R_Inboard",
          "ControlHorn_R_Outboard",
          "ControlSurface_L_Inboard",
          "ControlSurface_L_Outboard",
          "ControlSurface_R_Inboard",
          "ControlSurface_R_Outboard",
          "ControlSurface_Tail_L",
          "ControlSurface_Tail_R",
          "Cowl_boundary_L_Front",
          "Cowl_boundary_L_Rear",
          "Cowl_boundary_R_Front",
          "Cowl_boundary_R_Rear",
          "Dorsal_antenna",
          "Dorsal_hatch_main",
          "Dorsal_small_receiver",
          "Fixed_root_L",
          "Fixed_root_R",
          "Fixed_root_blue_L",
          "Fixed_root_blue_R",
          "Hatch_fastener_main",
          "Hatch_fastener_main001",
          "Hatch_fastener_main002",
          "Hatch_fastener_main003",
          "Landing_wear_tip_L_Front",
          "Landing_wear_tip_L_Rear",
          "Landing_wear_tip_R_Front",
          "Landing_wear_tip_R_Rear",
          "MotorFrontBearing_L_Front",
          "MotorFrontBearing_L_Rear",
          "MotorFrontBearing_R_Front",
          "MotorFrontBearing_R_Rear",
          "Motor_cowl_L_Front",
          "Motor_cowl_L_Rear",
          "Motor_cowl_R_Front",
          "Motor_cowl_R_Rear",
          "Motor_spindle_L_Front",
          "Motor_spindle_L_Rear",
          "Motor_spindle_R_Front",
          "Motor_spindle_R_Rear",
          "Nacelle_L_Front",
          "Nacelle_L_Rear",
          "Nacelle_R_Front",
          "Nacelle_R_Rear",
          "Pitot_probe_foot",
          "Pitot_probe_mount",
          "Pitot_probe_tube",
          "Pod_U_access_panel_L_Front",
          "Pod_U_access_panel_L_Front001",
          "Pod_U_access_panel_L_Rear",
          "Pod_U_access_panel_L_Rear001",
          "Pod_U_access_panel_R_Front",
          "Pod_U_access_panel_R_Front001",
          "Pod_U_access_panel_R_Rear",
          "Pod_U_access_panel_R_Rear001",
          "Pod_mount_seam_L_Front",
          "Pod_mount_seam_L_Front001",
          "Pod_mount_seam_L_Rear",
          "Pod_mount_seam_L_Rear001",
          "Pod_mount_seam_R_Front",
          "Pod_mount_seam_R_Front001",
          "Pod_mount_seam_R_Rear",
          "Pod_mount_seam_R_Rear001",
          "Pod_wing_saddle_L_Front",
          "Pod_wing_saddle_L_Rear",
          "Pod_wing_saddle_R_Front",
          "Pod_wing_saddle_R_Rear",
          "RootBearingFixed_L_Front",
          "RootBearingFixed_L_Rear",
          "RootBearingFixed_R_Front",
          "RootBearingFixed_R_Rear",
          "RootBearingHousing_L",
          "RootBearingHousing_R",
          "RootBearingSeal_L_Front",
          "RootBearingSeal_L_Rear",
          "RootBearingSeal_R_Front",
          "RootBearingSeal_R_Rear",
          "RootCarrierBridge_L",
          "RootCarrierBridge_R",
          "RootCarrierMoving_L",
          "RootCarrierMoving_R",
          "RootCarrierThrust_L",
          "RootCarrierThrust_R",
          "RootFairingFixed_L",
          "RootFairingFixed_R",
          "RootFairingMoving_L",
          "RootFairingMoving_R",
          "RootFixedBearingPedestal_L",
          "RootFixedBearingPedestal_R",
          "RootHingeEndcap_L-0148",
          "RootHingeEndcap_L0148",
          "RootHingeEndcap_R-0148",
          "RootHingeEndcap_R0148",
          "RootHingeShaft_L",
          "RootHingeShaft_R",
          "Root_access_cover_L",
          "Root_access_cover_R",
          "Spinner_L_Front",
          "Spinner_L_Rear",
          "Spinner_R_Front",
          "Spinner_R_Rear",
          "Tail_receiver",
          "Tail_root_fastener_L",
          "Tail_root_fastener_L001",
          "Tail_root_fastener_R",
          "Tail_root_fastener_R001",
          "V_tail_L",
          "V_tail_R",
          "V_tail_blue_leading_L",
          "V_tail_blue_leading_R",
          "Ventral_antenna",
          "Ventral_antenna001",
          "Ventral_small_sensor",
          "Ventral_tail_tab",
          "Wing_blue_angular_panel_L",
          "Wing_blue_angular_panel_R",
          "Wing_blue_leading_L",
          "Wing_blue_leading_R",
          "Wing_service_panel_L",
          "Wing_service_panel_L001",
          "Wing_service_panel_R",
          "Wing_service_panel_R001"
        ]
      },
      "parts": [
        {
          "name": "Fuselage",
          "closed": true,
          "boundary": 0,
          "nonmanifold": 0,
          "components": 1,
          "zeroAreaTriangles": 0,
          "minArea": 9.124645483638005e-14,
          "volume": 0.718569000016839,
          "passed": true
        },
        {
          "name": "Dorsal_antenna",
          "closed": true,
          "boundary": 0,
          "nonmanifold": 0,
          "components": 1,
          "zeroAreaTriangles": 0,
          "minArea": 0.000007455808610592127,
          "volume": 0.00001566583467159751,
          "passed": true
        },
        {
          "name": "BraceBall_L_Body",
          "closed": true,
          "boundary": 0,
          "nonmanifold": 0,
          "components": 1,
          "zeroAreaTriangles": 0,
          "minArea": 0.00000926373674877179,
          "volume": 0.00002289990321927366,
          "passed": true
        },
        {
          "name": "BraceBall_R_Body",
          "closed": true,
          "boundary": 0,
          "nonmanifold": 0,
          "components": 1,
          "zeroAreaTriangles": 0,
          "minArea": 0.00000926373674877179,
          "volume": 0.000022899903219275125,
          "passed": true
        },
        {
          "name": "BraceBallPin_L_Body",
          "closed": true,
          "boundary": 0,
          "nonmanifold": 0,
          "components": 1,
          "zeroAreaTriangles": 0,
          "minArea": 5.147443484409096e-7,
          "volume": 0.000003151136909940121,
          "passed": true
        },
        {
          "name": "BraceBallPin_R_Body",
          "closed": true,
          "boundary": 0,
          "nonmanifold": 0,
          "components": 1,
          "zeroAreaTriangles": 0,
          "minArea": 5.147443289484679e-7,
          "volume": 0.0000031511369106993795,
          "passed": true
        },
        {
          "name": "BraceBodyCarriage_L",
          "closed": true,
          "boundary": 0,
          "nonmanifold": 0,
          "components": 1,
          "zeroAreaTriangles": 0,
          "minArea": 3.165728600144427e-7,
          "volume": 0.000007694048730237633,
          "passed": true
        },
        {
          "name": "BraceBodyCarriage_R",
          "closed": true,
          "boundary": 0,
          "nonmanifold": 0,
          "components": 1,
          "zeroAreaTriangles": 0,
          "minArea": 3.1657286001444274e-7,
          "volume": 0.000007694048730238677,
          "passed": true
        },
        {
          "name": "Drive_Crossbeam",
          "closed": true,
          "boundary": 0,
          "nonmanifold": 0,
          "components": 1,
          "zeroAreaTriangles": 0,
          "minArea": 3.6064298864521387e-7,
          "volume": 0.00003651545348942123,
          "passed": true
        },
        {
          "name": "Drive_GuideBridge_L",
          "closed": true,
          "boundary": 0,
          "nonmanifold": 0,
          "components": 1,
          "zeroAreaTriangles": 0,
          "minArea": 2.3027087470112356e-7,
          "volume": 0.000014295682739102988,
          "passed": true
        },
        {
          "name": "Drive_GuideBridge_R",
          "closed": true,
          "boundary": 0,
          "nonmanifold": 0,
          "components": 1,
          "zeroAreaTriangles": 0,
          "minArea": 2.3027087470112356e-7,
          "volume": 0.000014295682739103198,
          "passed": true
        },
        {
          "name": "Drive_GuideBushing_L",
          "closed": true,
          "boundary": 0,
          "nonmanifold": 0,
          "components": 1,
          "zeroAreaTriangles": 0,
          "minArea": 0.000003940937154112145,
          "volume": 0.000017522242492218982,
          "passed": true
        },
        {
          "name": "Drive_GuideBushing_R",
          "closed": true,
          "boundary": 0,
          "nonmanifold": 0,
          "components": 1,
          "zeroAreaTriangles": 0,
          "minArea": 0.000003940937154112145,
          "volume": 0.00001752224249221836,
          "passed": true
        },
        {
          "name": "Drive_NutCarriage",
          "closed": true,
          "boundary": 0,
          "nonmanifold": 0,
          "components": 1,
          "zeroAreaTriangles": 0,
          "minArea": 0.000013544541243113578,
          "volume": 0.00008719986202060852,
          "passed": true
        },
        {
          "name": "Drive_NutInternalThread",
          "closed": true,
          "boundary": 0,
          "nonmanifold": 0,
          "components": 1,
          "zeroAreaTriangles": 0,
          "minArea": 0.0000050121992646718495,
          "volume": 0.0000017747574079216842,
          "passed": true
        },
        {
          "name": "Drive_OutputWeb",
          "closed": true,
          "boundary": 0,
          "nonmanifold": 0,
          "components": 1,
          "zeroAreaTriangles": 0,
          "minArea": 2.3027056853669623e-7,
          "volume": 0.000010840285582360705,
          "passed": true
        },
        {
          "name": "ActuatorSideSlot_L",
          "closed": true,
          "boundary": 0,
          "nonmanifold": 0,
          "components": 1,
          "zeroAreaTriangles": 0,
          "minArea": 4.290831423503505e-8,
          "volume": 0.0005578412837061599,
          "passed": true
        },
        {
          "name": "ActuatorSideSlot_R",
          "closed": true,
          "boundary": 0,
          "nonmanifold": 0,
          "components": 1,
          "zeroAreaTriangles": 0,
          "minArea": 4.290831423503505e-8,
          "volume": 0.0005578412837061625,
          "passed": true
        },
        {
          "name": "Fixed_root_L",
          "closed": true,
          "boundary": 0,
          "nonmanifold": 0,
          "components": 1,
          "zeroAreaTriangles": 0,
          "minArea": 9.0759112749016e-12,
          "volume": 0.04107973899310677,
          "passed": true
        },
        {
          "name": "BraceBall_L_Wing",
          "closed": true,
          "boundary": 0,
          "nonmanifold": 0,
          "components": 1,
          "zeroAreaTriangles": 0,
          "minArea": 0.000009263739999927825,
          "volume": 0.00002289991550387456,
          "passed": true
        },
        {
          "name": "BraceBallPin_L_Wing",
          "closed": true,
          "boundary": 0,
          "nonmanifold": 0,
          "components": 1,
          "zeroAreaTriangles": 0,
          "minArea": 8.005930085657781e-8,
          "volume": 0.000002894632332463826,
          "passed": true
        },
        {
          "name": "BraceWingSeat_L",
          "closed": true,
          "boundary": 0,
          "nonmanifold": 0,
          "components": 1,
          "zeroAreaTriangles": 0,
          "minArea": 7.145153515092416e-8,
          "volume": 0.000012576120448348496,
          "passed": true
        },
        {
          "name": "Composite_wing_L",
          "closed": true,
          "boundary": 0,
          "nonmanifold": 0,
          "components": 1,
          "zeroAreaTriangles": 0,
          "minArea": 1.6225202961219524e-10,
          "volume": 0.15833415423461136,
          "passed": true
        },
        {
          "name": "ControlFlexureFixed_L_Inboard",
          "closed": true,
          "boundary": 0,
          "nonmanifold": 0,
          "components": 1,
          "zeroAreaTriangles": 0,
          "minArea": 1.109744265880876e-9,
          "volume": 0.000005396662680444015,
          "passed": true
        },
        {
          "name": "ControlFlexureFixed_L_Outboard",
          "closed": true,
          "boundary": 0,
          "nonmanifold": 0,
          "components": 1,
          "zeroAreaTriangles": 0,
          "minArea": 1.1093997109449435e-9,
          "volume": 0.000004722086020900061,
          "passed": true
        },
        {
          "name": "ControlHingeFixed_L_Inboard",
          "closed": true,
          "boundary": 0,
          "nonmanifold": 0,
          "components": 2,
          "zeroAreaTriangles": 0,
          "minArea": 2.3424353445822794e-8,
          "volume": 3.840654315887304e-7,
          "passed": true
        },
        {
          "name": "ControlHingeFixed_L_Outboard",
          "closed": true,
          "boundary": 0,
          "nonmanifold": 0,
          "components": 2,
          "zeroAreaTriangles": 0,
          "minArea": 2.342382945587649e-8,
          "volume": 3.840722283751512e-7,
          "passed": true
        },
        {
          "name": "ControlFlexureMoving_L_Inboard",
          "closed": true,
          "boundary": 0,
          "nonmanifold": 0,
          "components": 1,
          "zeroAreaTriangles": 0,
          "minArea": 1.1103530899748844e-9,
          "volume": 0.000005394462143168565,
          "passed": true
        },
        {
          "name": "ControlHingeMoving_L_Inboard",
          "closed": true,
          "boundary": 0,
          "nonmanifold": 0,
          "components": 2,
          "zeroAreaTriangles": 0,
          "minArea": 1.3370883504358544e-7,
          "volume": 1.6090923521148746e-7,
          "passed": true
        },
        {
          "name": "ControlHorn_L_Inboard",
          "closed": true,
          "boundary": 0,
          "nonmanifold": 0,
          "components": 1,
          "zeroAreaTriangles": 0,
          "minArea": 0.0000011417837119183295,
          "volume": 0.000006101264329037055,
          "passed": true
        },
        {
          "name": "ControlFlexureMoving_L_Outboard",
          "closed": true,
          "boundary": 0,
          "nonmanifold": 0,
          "components": 1,
          "zeroAreaTriangles": 0,
          "minArea": 1.1104240195124088e-9,
          "volume": 0.000004719896492241004,
          "passed": true
        },
        {
          "name": "ControlHingeMoving_L_Outboard",
          "closed": true,
          "boundary": 0,
          "nonmanifold": 0,
          "components": 2,
          "zeroAreaTriangles": 0,
          "minArea": 1.3370806398891116e-7,
          "volume": 1.609092323121063e-7,
          "passed": true
        },
        {
          "name": "ControlHorn_L_Outboard",
          "closed": true,
          "boundary": 0,
          "nonmanifold": 0,
          "components": 1,
          "zeroAreaTriangles": 0,
          "minArea": 0.0000011417674553608553,
          "volume": 0.000006064848895390081,
          "passed": true
        },
        {
          "name": "Landing_wear_tip_L_Front",
          "closed": true,
          "boundary": 0,
          "nonmanifold": 0,
          "components": 1,
          "zeroAreaTriangles": 0,
          "minArea": 1.9219483994336843e-9,
          "volume": 0.000019438376291742597,
          "passed": true
        },
        {
          "name": "Landing_wear_tip_L_Rear",
          "closed": true,
          "boundary": 0,
          "nonmanifold": 0,
          "components": 1,
          "zeroAreaTriangles": 0,
          "minArea": 1.926054671777013e-9,
          "volume": 0.00001943567306415483,
          "passed": true
        },
        {
          "name": "Pod_wing_saddle_L_Front",
          "closed": true,
          "boundary": 0,
          "nonmanifold": 0,
          "components": 1,
          "zeroAreaTriangles": 0,
          "minArea": 0.00005743949903620261,
          "volume": 0.00036298414800562106,
          "passed": true
        },
        {
          "name": "Pod_wing_saddle_L_Rear",
          "closed": true,
          "boundary": 0,
          "nonmanifold": 0,
          "components": 1,
          "zeroAreaTriangles": 0,
          "minArea": 0.00005743972018467523,
          "volume": 0.00036298436595680664,
          "passed": true
        },
        {
          "name": "RootFairingMoving_L",
          "closed": true,
          "boundary": 0,
          "nonmanifold": 0,
          "components": 1,
          "zeroAreaTriangles": 0,
          "minArea": 7.137225316527495e-7,
          "volume": 0.00005901212777361901,
          "passed": true
        },
        {
          "name": "BraceRod_mesh_L",
          "closed": true,
          "boundary": 0,
          "nonmanifold": 0,
          "components": 1,
          "zeroAreaTriangles": 0,
          "minArea": 0.000002318323972604609,
          "volume": 0.0012053888328340861,
          "passed": true
        },
        {
          "name": "BraceRodEye_L_Body",
          "closed": true,
          "boundary": 0,
          "nonmanifold": 0,
          "components": 1,
          "zeroAreaTriangles": 0,
          "minArea": 0.000003962997395301732,
          "volume": 0.000017727214987696013,
          "passed": true
        },
        {
          "name": "BraceRodEye_L_Root",
          "closed": true,
          "boundary": 0,
          "nonmanifold": 0,
          "components": 1,
          "zeroAreaTriangles": 0,
          "minArea": 0.000003962833847365448,
          "volume": 0.000017727192481659983,
          "passed": true
        },
        {
          "name": "BraceRodEyeNeck_L_Body",
          "closed": true,
          "boundary": 0,
          "nonmanifold": 0,
          "components": 1,
          "zeroAreaTriangles": 0,
          "minArea": 0.000006464507080264403,
          "volume": 0.000014284936650665829,
          "passed": true
        },
        {
          "name": "BraceRodEyeNeck_L_Root",
          "closed": true,
          "boundary": 0,
          "nonmanifold": 0,
          "components": 1,
          "zeroAreaTriangles": 0,
          "minArea": 0.000006464507080263496,
          "volume": 0.000014284939165354088,
          "passed": true
        },
        {
          "name": "BraceRodFerrule_L_Body",
          "closed": true,
          "boundary": 0,
          "nonmanifold": 0,
          "components": 1,
          "zeroAreaTriangles": 0,
          "minArea": 0.000004126515409938344,
          "volume": 0.000039268108379896885,
          "passed": true
        },
        {
          "name": "BraceRodFerrule_L_Root",
          "closed": true,
          "boundary": 0,
          "nonmanifold": 0,
          "components": 1,
          "zeroAreaTriangles": 0,
          "minArea": 0.000004126515409938035,
          "volume": 0.00003926811497244697,
          "passed": true
        },
        {
          "name": "Fixed_root_R",
          "closed": true,
          "boundary": 0,
          "nonmanifold": 0,
          "components": 1,
          "zeroAreaTriangles": 0,
          "minArea": 3.926443362314519e-11,
          "volume": 0.04108142311210014,
          "passed": true
        },
        {
          "name": "BraceBall_R_Wing",
          "closed": true,
          "boundary": 0,
          "nonmanifold": 0,
          "components": 1,
          "zeroAreaTriangles": 0,
          "minArea": 0.000009263736748771788,
          "volume": 0.000022899903218772875,
          "passed": true
        },
        {
          "name": "BraceBallPin_R_Wing",
          "closed": true,
          "boundary": 0,
          "nonmanifold": 0,
          "components": 1,
          "zeroAreaTriangles": 0,
          "minArea": 8.005927760674826e-8,
          "volume": 0.000002894630779676456,
          "passed": true
        },
        {
          "name": "BraceWingSeat_R",
          "closed": true,
          "boundary": 0,
          "nonmanifold": 0,
          "components": 1,
          "zeroAreaTriangles": 0,
          "minArea": 7.145150959786406e-8,
          "volume": 0.000012693117365178796,
          "passed": true
        },
        {
          "name": "Composite_wing_R",
          "closed": true,
          "boundary": 0,
          "nonmanifold": 0,
          "components": 1,
          "zeroAreaTriangles": 0,
          "minArea": 2.8689066135080354e-10,
          "volume": 0.15833412364508948,
          "passed": true
        },
        {
          "name": "ControlFlexureFixed_R_Inboard",
          "closed": true,
          "boundary": 0,
          "nonmanifold": 0,
          "components": 1,
          "zeroAreaTriangles": 0,
          "minArea": 1.109901801648336e-9,
          "volume": 0.000005396655044488575,
          "passed": true
        },
        {
          "name": "ControlFlexureFixed_R_Outboard",
          "closed": true,
          "boundary": 0,
          "nonmanifold": 0,
          "components": 1,
          "zeroAreaTriangles": 0,
          "minArea": 1.1104929880435694e-9,
          "volume": 0.000004722079952987242,
          "passed": true
        },
        {
          "name": "ControlHingeFixed_R_Inboard",
          "closed": true,
          "boundary": 0,
          "nonmanifold": 0,
          "components": 2,
          "zeroAreaTriangles": 0,
          "minArea": 2.3424338327790584e-8,
          "volume": 3.8406513119890175e-7,
          "passed": true
        },
        {
          "name": "ControlHingeFixed_R_Outboard",
          "closed": true,
          "boundary": 0,
          "nonmanifold": 0,
          "components": 2,
          "zeroAreaTriangles": 0,
          "minArea": 2.3424303115746307e-8,
          "volume": 3.840720864643329e-7,
          "passed": true
        },
        {
          "name": "ControlFlexureMoving_R_Inboard",
          "closed": true,
          "boundary": 0,
          "nonmanifold": 0,
          "components": 1,
          "zeroAreaTriangles": 0,
          "minArea": 1.1103427503501271e-9,
          "volume": 0.000005394459475805522,
          "passed": true
        },
        {
          "name": "ControlHingeMoving_R_Inboard",
          "closed": true,
          "boundary": 0,
          "nonmanifold": 0,
          "components": 2,
          "zeroAreaTriangles": 0,
          "minArea": 1.3370878713261295e-7,
          "volume": 1.6090915166648035e-7,
          "passed": true
        },
        {
          "name": "ControlHorn_R_Inboard",
          "closed": true,
          "boundary": 0,
          "nonmanifold": 0,
          "components": 1,
          "zeroAreaTriangles": 0,
          "minArea": 0.0000011417833035848313,
          "volume": 0.000006101307109647451,
          "passed": true
        },
        {
          "name": "ControlFlexureMoving_R_Outboard",
          "closed": true,
          "boundary": 0,
          "nonmanifold": 0,
          "components": 1,
          "zeroAreaTriangles": 0,
          "minArea": 1.1103218473696632e-9,
          "volume": 0.000004719889410882852,
          "passed": true
        },
        {
          "name": "ControlHingeMoving_R_Outboard",
          "closed": true,
          "boundary": 0,
          "nonmanifold": 0,
          "components": 2,
          "zeroAreaTriangles": 0,
          "minArea": 1.3370801661027684e-7,
          "volume": 1.6090914881264448e-7,
          "passed": true
        },
        {
          "name": "ControlHorn_R_Outboard",
          "closed": true,
          "boundary": 0,
          "nonmanifold": 0,
          "components": 1,
          "zeroAreaTriangles": 0,
          "minArea": 0.0000011418012615532769,
          "volume": 0.000006064864209197229,
          "passed": true
        },
        {
          "name": "Landing_wear_tip_R_Front",
          "closed": true,
          "boundary": 0,
          "nonmanifold": 0,
          "components": 1,
          "zeroAreaTriangles": 0,
          "minArea": 1.9219477120913098e-9,
          "volume": 0.000019437115383683863,
          "passed": true
        },
        {
          "name": "Landing_wear_tip_R_Rear",
          "closed": true,
          "boundary": 0,
          "nonmanifold": 0,
          "components": 1,
          "zeroAreaTriangles": 0,
          "minArea": 1.9260539829701884e-9,
          "volume": 0.000019436156278788858,
          "passed": true
        },
        {
          "name": "Pod_wing_saddle_R_Front",
          "closed": true,
          "boundary": 0,
          "nonmanifold": 0,
          "components": 1,
          "zeroAreaTriangles": 0,
          "minArea": 0.000057433242464099976,
          "volume": 0.0003629497028396362,
          "passed": true
        },
        {
          "name": "Pod_wing_saddle_R_Rear",
          "closed": true,
          "boundary": 0,
          "nonmanifold": 0,
          "components": 1,
          "zeroAreaTriangles": 0,
          "minArea": 0.000057433242464099976,
          "volume": 0.00036294996815534815,
          "passed": true
        },
        {
          "name": "RootFairingMoving_R",
          "closed": true,
          "boundary": 0,
          "nonmanifold": 0,
          "components": 1,
          "zeroAreaTriangles": 0,
          "minArea": 7.137221499846346e-7,
          "volume": 0.00005901209611701546,
          "passed": true
        },
        {
          "name": "BraceRod_mesh_R",
          "closed": true,
          "boundary": 0,
          "nonmanifold": 0,
          "components": 1,
          "zeroAreaTriangles": 0,
          "minArea": 0.000002318323972604742,
          "volume": 0.0012053888328340966,
          "passed": true
        },
        {
          "name": "BraceRodEye_R_Body",
          "closed": true,
          "boundary": 0,
          "nonmanifold": 0,
          "components": 1,
          "zeroAreaTriangles": 0,
          "minArea": 0.000003962997395301677,
          "volume": 0.00001772721498769424,
          "passed": true
        },
        {
          "name": "BraceRodEye_R_Root",
          "closed": true,
          "boundary": 0,
          "nonmanifold": 0,
          "components": 1,
          "zeroAreaTriangles": 0,
          "minArea": 0.00000396283384736596,
          "volume": 0.000017727192482335424,
          "passed": true
        },
        {
          "name": "BraceRodEyeNeck_R_Body",
          "closed": true,
          "boundary": 0,
          "nonmanifold": 0,
          "components": 1,
          "zeroAreaTriangles": 0,
          "minArea": 0.000006464507080264392,
          "volume": 0.000014284936650667377,
          "passed": true
        },
        {
          "name": "BraceRodEyeNeck_R_Root",
          "closed": true,
          "boundary": 0,
          "nonmanifold": 0,
          "components": 1,
          "zeroAreaTriangles": 0,
          "minArea": 0.00000646450708026405,
          "volume": 0.000014284939165391385,
          "passed": true
        },
        {
          "name": "BraceRodFerrule_R_Body",
          "closed": true,
          "boundary": 0,
          "nonmanifold": 0,
          "components": 1,
          "zeroAreaTriangles": 0,
          "minArea": 0.000004126515409938312,
          "volume": 0.00003926810837989534,
          "passed": true
        },
        {
          "name": "BraceRodFerrule_R_Root",
          "closed": true,
          "boundary": 0,
          "nonmanifold": 0,
          "components": 1,
          "zeroAreaTriangles": 0,
          "minArea": 0.0000041265154099383114,
          "volume": 0.000039268114971952915,
          "passed": true
        },
        {
          "name": "ControlFlexureMoving_Tail_L",
          "closed": true,
          "boundary": 0,
          "nonmanifold": 0,
          "components": 1,
          "zeroAreaTriangles": 0,
          "minArea": 6.525250379878048e-11,
          "volume": 0.000008358764308748715,
          "passed": true
        },
        {
          "name": "ControlHingeMoving_Tail_L",
          "closed": true,
          "boundary": 0,
          "nonmanifold": 0,
          "components": 2,
          "zeroAreaTriangles": 0,
          "minArea": 1.3368331646090732e-7,
          "volume": 1.6091086763141396e-7,
          "passed": true
        },
        {
          "name": "ControlFlexureFixed_Tail_L",
          "closed": true,
          "boundary": 0,
          "nonmanifold": 0,
          "components": 1,
          "zeroAreaTriangles": 0,
          "minArea": 6.057753755111244e-11,
          "volume": 0.000008360795754890824,
          "passed": true
        },
        {
          "name": "ControlFlexureMoving_Tail_R",
          "closed": true,
          "boundary": 0,
          "nonmanifold": 0,
          "components": 1,
          "zeroAreaTriangles": 0,
          "minArea": 6.510757504055281e-11,
          "volume": 0.000008358726868926556,
          "passed": true
        },
        {
          "name": "ControlHingeMoving_Tail_R",
          "closed": true,
          "boundary": 0,
          "nonmanifold": 0,
          "components": 2,
          "zeroAreaTriangles": 0,
          "minArea": 1.3368331646090732e-7,
          "volume": 1.6091087099444226e-7,
          "passed": true
        },
        {
          "name": "ControlFlexureFixed_Tail_R",
          "closed": true,
          "boundary": 0,
          "nonmanifold": 0,
          "components": 1,
          "zeroAreaTriangles": 0,
          "minArea": 6.057753755111244e-11,
          "volume": 0.00000836080974727031,
          "passed": true
        },
        {
          "name": "CargoHingeMovingSeat_L",
          "closed": true,
          "boundary": 0,
          "nonmanifold": 0,
          "components": 1,
          "zeroAreaTriangles": 0,
          "minArea": 5.289995851514401e-7,
          "volume": 0.000008433625194863596,
          "passed": true
        },
        {
          "name": "CargoHingeMovingSeat_R",
          "closed": true,
          "boundary": 0,
          "nonmanifold": 0,
          "components": 1,
          "zeroAreaTriangles": 0,
          "minArea": 2.960783641894309e-7,
          "volume": 0.000008452144756636683,
          "passed": true
        },
        {
          "name": "CargoLatchMoving_L",
          "closed": true,
          "boundary": 0,
          "nonmanifold": 0,
          "components": 1,
          "zeroAreaTriangles": 0,
          "minArea": 5.853211517358691e-7,
          "volume": 0.000021429442295294452,
          "passed": true
        },
        {
          "name": "CargoLatchMoving_R",
          "closed": true,
          "boundary": 0,
          "nonmanifold": 0,
          "components": 1,
          "zeroAreaTriangles": 0,
          "minArea": 5.853211517358691e-7,
          "volume": 0.00002142952121179476,
          "passed": true
        },
        {
          "name": "CargoLatchFixed_R",
          "closed": true,
          "boundary": 0,
          "nonmanifold": 0,
          "components": 1,
          "zeroAreaTriangles": 0,
          "minArea": 0.000001039763506228132,
          "volume": 0.000024954300179887314,
          "passed": true
        },
        {
          "name": "CargoLatchPin_R",
          "closed": true,
          "boundary": 0,
          "nonmanifold": 0,
          "components": 1,
          "zeroAreaTriangles": 0,
          "minArea": 2.587573305775959e-7,
          "volume": 0.000001749762741759554,
          "passed": true
        },
        {
          "name": "CargoLatchFixed_L",
          "closed": true,
          "boundary": 0,
          "nonmanifold": 0,
          "components": 1,
          "zeroAreaTriangles": 0,
          "minArea": 0.000001039788996884575,
          "volume": 0.000024953963971672765,
          "passed": true
        },
        {
          "name": "CargoLatchPin_L",
          "closed": true,
          "boundary": 0,
          "nonmanifold": 0,
          "components": 1,
          "zeroAreaTriangles": 0,
          "minArea": 2.587573152361632e-7,
          "volume": 0.0000017497626588933845,
          "passed": true
        },
        {
          "name": "Drive_CouplingWitness",
          "closed": true,
          "boundary": 0,
          "nonmanifold": 0,
          "components": 1,
          "zeroAreaTriangles": 0,
          "minArea": 2.8518917456892684e-8,
          "volume": 2.978728313377432e-7,
          "passed": true
        },
        {
          "name": "Drive_LeadScrewCore",
          "closed": true,
          "boundary": 0,
          "nonmanifold": 0,
          "components": 1,
          "zeroAreaTriangles": 0,
          "minArea": 3.0229976860275934e-7,
          "volume": 0.0002778801982064458,
          "passed": true
        },
        {
          "name": "Drive_LeadScrewThread",
          "closed": true,
          "boundary": 0,
          "nonmanifold": 0,
          "components": 1,
          "zeroAreaTriangles": 0,
          "minArea": 0.000004042701759189194,
          "volume": 0.00003010867801966224,
          "passed": true
        },
        {
          "name": "Drive_OutputCoupling",
          "closed": true,
          "boundary": 0,
          "nonmanifold": 0,
          "components": 1,
          "zeroAreaTriangles": 0,
          "minArea": 0.000005553267254883191,
          "volume": 0.000014640156566865935,
          "passed": true
        },
        {
          "name": "Drive_PlanetCarrier",
          "closed": true,
          "boundary": 0,
          "nonmanifold": 0,
          "components": 1,
          "zeroAreaTriangles": 0,
          "minArea": 0.0000012183525883085468,
          "volume": 0.000017447348508735757,
          "passed": true
        },
        {
          "name": "Drive_PlanetPin_0",
          "closed": true,
          "boundary": 0,
          "nonmanifold": 0,
          "components": 1,
          "zeroAreaTriangles": 0,
          "minArea": 1.6041880766814527e-8,
          "volume": 3.2832017222747245e-7,
          "passed": true
        },
        {
          "name": "Drive_PlanetPin_1",
          "closed": true,
          "boundary": 0,
          "nonmanifold": 0,
          "components": 1,
          "zeroAreaTriangles": 0,
          "minArea": 1.6041880766814765e-8,
          "volume": 3.283201722272899e-7,
          "passed": true
        },
        {
          "name": "Drive_PlanetPin_2",
          "closed": true,
          "boundary": 0,
          "nonmanifold": 0,
          "components": 1,
          "zeroAreaTriangles": 0,
          "minArea": 1.6041880766814765e-8,
          "volume": 3.283201722273808e-7,
          "passed": true
        },
        {
          "name": "Drive_PlanetRetainer_0_Front",
          "closed": true,
          "boundary": 0,
          "nonmanifold": 0,
          "components": 1,
          "zeroAreaTriangles": 0,
          "minArea": 1.9448558837778704e-7,
          "volume": 4.400882316714428e-8,
          "passed": true
        },
        {
          "name": "Drive_PlanetRetainer_0_Rear",
          "closed": true,
          "boundary": 0,
          "nonmanifold": 0,
          "components": 1,
          "zeroAreaTriangles": 0,
          "minArea": 1.9448558837778704e-7,
          "volume": 4.400882316726805e-8,
          "passed": true
        },
        {
          "name": "Drive_PlanetRetainer_1_Front",
          "closed": true,
          "boundary": 0,
          "nonmanifold": 0,
          "components": 1,
          "zeroAreaTriangles": 0,
          "minArea": 1.944855109511195e-7,
          "volume": 4.4008823679682875e-8,
          "passed": true
        },
        {
          "name": "Drive_PlanetRetainer_1_Rear",
          "closed": true,
          "boundary": 0,
          "nonmanifold": 0,
          "components": 1,
          "zeroAreaTriangles": 0,
          "minArea": 1.944855109511195e-7,
          "volume": 4.4008823679802214e-8,
          "passed": true
        },
        {
          "name": "Drive_PlanetRetainer_2_Front",
          "closed": true,
          "boundary": 0,
          "nonmanifold": 0,
          "components": 1,
          "zeroAreaTriangles": 0,
          "minArea": 1.9448551095112065e-7,
          "volume": 4.400882367967878e-8,
          "passed": true
        },
        {
          "name": "Drive_PlanetRetainer_2_Rear",
          "closed": true,
          "boundary": 0,
          "nonmanifold": 0,
          "components": 1,
          "zeroAreaTriangles": 0,
          "minArea": 1.9448551095112065e-7,
          "volume": 4.40088236797746e-8,
          "passed": true
        },
        {
          "name": "Drive_PlanetGear_0",
          "closed": true,
          "boundary": 0,
          "nonmanifold": 0,
          "components": 1,
          "zeroAreaTriangles": 0,
          "minArea": 3.6022047329148733e-7,
          "volume": 0.0000014791482862543479,
          "passed": true
        },
        {
          "name": "Drive_PlanetGear_1",
          "closed": true,
          "boundary": 0,
          "nonmanifold": 0,
          "components": 1,
          "zeroAreaTriangles": 0,
          "minArea": 3.6022047329148733e-7,
          "volume": 0.0000014791482862540836,
          "passed": true
        },
        {
          "name": "Drive_PlanetGear_2",
          "closed": true,
          "boundary": 0,
          "nonmanifold": 0,
          "components": 1,
          "zeroAreaTriangles": 0,
          "minArea": 3.6022047329148744e-7,
          "volume": 0.000001479148286254173,
          "passed": true
        },
        {
          "name": "Drive_MotorRotorDisc",
          "closed": true,
          "boundary": 0,
          "nonmanifold": 0,
          "components": 1,
          "zeroAreaTriangles": 0,
          "minArea": 0.0000017544219966354372,
          "volume": 0.00004468429608576007,
          "passed": true
        },
        {
          "name": "Drive_MotorShaft",
          "closed": true,
          "boundary": 0,
          "nonmanifold": 0,
          "components": 1,
          "zeroAreaTriangles": 0,
          "minArea": 3.022708410108692e-7,
          "volume": 0.00004571313407947356,
          "passed": true
        },
        {
          "name": "Drive_MotorWitness",
          "closed": true,
          "boundary": 0,
          "nonmanifold": 0,
          "components": 1,
          "zeroAreaTriangles": 0,
          "minArea": 2.8518917456892975e-8,
          "volume": 2.3575554097948233e-7,
          "passed": true
        },
        {
          "name": "Drive_SunGear",
          "closed": true,
          "boundary": 0,
          "nonmanifold": 0,
          "components": 1,
          "zeroAreaTriangles": 0,
          "minArea": 4.832395232728981e-7,
          "volume": 0.0000027485132769914346,
          "passed": true
        },
        {
          "name": "Drive_MotorHousing",
          "closed": true,
          "boundary": 0,
          "nonmanifold": 0,
          "components": 1,
          "zeroAreaTriangles": 0,
          "minArea": 0.00001719115069537258,
          "volume": 0.00018633980717491075,
          "passed": true
        },
        {
          "name": "Drive_ReductionHousing",
          "closed": true,
          "boundary": 0,
          "nonmanifold": 0,
          "components": 1,
          "zeroAreaTriangles": 0,
          "minArea": 0.000018233040645028453,
          "volume": 0.00016418505760575373,
          "passed": true
        },
        {
          "name": "Drive_MotorGearboxAdapter",
          "closed": true,
          "boundary": 0,
          "nonmanifold": 0,
          "components": 1,
          "zeroAreaTriangles": 0,
          "minArea": 0.000012550421798963248,
          "volume": 0.00007201551957961449,
          "passed": true
        },
        {
          "name": "Drive_RingGear",
          "closed": true,
          "boundary": 0,
          "nonmanifold": 0,
          "components": 1,
          "zeroAreaTriangles": 0,
          "minArea": 0.000003889408210742528,
          "volume": 0.000038821640130523885,
          "passed": true
        },
        {
          "name": "Drive_MotorMount",
          "closed": true,
          "boundary": 0,
          "nonmanifold": 0,
          "components": 1,
          "zeroAreaTriangles": 0,
          "minArea": 2.3026902715884075e-7,
          "volume": 0.00011911383557602552,
          "passed": true
        },
        {
          "name": "Drive_MotorSaddle_L",
          "closed": true,
          "boundary": 0,
          "nonmanifold": 0,
          "components": 1,
          "zeroAreaTriangles": 0,
          "minArea": 2.302708168311815e-7,
          "volume": 0.00001739802663771491,
          "passed": true
        },
        {
          "name": "Drive_MotorSaddle_R",
          "closed": true,
          "boundary": 0,
          "nonmanifold": 0,
          "components": 1,
          "zeroAreaTriangles": 0,
          "minArea": 2.302708168311815e-7,
          "volume": 0.000017398026637715025,
          "passed": true
        },
        {
          "name": "Drive_FrontSupport",
          "closed": true,
          "boundary": 0,
          "nonmanifold": 0,
          "components": 1,
          "zeroAreaTriangles": 0,
          "minArea": 3.606431176212366e-7,
          "volume": 0.000022210018420277045,
          "passed": true
        },
        {
          "name": "Drive_FrontScrewPedestal",
          "closed": true,
          "boundary": 0,
          "nonmanifold": 0,
          "components": 1,
          "zeroAreaTriangles": 0,
          "minArea": 5.010440810663734e-7,
          "volume": 0.0000037618313858531663,
          "passed": true
        },
        {
          "name": "Drive_FrontScrewBearing",
          "closed": true,
          "boundary": 0,
          "nonmanifold": 0,
          "components": 1,
          "zeroAreaTriangles": 0,
          "minArea": 0.000010085446055706215,
          "volume": 0.0000317692518016274,
          "passed": true
        },
        {
          "name": "Drive_FrontGuidePedestal_L",
          "closed": true,
          "boundary": 0,
          "nonmanifold": 0,
          "components": 1,
          "zeroAreaTriangles": 0,
          "minArea": 3.606429886452166e-7,
          "volume": 0.000001208393441014677,
          "passed": true
        },
        {
          "name": "Drive_FrontGuideSeat_L",
          "closed": true,
          "boundary": 0,
          "nonmanifold": 0,
          "components": 1,
          "zeroAreaTriangles": 0,
          "minArea": 0.0000055489165491223735,
          "volume": 0.000013451406435295605,
          "passed": true
        },
        {
          "name": "Drive_FrontGuidePedestal_R",
          "closed": true,
          "boundary": 0,
          "nonmanifold": 0,
          "components": 1,
          "zeroAreaTriangles": 0,
          "minArea": 3.606429886452166e-7,
          "volume": 0.0000012083934410152775,
          "passed": true
        },
        {
          "name": "Drive_FrontGuideSeat_R",
          "closed": true,
          "boundary": 0,
          "nonmanifold": 0,
          "components": 1,
          "zeroAreaTriangles": 0,
          "minArea": 0.0000055489165491223735,
          "volume": 0.000013451406435295669,
          "passed": true
        },
        {
          "name": "Drive_RearSupport",
          "closed": true,
          "boundary": 0,
          "nonmanifold": 0,
          "components": 1,
          "zeroAreaTriangles": 0,
          "minArea": 3.606431176210513e-7,
          "volume": 0.000022210018420276917,
          "passed": true
        },
        {
          "name": "Drive_RearScrewPedestal",
          "closed": true,
          "boundary": 0,
          "nonmanifold": 0,
          "components": 1,
          "zeroAreaTriangles": 0,
          "minArea": 5.010440810663881e-7,
          "volume": 0.0000037618313858532544,
          "passed": true
        },
        {
          "name": "Drive_RearScrewBearing",
          "closed": true,
          "boundary": 0,
          "nonmanifold": 0,
          "components": 1,
          "zeroAreaTriangles": 0,
          "minArea": 0.000010085446055706215,
          "volume": 0.000031769403289369185,
          "passed": true
        },
        {
          "name": "Drive_RearGuidePedestal_L",
          "closed": true,
          "boundary": 0,
          "nonmanifold": 0,
          "components": 1,
          "zeroAreaTriangles": 0,
          "minArea": 3.606429886452166e-7,
          "volume": 0.0000012083934410161652,
          "passed": true
        },
        {
          "name": "Drive_RearGuideSeat_L",
          "closed": true,
          "boundary": 0,
          "nonmanifold": 0,
          "components": 1,
          "zeroAreaTriangles": 0,
          "minArea": 0.0000055489165491223735,
          "volume": 0.000013451406435295618,
          "passed": true
        },
        {
          "name": "Drive_RearGuidePedestal_R",
          "closed": true,
          "boundary": 0,
          "nonmanifold": 0,
          "components": 1,
          "zeroAreaTriangles": 0,
          "minArea": 3.606429886452166e-7,
          "volume": 0.000001208393441015914,
          "passed": true
        },
        {
          "name": "Drive_RearGuideSeat_R",
          "closed": true,
          "boundary": 0,
          "nonmanifold": 0,
          "components": 1,
          "zeroAreaTriangles": 0,
          "minArea": 0.0000055489165491223735,
          "volume": 0.000013451406435295615,
          "passed": true
        },
        {
          "name": "Drive_GuideRail_L",
          "closed": true,
          "boundary": 0,
          "nonmanifold": 0,
          "components": 1,
          "zeroAreaTriangles": 0,
          "minArea": 2.446007841736409e-7,
          "volume": 0.00026298960352757464,
          "passed": true
        },
        {
          "name": "Drive_GuideRail_R",
          "closed": true,
          "boundary": 0,
          "nonmanifold": 0,
          "components": 1,
          "zeroAreaTriangles": 0,
          "minArea": 2.446007841736409e-7,
          "volume": 0.0002629896035275754,
          "passed": true
        },
        {
          "name": "Drive_FrontFoot_L",
          "closed": true,
          "boundary": 0,
          "nonmanifold": 0,
          "components": 1,
          "zeroAreaTriangles": 0,
          "minArea": 4.32058463006868e-7,
          "volume": 0.000016678294231186,
          "passed": true
        },
        {
          "name": "Drive_FrontFoot_R",
          "closed": true,
          "boundary": 0,
          "nonmanifold": 0,
          "components": 1,
          "zeroAreaTriangles": 0,
          "minArea": 4.32058463006868e-7,
          "volume": 0.00001667694406581726,
          "passed": true
        },
        {
          "name": "Drive_RearFoot_L",
          "closed": true,
          "boundary": 0,
          "nonmanifold": 0,
          "components": 1,
          "zeroAreaTriangles": 0,
          "minArea": 4.320741979757514e-7,
          "volume": 0.000003473733970376341,
          "passed": true
        },
        {
          "name": "Drive_RearFoot_R",
          "closed": true,
          "boundary": 0,
          "nonmanifold": 0,
          "components": 1,
          "zeroAreaTriangles": 0,
          "minArea": 4.320741979757514e-7,
          "volume": 0.0000034749418640859203,
          "passed": true
        },
        {
          "name": "Drive_MotorFoot_L",
          "closed": true,
          "boundary": 0,
          "nonmanifold": 0,
          "components": 1,
          "zeroAreaTriangles": 0,
          "minArea": 4.321129010720348e-7,
          "volume": 0.000018525926738116212,
          "passed": true
        },
        {
          "name": "Drive_MotorFoot_R",
          "closed": true,
          "boundary": 0,
          "nonmanifold": 0,
          "components": 1,
          "zeroAreaTriangles": 0,
          "minArea": 4.321129010720348e-7,
          "volume": 0.000018525777218277594,
          "passed": true
        },
        {
          "name": "Drive_FrontTravelStop_L",
          "closed": true,
          "boundary": 0,
          "nonmanifold": 0,
          "components": 1,
          "zeroAreaTriangles": 0,
          "minArea": 0.0000033869992052265596,
          "volume": 0.000002503290018547353,
          "passed": true
        },
        {
          "name": "Drive_FrontTravelStop_R",
          "closed": true,
          "boundary": 0,
          "nonmanifold": 0,
          "components": 1,
          "zeroAreaTriangles": 0,
          "minArea": 0.0000033869992052265596,
          "volume": 0.000002503290018547324,
          "passed": true
        },
        {
          "name": "Drive_RearTravelStop_L",
          "closed": true,
          "boundary": 0,
          "nonmanifold": 0,
          "components": 1,
          "zeroAreaTriangles": 0,
          "minArea": 0.0000033869992052265596,
          "volume": 0.000002503252716694859,
          "passed": true
        },
        {
          "name": "Drive_RearTravelStop_R",
          "closed": true,
          "boundary": 0,
          "nonmanifold": 0,
          "components": 1,
          "zeroAreaTriangles": 0,
          "minArea": 0.0000033869992052265596,
          "volume": 0.0000025032527166948726,
          "passed": true
        },
        {
          "name": "RootBearingHousing_L",
          "closed": true,
          "boundary": 0,
          "nonmanifold": 0,
          "components": 1,
          "zeroAreaTriangles": 0,
          "minArea": 0.000004255901648410931,
          "volume": 0.000041939076092113946,
          "passed": true
        },
        {
          "name": "RootBearingHousing_R",
          "closed": true,
          "boundary": 0,
          "nonmanifold": 0,
          "components": 1,
          "zeroAreaTriangles": 0,
          "minArea": 0.000004255901648410931,
          "volume": 0.00004193908044482033,
          "passed": true
        },
        {
          "name": "CargoHingeFixedSeat",
          "closed": true,
          "boundary": 0,
          "nonmanifold": 0,
          "components": 1,
          "zeroAreaTriangles": 0,
          "minArea": 8.956208745459456e-7,
          "volume": 0.00001851681686744205,
          "passed": true
        },
        {
          "name": "CargoHingePin",
          "closed": true,
          "boundary": 0,
          "nonmanifold": 0,
          "components": 1,
          "zeroAreaTriangles": 0,
          "minArea": 8.55150880090631e-8,
          "volume": 0.0000069175755311508014,
          "passed": true
        },
        {
          "name": "CargoHingeCap_L",
          "closed": true,
          "boundary": 0,
          "nonmanifold": 0,
          "components": 1,
          "zeroAreaTriangles": 0,
          "minArea": 1.2530377587232194e-7,
          "volume": 3.927117543054228e-7,
          "passed": true
        },
        {
          "name": "CargoHingeCap_R",
          "closed": true,
          "boundary": 0,
          "nonmanifold": 0,
          "components": 1,
          "zeroAreaTriangles": 0,
          "minArea": 1.2530377587232194e-7,
          "volume": 3.9271151002540093e-7,
          "passed": true
        },
        {
          "name": "ControlHingeFixed_Tail_L",
          "closed": true,
          "boundary": 0,
          "nonmanifold": 0,
          "components": 2,
          "zeroAreaTriangles": 0,
          "minArea": 2.3367134639088496e-8,
          "volume": 3.840587619847144e-7,
          "passed": true
        },
        {
          "name": "ControlHingeFixed_Tail_R",
          "closed": true,
          "boundary": 0,
          "nonmanifold": 0,
          "components": 2,
          "zeroAreaTriangles": 0,
          "minArea": 2.3367134639088496e-8,
          "volume": 3.84058779202113e-7,
          "passed": true
        },
        {
          "name": "RootFairingFixed_L",
          "closed": true,
          "boundary": 0,
          "nonmanifold": 0,
          "components": 1,
          "zeroAreaTriangles": 0,
          "minArea": 7.136719445491466e-7,
          "volume": 0.00008766663064362881,
          "passed": true
        },
        {
          "name": "RootFairingFixed_R",
          "closed": true,
          "boundary": 0,
          "nonmanifold": 0,
          "components": 1,
          "zeroAreaTriangles": 0,
          "minArea": 7.136719445491466e-7,
          "volume": 0.00008766662593334184,
          "passed": true
        }
      ],
      "decorations": [
        {
          "name": "Tail_boom_join",
          "passed": true,
          "original": {
            "weldEpsilon": 1e-12,
            "closed": true,
            "components": 1,
            "boundaryEdges": 0,
            "boundaryLoops": 0,
            "boundaryVerticesWithWrongDegree": 0,
            "nonmanifoldEdges": 0,
            "inconsistentInteriorEdges": 0,
            "zeroArea": 0,
            "minimumArea": 0.000020162409537896293,
            "skippedDegenerate": 0,
            "triangles": 384
          },
          "current": {
            "weldEpsilon": 1e-12,
            "closed": true,
            "components": 1,
            "boundaryEdges": 0,
            "boundaryLoops": 0,
            "boundaryVerticesWithWrongDegree": 0,
            "nonmanifoldEdges": 0,
            "inconsistentInteriorEdges": 0,
            "zeroArea": 0,
            "minimumArea": 0.000019290813606253587,
            "skippedDegenerate": 0,
            "triangles": 384
          },
          "meaning": "保留原开/闭合形式和边界环数，细分可增加边数；没有把开放装饰强制封成结构实体"
        },
        {
          "name": "Lower_fuselage_join",
          "passed": true,
          "original": {
            "weldEpsilon": 1e-12,
            "closed": false,
            "components": 1,
            "boundaryEdges": 8,
            "boundaryLoops": 2,
            "boundaryVerticesWithWrongDegree": 0,
            "nonmanifoldEdges": 0,
            "inconsistentInteriorEdges": 0,
            "zeroArea": 0,
            "minimumArea": 0.0006506177835808923,
            "skippedDegenerate": 0,
            "triangles": 40
          },
          "current": {
            "weldEpsilon": 1e-12,
            "closed": false,
            "components": 1,
            "boundaryEdges": 8,
            "boundaryLoops": 2,
            "boundaryVerticesWithWrongDegree": 0,
            "nonmanifoldEdges": 0,
            "inconsistentInteriorEdges": 0,
            "zeroArea": 0,
            "minimumArea": 6.446465541760186e-7,
            "skippedDegenerate": 0,
            "triangles": 104
          },
          "meaning": "保留原开/闭合形式和边界环数，细分可增加边数；没有把开放装饰强制封成结构实体"
        },
        {
          "name": "Lower_fuselage_join001",
          "passed": true,
          "original": {
            "weldEpsilon": 1e-12,
            "closed": true,
            "components": 1,
            "boundaryEdges": 0,
            "boundaryLoops": 0,
            "boundaryVerticesWithWrongDegree": 0,
            "nonmanifoldEdges": 0,
            "inconsistentInteriorEdges": 0,
            "zeroArea": 0,
            "minimumArea": 0.000008999996002014032,
            "skippedDegenerate": 0,
            "triangles": 12
          },
          "current": {
            "weldEpsilon": 1e-12,
            "closed": true,
            "components": 1,
            "boundaryEdges": 0,
            "boundaryLoops": 0,
            "boundaryVerticesWithWrongDegree": 0,
            "nonmanifoldEdges": 0,
            "inconsistentInteriorEdges": 0,
            "zeroArea": 0,
            "minimumArea": 0.000009000009804557096,
            "skippedDegenerate": 0,
            "triangles": 84
          },
          "meaning": "保留原开/闭合形式和边界环数，细分可增加边数；没有把开放装饰强制封成结构实体"
        },
        {
          "name": "Lower_fuselage_join002",
          "passed": true,
          "original": {
            "weldEpsilon": 1e-12,
            "closed": false,
            "components": 1,
            "boundaryEdges": 8,
            "boundaryLoops": 2,
            "boundaryVerticesWithWrongDegree": 0,
            "nonmanifoldEdges": 0,
            "inconsistentInteriorEdges": 0,
            "zeroArea": 0,
            "minimumArea": 0.0006506137501731361,
            "skippedDegenerate": 0,
            "triangles": 40
          },
          "current": {
            "weldEpsilon": 1e-12,
            "closed": false,
            "components": 1,
            "boundaryEdges": 8,
            "boundaryLoops": 2,
            "boundaryVerticesWithWrongDegree": 0,
            "nonmanifoldEdges": 0,
            "inconsistentInteriorEdges": 0,
            "zeroArea": 0,
            "minimumArea": 5.885420286137886e-7,
            "skippedDegenerate": 0,
            "triangles": 104
          },
          "meaning": "保留原开/闭合形式和边界环数，细分可增加边数；没有把开放装饰强制封成结构实体"
        },
        {
          "name": "Lower_fuselage_join003",
          "passed": true,
          "original": {
            "weldEpsilon": 1e-12,
            "closed": true,
            "components": 1,
            "boundaryEdges": 0,
            "boundaryLoops": 0,
            "boundaryVerticesWithWrongDegree": 0,
            "nonmanifoldEdges": 0,
            "inconsistentInteriorEdges": 0,
            "zeroArea": 0,
            "minimumArea": 0.000008999996002014032,
            "skippedDegenerate": 0,
            "triangles": 12
          },
          "current": {
            "weldEpsilon": 1e-12,
            "closed": true,
            "components": 1,
            "boundaryEdges": 0,
            "boundaryLoops": 0,
            "boundaryVerticesWithWrongDegree": 0,
            "nonmanifoldEdges": 0,
            "inconsistentInteriorEdges": 0,
            "zeroArea": 0,
            "minimumArea": 0.000009000009804557096,
            "skippedDegenerate": 0,
            "triangles": 84
          },
          "meaning": "保留原开/闭合形式和边界环数，细分可增加边数；没有把开放装饰强制封成结构实体"
        }
      ],
      "passed": true
    },
    {
      "source": "public/models/xp4.glb",
      "sha256": "313b014ec70b409175b34a08f66ec56820a51ea094085ce1eef96fc444ce4b2b",
      "changedMeshes": [
        "ActuatorSideSlot_L",
        "ActuatorSideSlot_R",
        "BraceBodyCarriage_L",
        "BraceBodyCarriage_R",
        "Drive_CouplingWitness",
        "Drive_Crossbeam",
        "Drive_FrontFoot_L",
        "Drive_FrontFoot_R",
        "Drive_FrontGuidePedestal_L",
        "Drive_FrontGuidePedestal_R",
        "Drive_FrontGuideSeat_L",
        "Drive_FrontGuideSeat_R",
        "Drive_FrontScrewBearing",
        "Drive_FrontScrewPedestal",
        "Drive_FrontSupport",
        "Drive_FrontTravelStop_L",
        "Drive_FrontTravelStop_R",
        "Drive_GuideBridge_L",
        "Drive_GuideBridge_R",
        "Drive_GuideBushing_L",
        "Drive_GuideBushing_R",
        "Drive_GuideRail_L",
        "Drive_GuideRail_R",
        "Drive_LeadScrewCore",
        "Drive_LeadScrewThread",
        "Drive_MotorFoot_L",
        "Drive_MotorFoot_R",
        "Drive_MotorGearboxAdapter",
        "Drive_MotorHousing",
        "Drive_MotorMount",
        "Drive_MotorRotorDisc",
        "Drive_MotorSaddle_L",
        "Drive_MotorSaddle_R",
        "Drive_MotorShaft",
        "Drive_MotorWitness",
        "Drive_NutCarriage",
        "Drive_NutInternalThread",
        "Drive_OutputCoupling",
        "Drive_OutputWeb",
        "Drive_PlanetCarrier",
        "Drive_PlanetGear_0",
        "Drive_PlanetGear_1",
        "Drive_PlanetGear_2",
        "Drive_PlanetPin_0",
        "Drive_PlanetPin_1",
        "Drive_PlanetPin_2",
        "Drive_PlanetRetainer_0_Front",
        "Drive_PlanetRetainer_0_Rear",
        "Drive_PlanetRetainer_1_Front",
        "Drive_PlanetRetainer_1_Rear",
        "Drive_PlanetRetainer_2_Front",
        "Drive_PlanetRetainer_2_Rear",
        "Drive_RearFoot_L",
        "Drive_RearFoot_R",
        "Drive_RearGuidePedestal_L",
        "Drive_RearGuidePedestal_R",
        "Drive_RearGuideSeat_L",
        "Drive_RearGuideSeat_R",
        "Drive_RearScrewBearing",
        "Drive_RearScrewPedestal",
        "Drive_RearSupport",
        "Drive_RearTravelStop_L",
        "Drive_RearTravelStop_R",
        "Drive_ReductionHousing",
        "Drive_RingGear",
        "Drive_SunGear",
        "Fuselage",
        "Lower_fuselage_join",
        "Lower_fuselage_join001",
        "Lower_fuselage_join002",
        "Lower_fuselage_join003",
        "Tail_boom_join"
      ],
      "affectedScope": {
        "currentMeshes": [
          "ActuatorSideSlot_L",
          "ActuatorSideSlot_R",
          "Blade_L_Front_A",
          "Blade_L_Front_B",
          "Blade_L_Rear_A",
          "Blade_L_Rear_B",
          "Blade_R_Front_A",
          "Blade_R_Front_B",
          "Blade_R_Rear_A",
          "Blade_R_Rear_B",
          "Blade_hinge_arm_L_Front_A",
          "Blade_hinge_arm_L_Front_B",
          "Blade_hinge_arm_L_Rear_A",
          "Blade_hinge_arm_L_Rear_B",
          "Blade_hinge_arm_R_Front_A",
          "Blade_hinge_arm_R_Front_B",
          "Blade_hinge_arm_R_Rear_A",
          "Blade_hinge_arm_R_Rear_B",
          "Blade_hinge_pin_L_Front_A",
          "Blade_hinge_pin_L_Front_B",
          "Blade_hinge_pin_L_Rear_A",
          "Blade_hinge_pin_L_Rear_B",
          "Blade_hinge_pin_R_Front_A",
          "Blade_hinge_pin_R_Front_B",
          "Blade_hinge_pin_R_Rear_A",
          "Blade_hinge_pin_R_Rear_B",
          "BraceBallPin_L_Body",
          "BraceBallPin_L_Wing",
          "BraceBallPin_R_Body",
          "BraceBallPin_R_Wing",
          "BraceBall_L_Body",
          "BraceBall_L_Wing",
          "BraceBall_R_Body",
          "BraceBall_R_Wing",
          "BraceBodyCarriage_L",
          "BraceBodyCarriage_R",
          "BraceRodEyeNeck_L_Body",
          "BraceRodEyeNeck_L_Root",
          "BraceRodEyeNeck_R_Body",
          "BraceRodEyeNeck_R_Root",
          "BraceRodEye_L_Body",
          "BraceRodEye_L_Root",
          "BraceRodEye_R_Body",
          "BraceRodEye_R_Root",
          "BraceRodFerrule_L_Body",
          "BraceRodFerrule_L_Root",
          "BraceRodFerrule_R_Body",
          "BraceRodFerrule_R_Root",
          "BraceRod_mesh_L",
          "BraceRod_mesh_R",
          "BraceWingSeat_L",
          "BraceWingSeat_R",
          "CargoHingeCap_L",
          "CargoHingeCap_R",
          "CargoHingeFixedSeat",
          "CargoHingeMovingSeat_L",
          "CargoHingeMovingSeat_R",
          "CargoHingePin",
          "CargoHoodShell",
          "CargoLatchFixed_L",
          "CargoLatchFixed_R",
          "CargoLatchMoving_L",
          "CargoLatchMoving_R",
          "CargoLatchPin_L",
          "CargoLatchPin_R",
          "CargoOpeningLip",
          "Composite_wing_L",
          "Composite_wing_R",
          "ControlFlexureFixed_L_Inboard",
          "ControlFlexureFixed_L_Outboard",
          "ControlFlexureFixed_R_Inboard",
          "ControlFlexureFixed_R_Outboard",
          "ControlFlexureFixed_Tail_L",
          "ControlFlexureFixed_Tail_R",
          "ControlFlexureMoving_L_Inboard",
          "ControlFlexureMoving_L_Outboard",
          "ControlFlexureMoving_R_Inboard",
          "ControlFlexureMoving_R_Outboard",
          "ControlFlexureMoving_Tail_L",
          "ControlFlexureMoving_Tail_R",
          "ControlHingeFixed_L_Inboard",
          "ControlHingeFixed_L_Outboard",
          "ControlHingeFixed_R_Inboard",
          "ControlHingeFixed_R_Outboard",
          "ControlHingeFixed_Tail_L",
          "ControlHingeFixed_Tail_R",
          "ControlHingeMoving_L_Inboard",
          "ControlHingeMoving_L_Outboard",
          "ControlHingeMoving_R_Inboard",
          "ControlHingeMoving_R_Outboard",
          "ControlHingeMoving_Tail_L",
          "ControlHingeMoving_Tail_R",
          "ControlHorn_L_Inboard",
          "ControlHorn_L_Outboard",
          "ControlHorn_R_Inboard",
          "ControlHorn_R_Outboard",
          "ControlSurface_L_Inboard",
          "ControlSurface_L_Outboard",
          "ControlSurface_R_Inboard",
          "ControlSurface_R_Outboard",
          "ControlSurface_Tail_L",
          "ControlSurface_Tail_R",
          "Cowl_boundary_L_Front",
          "Cowl_boundary_L_Rear",
          "Cowl_boundary_R_Front",
          "Cowl_boundary_R_Rear",
          "Dorsal_antenna",
          "Dorsal_hatch_main",
          "Dorsal_small_receiver",
          "Drive_CouplingWitness",
          "Drive_Crossbeam",
          "Drive_FrontFoot_L",
          "Drive_FrontFoot_R",
          "Drive_FrontGuidePedestal_L",
          "Drive_FrontGuidePedestal_R",
          "Drive_FrontGuideSeat_L",
          "Drive_FrontGuideSeat_R",
          "Drive_FrontScrewBearing",
          "Drive_FrontScrewPedestal",
          "Drive_FrontSupport",
          "Drive_FrontTravelStop_L",
          "Drive_FrontTravelStop_R",
          "Drive_GuideBridge_L",
          "Drive_GuideBridge_R",
          "Drive_GuideBushing_L",
          "Drive_GuideBushing_R",
          "Drive_GuideRail_L",
          "Drive_GuideRail_R",
          "Drive_LeadScrewCore",
          "Drive_LeadScrewThread",
          "Drive_MotorFoot_L",
          "Drive_MotorFoot_R",
          "Drive_MotorGearboxAdapter",
          "Drive_MotorHousing",
          "Drive_MotorMount",
          "Drive_MotorRotorDisc",
          "Drive_MotorSaddle_L",
          "Drive_MotorSaddle_R",
          "Drive_MotorShaft",
          "Drive_MotorWitness",
          "Drive_NutCarriage",
          "Drive_NutInternalThread",
          "Drive_OutputCoupling",
          "Drive_OutputWeb",
          "Drive_PlanetCarrier",
          "Drive_PlanetGear_0",
          "Drive_PlanetGear_1",
          "Drive_PlanetGear_2",
          "Drive_PlanetPin_0",
          "Drive_PlanetPin_1",
          "Drive_PlanetPin_2",
          "Drive_PlanetRetainer_0_Front",
          "Drive_PlanetRetainer_0_Rear",
          "Drive_PlanetRetainer_1_Front",
          "Drive_PlanetRetainer_1_Rear",
          "Drive_PlanetRetainer_2_Front",
          "Drive_PlanetRetainer_2_Rear",
          "Drive_RearFoot_L",
          "Drive_RearFoot_R",
          "Drive_RearGuidePedestal_L",
          "Drive_RearGuidePedestal_R",
          "Drive_RearGuideSeat_L",
          "Drive_RearGuideSeat_R",
          "Drive_RearScrewBearing",
          "Drive_RearScrewPedestal",
          "Drive_RearSupport",
          "Drive_RearTravelStop_L",
          "Drive_RearTravelStop_R",
          "Drive_ReductionHousing",
          "Drive_RingGear",
          "Drive_SunGear",
          "Fixed_root_L",
          "Fixed_root_R",
          "Fixed_root_blue_L",
          "Fixed_root_blue_R",
          "Fuselage",
          "Hatch_fastener_main",
          "Hatch_fastener_main001",
          "Hatch_fastener_main002",
          "Hatch_fastener_main003",
          "Landing_wear_tip_L_Front",
          "Landing_wear_tip_L_Rear",
          "Landing_wear_tip_R_Front",
          "Landing_wear_tip_R_Rear",
          "Lower_fuselage_join",
          "Lower_fuselage_join001",
          "Lower_fuselage_join002",
          "Lower_fuselage_join003",
          "MotorFrontBearing_L_Front",
          "MotorFrontBearing_L_Rear",
          "MotorFrontBearing_R_Front",
          "MotorFrontBearing_R_Rear",
          "Motor_cowl_L_Front",
          "Motor_cowl_L_Rear",
          "Motor_cowl_R_Front",
          "Motor_cowl_R_Rear",
          "Motor_spindle_L_Front",
          "Motor_spindle_L_Rear",
          "Motor_spindle_R_Front",
          "Motor_spindle_R_Rear",
          "Nacelle_L_Front",
          "Nacelle_L_Rear",
          "Nacelle_R_Front",
          "Nacelle_R_Rear",
          "Pitot_probe_foot",
          "Pitot_probe_mount",
          "Pitot_probe_tube",
          "Pod_U_access_panel_L_Front",
          "Pod_U_access_panel_L_Front001",
          "Pod_U_access_panel_L_Rear",
          "Pod_U_access_panel_L_Rear001",
          "Pod_U_access_panel_R_Front",
          "Pod_U_access_panel_R_Front001",
          "Pod_U_access_panel_R_Rear",
          "Pod_U_access_panel_R_Rear001",
          "Pod_mount_seam_L_Front",
          "Pod_mount_seam_L_Front001",
          "Pod_mount_seam_L_Rear",
          "Pod_mount_seam_L_Rear001",
          "Pod_mount_seam_R_Front",
          "Pod_mount_seam_R_Front001",
          "Pod_mount_seam_R_Rear",
          "Pod_mount_seam_R_Rear001",
          "Pod_wing_saddle_L_Front",
          "Pod_wing_saddle_L_Rear",
          "Pod_wing_saddle_R_Front",
          "Pod_wing_saddle_R_Rear",
          "RootBearingFixed_L_Front",
          "RootBearingFixed_L_Rear",
          "RootBearingFixed_R_Front",
          "RootBearingFixed_R_Rear",
          "RootBearingHousing_L",
          "RootBearingHousing_R",
          "RootBearingSeal_L_Front",
          "RootBearingSeal_L_Rear",
          "RootBearingSeal_R_Front",
          "RootBearingSeal_R_Rear",
          "RootCarrierBridge_L",
          "RootCarrierBridge_R",
          "RootCarrierMoving_L",
          "RootCarrierMoving_R",
          "RootCarrierThrust_L",
          "RootCarrierThrust_R",
          "RootFairingFixed_L",
          "RootFairingFixed_R",
          "RootFairingMoving_L",
          "RootFairingMoving_R",
          "RootFixedBearingPedestal_L",
          "RootFixedBearingPedestal_R",
          "RootHingeEndcap_L-0148",
          "RootHingeEndcap_L0148",
          "RootHingeEndcap_R-0148",
          "RootHingeEndcap_R0148",
          "RootHingeShaft_L",
          "RootHingeShaft_R",
          "Root_access_cover_L",
          "Root_access_cover_R",
          "Spinner_L_Front",
          "Spinner_L_Rear",
          "Spinner_R_Front",
          "Spinner_R_Rear",
          "Tail_boom_join",
          "Tail_receiver",
          "Tail_root_fastener_L",
          "Tail_root_fastener_L001",
          "Tail_root_fastener_R",
          "Tail_root_fastener_R001",
          "V_tail_L",
          "V_tail_R",
          "V_tail_blue_leading_L",
          "V_tail_blue_leading_R",
          "Ventral_antenna",
          "Ventral_antenna001",
          "Ventral_small_sensor",
          "Ventral_tail_tab",
          "Wing_blue_angular_panel_L",
          "Wing_blue_angular_panel_R",
          "Wing_blue_leading_L",
          "Wing_blue_leading_R",
          "Wing_service_panel_L",
          "Wing_service_panel_L001",
          "Wing_service_panel_R",
          "Wing_service_panel_R001"
        ],
        "geometryChangedMeshes": [
          "ActuatorSideSlot_L",
          "ActuatorSideSlot_R",
          "BraceBodyCarriage_L",
          "BraceBodyCarriage_R",
          "Drive_FrontFoot_L",
          "Drive_FrontFoot_R",
          "Drive_FrontGuidePedestal_L",
          "Drive_FrontGuidePedestal_R",
          "Drive_FrontGuideSeat_L",
          "Drive_FrontGuideSeat_R",
          "Drive_FrontScrewBearing",
          "Drive_FrontScrewPedestal",
          "Drive_FrontTravelStop_L",
          "Drive_FrontTravelStop_R",
          "Drive_GuideBushing_L",
          "Drive_GuideBushing_R",
          "Drive_MotorFoot_L",
          "Drive_MotorFoot_R",
          "Drive_MotorGearboxAdapter",
          "Drive_MotorHousing",
          "Drive_NutCarriage",
          "Drive_NutInternalThread",
          "Drive_OutputWeb",
          "Drive_RearFoot_L",
          "Drive_RearFoot_R",
          "Drive_RearGuidePedestal_L",
          "Drive_RearGuidePedestal_R",
          "Drive_RearGuideSeat_L",
          "Drive_RearGuideSeat_R",
          "Drive_RearScrewBearing",
          "Drive_RearScrewPedestal",
          "Drive_RearTravelStop_L",
          "Drive_RearTravelStop_R",
          "Drive_ReductionHousing",
          "Fuselage",
          "Lower_fuselage_join",
          "Lower_fuselage_join001",
          "Lower_fuselage_join002",
          "Lower_fuselage_join003",
          "Tail_boom_join"
        ],
        "declaredMotionAffectedMeshes": [
          "BraceBodyCarriage_L",
          "BraceBodyCarriage_R",
          "Drive_CouplingWitness",
          "Drive_Crossbeam",
          "Drive_FrontFoot_L",
          "Drive_FrontFoot_R",
          "Drive_FrontGuidePedestal_L",
          "Drive_FrontGuidePedestal_R",
          "Drive_FrontGuideSeat_L",
          "Drive_FrontGuideSeat_R",
          "Drive_FrontScrewBearing",
          "Drive_FrontScrewPedestal",
          "Drive_FrontSupport",
          "Drive_FrontTravelStop_L",
          "Drive_FrontTravelStop_R",
          "Drive_GuideBridge_L",
          "Drive_GuideBridge_R",
          "Drive_GuideBushing_L",
          "Drive_GuideBushing_R",
          "Drive_GuideRail_L",
          "Drive_GuideRail_R",
          "Drive_LeadScrewCore",
          "Drive_LeadScrewThread",
          "Drive_MotorFoot_L",
          "Drive_MotorFoot_R",
          "Drive_MotorGearboxAdapter",
          "Drive_MotorHousing",
          "Drive_MotorMount",
          "Drive_MotorRotorDisc",
          "Drive_MotorSaddle_L",
          "Drive_MotorSaddle_R",
          "Drive_MotorShaft",
          "Drive_MotorWitness",
          "Drive_NutCarriage",
          "Drive_NutInternalThread",
          "Drive_OutputCoupling",
          "Drive_OutputWeb",
          "Drive_PlanetCarrier",
          "Drive_PlanetGear_0",
          "Drive_PlanetGear_1",
          "Drive_PlanetGear_2",
          "Drive_PlanetPin_0",
          "Drive_PlanetPin_1",
          "Drive_PlanetPin_2",
          "Drive_PlanetRetainer_0_Front",
          "Drive_PlanetRetainer_0_Rear",
          "Drive_PlanetRetainer_1_Front",
          "Drive_PlanetRetainer_1_Rear",
          "Drive_PlanetRetainer_2_Front",
          "Drive_PlanetRetainer_2_Rear",
          "Drive_RearFoot_L",
          "Drive_RearFoot_R",
          "Drive_RearGuidePedestal_L",
          "Drive_RearGuidePedestal_R",
          "Drive_RearGuideSeat_L",
          "Drive_RearGuideSeat_R",
          "Drive_RearScrewBearing",
          "Drive_RearScrewPedestal",
          "Drive_RearSupport",
          "Drive_RearTravelStop_L",
          "Drive_RearTravelStop_R",
          "Drive_ReductionHousing",
          "Drive_RingGear",
          "Drive_SunGear"
        ],
        "transformedAncestorDescendants": [
          {
            "ancestor": "BraceBodyCarriage_L",
            "meshDescendants": [
              "BraceBodyCarriage_L"
            ]
          },
          {
            "ancestor": "BraceBodyCarriage_R",
            "meshDescendants": [
              "BraceBodyCarriage_R"
            ]
          },
          {
            "ancestor": "Drive_Crossbeam",
            "meshDescendants": [
              "Drive_Crossbeam"
            ]
          },
          {
            "ancestor": "Drive_FrontGuidePedestal_L",
            "meshDescendants": [
              "Drive_FrontGuidePedestal_L"
            ]
          },
          {
            "ancestor": "Drive_FrontGuidePedestal_R",
            "meshDescendants": [
              "Drive_FrontGuidePedestal_R"
            ]
          },
          {
            "ancestor": "Drive_FrontScrewPedestal",
            "meshDescendants": [
              "Drive_FrontScrewPedestal"
            ]
          },
          {
            "ancestor": "Drive_FrontSupport",
            "meshDescendants": [
              "Drive_FrontSupport"
            ]
          },
          {
            "ancestor": "Drive_GuideBridge_L",
            "meshDescendants": [
              "Drive_GuideBridge_L"
            ]
          },
          {
            "ancestor": "Drive_GuideBridge_R",
            "meshDescendants": [
              "Drive_GuideBridge_R"
            ]
          },
          {
            "ancestor": "Drive_GuideRail_L",
            "meshDescendants": [
              "Drive_GuideRail_L"
            ]
          },
          {
            "ancestor": "Drive_GuideRail_R",
            "meshDescendants": [
              "Drive_GuideRail_R"
            ]
          },
          {
            "ancestor": "Drive_MotorMount",
            "meshDescendants": [
              "Drive_MotorMount"
            ]
          },
          {
            "ancestor": "Drive_MotorRotor",
            "meshDescendants": [
              "Drive_MotorRotorDisc",
              "Drive_MotorShaft",
              "Drive_MotorWitness",
              "Drive_SunGear"
            ]
          },
          {
            "ancestor": "Drive_MotorSaddle_L",
            "meshDescendants": [
              "Drive_MotorSaddle_L"
            ]
          },
          {
            "ancestor": "Drive_MotorSaddle_R",
            "meshDescendants": [
              "Drive_MotorSaddle_R"
            ]
          },
          {
            "ancestor": "Drive_OutputWeb",
            "meshDescendants": [
              "Drive_OutputWeb"
            ]
          },
          {
            "ancestor": "Drive_RearGuidePedestal_L",
            "meshDescendants": [
              "Drive_RearGuidePedestal_L"
            ]
          },
          {
            "ancestor": "Drive_RearGuidePedestal_R",
            "meshDescendants": [
              "Drive_RearGuidePedestal_R"
            ]
          },
          {
            "ancestor": "Drive_RearScrewPedestal",
            "meshDescendants": [
              "Drive_RearScrewPedestal"
            ]
          },
          {
            "ancestor": "Drive_RearSupport",
            "meshDescendants": [
              "Drive_RearSupport"
            ]
          },
          {
            "ancestor": "Drive_RingGear",
            "meshDescendants": [
              "Drive_RingGear"
            ]
          },
          {
            "ancestor": "Drive_ScrewRotor",
            "meshDescendants": [
              "Drive_CouplingWitness",
              "Drive_LeadScrewCore",
              "Drive_LeadScrewThread",
              "Drive_OutputCoupling",
              "Drive_PlanetCarrier",
              "Drive_PlanetGear_0",
              "Drive_PlanetGear_1",
              "Drive_PlanetGear_2",
              "Drive_PlanetPin_0",
              "Drive_PlanetPin_1",
              "Drive_PlanetPin_2",
              "Drive_PlanetRetainer_0_Front",
              "Drive_PlanetRetainer_0_Rear",
              "Drive_PlanetRetainer_1_Front",
              "Drive_PlanetRetainer_1_Rear",
              "Drive_PlanetRetainer_2_Front",
              "Drive_PlanetRetainer_2_Rear"
            ]
          },
          {
            "ancestor": "Lower_fuselage_join",
            "meshDescendants": [
              "Lower_fuselage_join"
            ]
          },
          {
            "ancestor": "Lower_fuselage_join001",
            "meshDescendants": [
              "Lower_fuselage_join001"
            ]
          },
          {
            "ancestor": "Lower_fuselage_join002",
            "meshDescendants": [
              "Lower_fuselage_join002"
            ]
          },
          {
            "ancestor": "Lower_fuselage_join003",
            "meshDescendants": [
              "Lower_fuselage_join003"
            ]
          },
          {
            "ancestor": "Tail_boom_join",
            "meshDescendants": [
              "Tail_boom_join"
            ]
          }
        ],
        "rerunMeshes": [
          "ActuatorSideSlot_L",
          "ActuatorSideSlot_R",
          "BraceBodyCarriage_L",
          "BraceBodyCarriage_R",
          "Drive_CouplingWitness",
          "Drive_Crossbeam",
          "Drive_FrontFoot_L",
          "Drive_FrontFoot_R",
          "Drive_FrontGuidePedestal_L",
          "Drive_FrontGuidePedestal_R",
          "Drive_FrontGuideSeat_L",
          "Drive_FrontGuideSeat_R",
          "Drive_FrontScrewBearing",
          "Drive_FrontScrewPedestal",
          "Drive_FrontSupport",
          "Drive_FrontTravelStop_L",
          "Drive_FrontTravelStop_R",
          "Drive_GuideBridge_L",
          "Drive_GuideBridge_R",
          "Drive_GuideBushing_L",
          "Drive_GuideBushing_R",
          "Drive_GuideRail_L",
          "Drive_GuideRail_R",
          "Drive_LeadScrewCore",
          "Drive_LeadScrewThread",
          "Drive_MotorFoot_L",
          "Drive_MotorFoot_R",
          "Drive_MotorGearboxAdapter",
          "Drive_MotorHousing",
          "Drive_MotorMount",
          "Drive_MotorRotorDisc",
          "Drive_MotorSaddle_L",
          "Drive_MotorSaddle_R",
          "Drive_MotorShaft",
          "Drive_MotorWitness",
          "Drive_NutCarriage",
          "Drive_NutInternalThread",
          "Drive_OutputCoupling",
          "Drive_OutputWeb",
          "Drive_PlanetCarrier",
          "Drive_PlanetGear_0",
          "Drive_PlanetGear_1",
          "Drive_PlanetGear_2",
          "Drive_PlanetPin_0",
          "Drive_PlanetPin_1",
          "Drive_PlanetPin_2",
          "Drive_PlanetRetainer_0_Front",
          "Drive_PlanetRetainer_0_Rear",
          "Drive_PlanetRetainer_1_Front",
          "Drive_PlanetRetainer_1_Rear",
          "Drive_PlanetRetainer_2_Front",
          "Drive_PlanetRetainer_2_Rear",
          "Drive_RearFoot_L",
          "Drive_RearFoot_R",
          "Drive_RearGuidePedestal_L",
          "Drive_RearGuidePedestal_R",
          "Drive_RearGuideSeat_L",
          "Drive_RearGuideSeat_R",
          "Drive_RearScrewBearing",
          "Drive_RearScrewPedestal",
          "Drive_RearSupport",
          "Drive_RearTravelStop_L",
          "Drive_RearTravelStop_R",
          "Drive_ReductionHousing",
          "Drive_RingGear",
          "Drive_SunGear",
          "Fuselage",
          "Lower_fuselage_join",
          "Lower_fuselage_join001",
          "Lower_fuselage_join002",
          "Lower_fuselage_join003",
          "Tail_boom_join"
        ],
        "inheritanceCandidates": [
          "Blade_L_Front_A",
          "Blade_L_Front_B",
          "Blade_L_Rear_A",
          "Blade_L_Rear_B",
          "Blade_R_Front_A",
          "Blade_R_Front_B",
          "Blade_R_Rear_A",
          "Blade_R_Rear_B",
          "Blade_hinge_arm_L_Front_A",
          "Blade_hinge_arm_L_Front_B",
          "Blade_hinge_arm_L_Rear_A",
          "Blade_hinge_arm_L_Rear_B",
          "Blade_hinge_arm_R_Front_A",
          "Blade_hinge_arm_R_Front_B",
          "Blade_hinge_arm_R_Rear_A",
          "Blade_hinge_arm_R_Rear_B",
          "Blade_hinge_pin_L_Front_A",
          "Blade_hinge_pin_L_Front_B",
          "Blade_hinge_pin_L_Rear_A",
          "Blade_hinge_pin_L_Rear_B",
          "Blade_hinge_pin_R_Front_A",
          "Blade_hinge_pin_R_Front_B",
          "Blade_hinge_pin_R_Rear_A",
          "Blade_hinge_pin_R_Rear_B",
          "BraceBallPin_L_Body",
          "BraceBallPin_L_Wing",
          "BraceBallPin_R_Body",
          "BraceBallPin_R_Wing",
          "BraceBall_L_Body",
          "BraceBall_L_Wing",
          "BraceBall_R_Body",
          "BraceBall_R_Wing",
          "BraceRodEyeNeck_L_Body",
          "BraceRodEyeNeck_L_Root",
          "BraceRodEyeNeck_R_Body",
          "BraceRodEyeNeck_R_Root",
          "BraceRodEye_L_Body",
          "BraceRodEye_L_Root",
          "BraceRodEye_R_Body",
          "BraceRodEye_R_Root",
          "BraceRodFerrule_L_Body",
          "BraceRodFerrule_L_Root",
          "BraceRodFerrule_R_Body",
          "BraceRodFerrule_R_Root",
          "BraceRod_mesh_L",
          "BraceRod_mesh_R",
          "BraceWingSeat_L",
          "BraceWingSeat_R",
          "CargoHingeCap_L",
          "CargoHingeCap_R",
          "CargoHingeFixedSeat",
          "CargoHingeMovingSeat_L",
          "CargoHingeMovingSeat_R",
          "CargoHingePin",
          "CargoHoodShell",
          "CargoLatchFixed_L",
          "CargoLatchFixed_R",
          "CargoLatchMoving_L",
          "CargoLatchMoving_R",
          "CargoLatchPin_L",
          "CargoLatchPin_R",
          "CargoOpeningLip",
          "Composite_wing_L",
          "Composite_wing_R",
          "ControlFlexureFixed_L_Inboard",
          "ControlFlexureFixed_L_Outboard",
          "ControlFlexureFixed_R_Inboard",
          "ControlFlexureFixed_R_Outboard",
          "ControlFlexureFixed_Tail_L",
          "ControlFlexureFixed_Tail_R",
          "ControlFlexureMoving_L_Inboard",
          "ControlFlexureMoving_L_Outboard",
          "ControlFlexureMoving_R_Inboard",
          "ControlFlexureMoving_R_Outboard",
          "ControlFlexureMoving_Tail_L",
          "ControlFlexureMoving_Tail_R",
          "ControlHingeFixed_L_Inboard",
          "ControlHingeFixed_L_Outboard",
          "ControlHingeFixed_R_Inboard",
          "ControlHingeFixed_R_Outboard",
          "ControlHingeFixed_Tail_L",
          "ControlHingeFixed_Tail_R",
          "ControlHingeMoving_L_Inboard",
          "ControlHingeMoving_L_Outboard",
          "ControlHingeMoving_R_Inboard",
          "ControlHingeMoving_R_Outboard",
          "ControlHingeMoving_Tail_L",
          "ControlHingeMoving_Tail_R",
          "ControlHorn_L_Inboard",
          "ControlHorn_L_Outboard",
          "ControlHorn_R_Inboard",
          "ControlHorn_R_Outboard",
          "ControlSurface_L_Inboard",
          "ControlSurface_L_Outboard",
          "ControlSurface_R_Inboard",
          "ControlSurface_R_Outboard",
          "ControlSurface_Tail_L",
          "ControlSurface_Tail_R",
          "Cowl_boundary_L_Front",
          "Cowl_boundary_L_Rear",
          "Cowl_boundary_R_Front",
          "Cowl_boundary_R_Rear",
          "Dorsal_antenna",
          "Dorsal_hatch_main",
          "Dorsal_small_receiver",
          "Fixed_root_L",
          "Fixed_root_R",
          "Fixed_root_blue_L",
          "Fixed_root_blue_R",
          "Hatch_fastener_main",
          "Hatch_fastener_main001",
          "Hatch_fastener_main002",
          "Hatch_fastener_main003",
          "Landing_wear_tip_L_Front",
          "Landing_wear_tip_L_Rear",
          "Landing_wear_tip_R_Front",
          "Landing_wear_tip_R_Rear",
          "MotorFrontBearing_L_Front",
          "MotorFrontBearing_L_Rear",
          "MotorFrontBearing_R_Front",
          "MotorFrontBearing_R_Rear",
          "Motor_cowl_L_Front",
          "Motor_cowl_L_Rear",
          "Motor_cowl_R_Front",
          "Motor_cowl_R_Rear",
          "Motor_spindle_L_Front",
          "Motor_spindle_L_Rear",
          "Motor_spindle_R_Front",
          "Motor_spindle_R_Rear",
          "Nacelle_L_Front",
          "Nacelle_L_Rear",
          "Nacelle_R_Front",
          "Nacelle_R_Rear",
          "Pitot_probe_foot",
          "Pitot_probe_mount",
          "Pitot_probe_tube",
          "Pod_U_access_panel_L_Front",
          "Pod_U_access_panel_L_Front001",
          "Pod_U_access_panel_L_Rear",
          "Pod_U_access_panel_L_Rear001",
          "Pod_U_access_panel_R_Front",
          "Pod_U_access_panel_R_Front001",
          "Pod_U_access_panel_R_Rear",
          "Pod_U_access_panel_R_Rear001",
          "Pod_mount_seam_L_Front",
          "Pod_mount_seam_L_Front001",
          "Pod_mount_seam_L_Rear",
          "Pod_mount_seam_L_Rear001",
          "Pod_mount_seam_R_Front",
          "Pod_mount_seam_R_Front001",
          "Pod_mount_seam_R_Rear",
          "Pod_mount_seam_R_Rear001",
          "Pod_wing_saddle_L_Front",
          "Pod_wing_saddle_L_Rear",
          "Pod_wing_saddle_R_Front",
          "Pod_wing_saddle_R_Rear",
          "RootBearingFixed_L_Front",
          "RootBearingFixed_L_Rear",
          "RootBearingFixed_R_Front",
          "RootBearingFixed_R_Rear",
          "RootBearingHousing_L",
          "RootBearingHousing_R",
          "RootBearingSeal_L_Front",
          "RootBearingSeal_L_Rear",
          "RootBearingSeal_R_Front",
          "RootBearingSeal_R_Rear",
          "RootCarrierBridge_L",
          "RootCarrierBridge_R",
          "RootCarrierMoving_L",
          "RootCarrierMoving_R",
          "RootCarrierThrust_L",
          "RootCarrierThrust_R",
          "RootFairingFixed_L",
          "RootFairingFixed_R",
          "RootFairingMoving_L",
          "RootFairingMoving_R",
          "RootFixedBearingPedestal_L",
          "RootFixedBearingPedestal_R",
          "RootHingeEndcap_L-0148",
          "RootHingeEndcap_L0148",
          "RootHingeEndcap_R-0148",
          "RootHingeEndcap_R0148",
          "RootHingeShaft_L",
          "RootHingeShaft_R",
          "Root_access_cover_L",
          "Root_access_cover_R",
          "Spinner_L_Front",
          "Spinner_L_Rear",
          "Spinner_R_Front",
          "Spinner_R_Rear",
          "Tail_receiver",
          "Tail_root_fastener_L",
          "Tail_root_fastener_L001",
          "Tail_root_fastener_R",
          "Tail_root_fastener_R001",
          "V_tail_L",
          "V_tail_R",
          "V_tail_blue_leading_L",
          "V_tail_blue_leading_R",
          "Ventral_antenna",
          "Ventral_antenna001",
          "Ventral_small_sensor",
          "Ventral_tail_tab",
          "Wing_blue_angular_panel_L",
          "Wing_blue_angular_panel_R",
          "Wing_blue_leading_L",
          "Wing_blue_leading_R",
          "Wing_service_panel_L",
          "Wing_service_panel_L001",
          "Wing_service_panel_R",
          "Wing_service_panel_R001"
        ]
      },
      "parts": [
        {
          "name": "Fuselage",
          "closed": true,
          "boundary": 0,
          "nonmanifold": 0,
          "components": 1,
          "zeroAreaTriangles": 0,
          "minArea": 9.124645483638005e-14,
          "volume": 0.7185690000168397,
          "passed": true
        },
        {
          "name": "Dorsal_antenna",
          "closed": true,
          "boundary": 0,
          "nonmanifold": 0,
          "components": 1,
          "zeroAreaTriangles": 0,
          "minArea": 0.000007463677510207821,
          "volume": 0.000015666628118198894,
          "passed": true
        },
        {
          "name": "BraceBall_L_Body",
          "closed": true,
          "boundary": 0,
          "nonmanifold": 0,
          "components": 1,
          "zeroAreaTriangles": 0,
          "minArea": 0.000009263664727861362,
          "volume": 0.000022899956626696568,
          "passed": true
        },
        {
          "name": "BraceBall_R_Body",
          "closed": true,
          "boundary": 0,
          "nonmanifold": 0,
          "components": 1,
          "zeroAreaTriangles": 0,
          "minArea": 0.000009263664727861362,
          "volume": 0.0000228999566266962,
          "passed": true
        },
        {
          "name": "BraceBallPin_L_Body",
          "closed": true,
          "boundary": 0,
          "nonmanifold": 0,
          "components": 1,
          "zeroAreaTriangles": 0,
          "minArea": 5.145498513269281e-7,
          "volume": 0.0000031509534877688983,
          "passed": true
        },
        {
          "name": "BraceBallPin_R_Body",
          "closed": true,
          "boundary": 0,
          "nonmanifold": 0,
          "components": 1,
          "zeroAreaTriangles": 0,
          "minArea": 5.145498513269275e-7,
          "volume": 0.0000031509534035293346,
          "passed": true
        },
        {
          "name": "BraceBodyCarriage_L",
          "closed": true,
          "boundary": 0,
          "nonmanifold": 0,
          "components": 1,
          "zeroAreaTriangles": 0,
          "minArea": 3.1569524278820143e-7,
          "volume": 0.00000769410063231051,
          "passed": true
        },
        {
          "name": "BraceBodyCarriage_R",
          "closed": true,
          "boundary": 0,
          "nonmanifold": 0,
          "components": 1,
          "zeroAreaTriangles": 0,
          "minArea": 3.1569524278820143e-7,
          "volume": 0.000007694100632310784,
          "passed": true
        },
        {
          "name": "Drive_Crossbeam",
          "closed": true,
          "boundary": 0,
          "nonmanifold": 0,
          "components": 1,
          "zeroAreaTriangles": 0,
          "minArea": 3.6064298864521387e-7,
          "volume": 0.00003651545348942039,
          "passed": true
        },
        {
          "name": "Drive_GuideBridge_L",
          "closed": true,
          "boundary": 0,
          "nonmanifold": 0,
          "components": 1,
          "zeroAreaTriangles": 0,
          "minArea": 2.3027087470112356e-7,
          "volume": 0.000014295682739102988,
          "passed": true
        },
        {
          "name": "Drive_GuideBridge_R",
          "closed": true,
          "boundary": 0,
          "nonmanifold": 0,
          "components": 1,
          "zeroAreaTriangles": 0,
          "minArea": 2.3027087470112356e-7,
          "volume": 0.000014295682739103144,
          "passed": true
        },
        {
          "name": "Drive_GuideBushing_L",
          "closed": true,
          "boundary": 0,
          "nonmanifold": 0,
          "components": 1,
          "zeroAreaTriangles": 0,
          "minArea": 0.000003940937154112145,
          "volume": 0.000017522242492218545,
          "passed": true
        },
        {
          "name": "Drive_GuideBushing_R",
          "closed": true,
          "boundary": 0,
          "nonmanifold": 0,
          "components": 1,
          "zeroAreaTriangles": 0,
          "minArea": 0.000003940937154112145,
          "volume": 0.000017522242492218806,
          "passed": true
        },
        {
          "name": "Drive_NutCarriage",
          "closed": true,
          "boundary": 0,
          "nonmanifold": 0,
          "components": 1,
          "zeroAreaTriangles": 0,
          "minArea": 0.000013544541243113578,
          "volume": 0.00008719986202060852,
          "passed": true
        },
        {
          "name": "Drive_NutInternalThread",
          "closed": true,
          "boundary": 0,
          "nonmanifold": 0,
          "components": 1,
          "zeroAreaTriangles": 0,
          "minArea": 0.0000050121992646718495,
          "volume": 0.0000017747574079216613,
          "passed": true
        },
        {
          "name": "Drive_OutputWeb",
          "closed": true,
          "boundary": 0,
          "nonmanifold": 0,
          "components": 1,
          "zeroAreaTriangles": 0,
          "minArea": 2.3027056853669623e-7,
          "volume": 0.000010840285582360732,
          "passed": true
        },
        {
          "name": "ActuatorSideSlot_L",
          "closed": true,
          "boundary": 0,
          "nonmanifold": 0,
          "components": 1,
          "zeroAreaTriangles": 0,
          "minArea": 4.290831423503505e-8,
          "volume": 0.0005578412837061615,
          "passed": true
        },
        {
          "name": "ActuatorSideSlot_R",
          "closed": true,
          "boundary": 0,
          "nonmanifold": 0,
          "components": 1,
          "zeroAreaTriangles": 0,
          "minArea": 4.290831423503505e-8,
          "volume": 0.0005578412837061608,
          "passed": true
        },
        {
          "name": "Fixed_root_L",
          "closed": true,
          "boundary": 0,
          "nonmanifold": 0,
          "components": 1,
          "zeroAreaTriangles": 0,
          "minArea": 9.0759112749016e-12,
          "volume": 0.04107973899310665,
          "passed": true
        },
        {
          "name": "BraceBall_L_Wing",
          "closed": true,
          "boundary": 0,
          "nonmanifold": 0,
          "components": 1,
          "zeroAreaTriangles": 0,
          "minArea": 0.000009263667623519383,
          "volume": 0.00002289996891087128,
          "passed": true
        },
        {
          "name": "BraceBallPin_L_Wing",
          "closed": true,
          "boundary": 0,
          "nonmanifold": 0,
          "components": 1,
          "zeroAreaTriangles": 0,
          "minArea": 8.010706168546806e-8,
          "volume": 0.000002894649139885012,
          "passed": true
        },
        {
          "name": "BraceWingSeat_L",
          "closed": true,
          "boundary": 0,
          "nonmanifold": 0,
          "components": 1,
          "zeroAreaTriangles": 0,
          "minArea": 7.107178117850543e-8,
          "volume": 0.000012576300002280469,
          "passed": true
        },
        {
          "name": "Composite_wing_L",
          "closed": true,
          "boundary": 0,
          "nonmanifold": 0,
          "components": 1,
          "zeroAreaTriangles": 0,
          "minArea": 1.6225202961207884e-10,
          "volume": 0.15833415423460884,
          "passed": true
        },
        {
          "name": "ControlFlexureFixed_L_Inboard",
          "closed": true,
          "boundary": 0,
          "nonmanifold": 0,
          "components": 1,
          "zeroAreaTriangles": 0,
          "minArea": 1.109744265880876e-9,
          "volume": 0.000005396662680494301,
          "passed": true
        },
        {
          "name": "ControlFlexureFixed_L_Outboard",
          "closed": true,
          "boundary": 0,
          "nonmanifold": 0,
          "components": 1,
          "zeroAreaTriangles": 0,
          "minArea": 1.1093997109449435e-9,
          "volume": 0.000004722086020866248,
          "passed": true
        },
        {
          "name": "ControlHingeFixed_L_Inboard",
          "closed": true,
          "boundary": 0,
          "nonmanifold": 0,
          "components": 2,
          "zeroAreaTriangles": 0,
          "minArea": 2.342435344582278e-8,
          "volume": 3.840654314215706e-7,
          "passed": true
        },
        {
          "name": "ControlHingeFixed_L_Outboard",
          "closed": true,
          "boundary": 0,
          "nonmanifold": 0,
          "components": 2,
          "zeroAreaTriangles": 0,
          "minArea": 2.3423829455876504e-8,
          "volume": 3.8407222731537324e-7,
          "passed": true
        },
        {
          "name": "ControlFlexureMoving_L_Inboard",
          "closed": true,
          "boundary": 0,
          "nonmanifold": 0,
          "components": 1,
          "zeroAreaTriangles": 0,
          "minArea": 1.1103530899748844e-9,
          "volume": 0.0000053944621431578,
          "passed": true
        },
        {
          "name": "ControlHingeMoving_L_Inboard",
          "closed": true,
          "boundary": 0,
          "nonmanifold": 0,
          "components": 2,
          "zeroAreaTriangles": 0,
          "minArea": 1.3370883504358544e-7,
          "volume": 1.6090923522605436e-7,
          "passed": true
        },
        {
          "name": "ControlHorn_L_Inboard",
          "closed": true,
          "boundary": 0,
          "nonmanifold": 0,
          "components": 1,
          "zeroAreaTriangles": 0,
          "minArea": 0.0000011417837119183297,
          "volume": 0.000006101264329054625,
          "passed": true
        },
        {
          "name": "ControlFlexureMoving_L_Outboard",
          "closed": true,
          "boundary": 0,
          "nonmanifold": 0,
          "components": 1,
          "zeroAreaTriangles": 0,
          "minArea": 1.1104240195124088e-9,
          "volume": 0.0000047198964920291946,
          "passed": true
        },
        {
          "name": "ControlHingeMoving_L_Outboard",
          "closed": true,
          "boundary": 0,
          "nonmanifold": 0,
          "components": 2,
          "zeroAreaTriangles": 0,
          "minArea": 1.3370806398891116e-7,
          "volume": 1.6090923197974516e-7,
          "passed": true
        },
        {
          "name": "ControlHorn_L_Outboard",
          "closed": true,
          "boundary": 0,
          "nonmanifold": 0,
          "components": 1,
          "zeroAreaTriangles": 0,
          "minArea": 0.0000011417674553608553,
          "volume": 0.000006064848895857867,
          "passed": true
        },
        {
          "name": "Landing_wear_tip_L_Front",
          "closed": true,
          "boundary": 0,
          "nonmanifold": 0,
          "components": 1,
          "zeroAreaTriangles": 0,
          "minArea": 1.9219483994336843e-9,
          "volume": 0.00001943837629275546,
          "passed": true
        },
        {
          "name": "Landing_wear_tip_L_Rear",
          "closed": true,
          "boundary": 0,
          "nonmanifold": 0,
          "components": 1,
          "zeroAreaTriangles": 0,
          "minArea": 1.926054671777013e-9,
          "volume": 0.00001943567306608493,
          "passed": true
        },
        {
          "name": "Pod_wing_saddle_L_Front",
          "closed": true,
          "boundary": 0,
          "nonmanifold": 0,
          "components": 1,
          "zeroAreaTriangles": 0,
          "minArea": 0.00005731488889485413,
          "volume": 0.0003629927082065083,
          "passed": true
        },
        {
          "name": "Pod_wing_saddle_L_Rear",
          "closed": true,
          "boundary": 0,
          "nonmanifold": 0,
          "components": 1,
          "zeroAreaTriangles": 0,
          "minArea": 0.00005731488889485413,
          "volume": 0.00036299270820666597,
          "passed": true
        },
        {
          "name": "RootFairingMoving_L",
          "closed": true,
          "boundary": 0,
          "nonmanifold": 0,
          "components": 1,
          "zeroAreaTriangles": 0,
          "minArea": 7.137225316527495e-7,
          "volume": 0.000059012127773339344,
          "passed": true
        },
        {
          "name": "BraceRod_mesh_L",
          "closed": true,
          "boundary": 0,
          "nonmanifold": 0,
          "components": 1,
          "zeroAreaTriangles": 0,
          "minArea": 0.0000022700715118245834,
          "volume": 0.0012075507041996991,
          "passed": true
        },
        {
          "name": "BraceRodEye_L_Body",
          "closed": true,
          "boundary": 0,
          "nonmanifold": 0,
          "components": 1,
          "zeroAreaTriangles": 0,
          "minArea": 0.000003961732781752324,
          "volume": 0.00001772657628076394,
          "passed": true
        },
        {
          "name": "BraceRodEye_L_Root",
          "closed": true,
          "boundary": 0,
          "nonmanifold": 0,
          "components": 1,
          "zeroAreaTriangles": 0,
          "minArea": 0.0000039616017727941,
          "volume": 0.000017726650739998155,
          "passed": true
        },
        {
          "name": "BraceRodEyeNeck_L_Body",
          "closed": true,
          "boundary": 0,
          "nonmanifold": 0,
          "components": 1,
          "zeroAreaTriangles": 0,
          "minArea": 0.000006464221465857714,
          "volume": 0.0000142848686002687,
          "passed": true
        },
        {
          "name": "BraceRodEyeNeck_L_Root",
          "closed": true,
          "boundary": 0,
          "nonmanifold": 0,
          "components": 1,
          "zeroAreaTriangles": 0,
          "minArea": 0.000006464221465856717,
          "volume": 0.000014284868600252068,
          "passed": true
        },
        {
          "name": "BraceRodFerrule_L_Body",
          "closed": true,
          "boundary": 0,
          "nonmanifold": 0,
          "components": 1,
          "zeroAreaTriangles": 0,
          "minArea": 0.000004124295036926517,
          "volume": 0.000039268142039677116,
          "passed": true
        },
        {
          "name": "BraceRodFerrule_L_Root",
          "closed": true,
          "boundary": 0,
          "nonmanifold": 0,
          "components": 1,
          "zeroAreaTriangles": 0,
          "minArea": 0.000004124296372943561,
          "volume": 0.00003926816112091683,
          "passed": true
        },
        {
          "name": "Fixed_root_R",
          "closed": true,
          "boundary": 0,
          "nonmanifold": 0,
          "components": 1,
          "zeroAreaTriangles": 0,
          "minArea": 3.926443362314519e-11,
          "volume": 0.04108142311210022,
          "passed": true
        },
        {
          "name": "BraceBall_R_Wing",
          "closed": true,
          "boundary": 0,
          "nonmanifold": 0,
          "components": 1,
          "zeroAreaTriangles": 0,
          "minArea": 0.000009263664727861157,
          "volume": 0.00002289995662727901,
          "passed": true
        },
        {
          "name": "BraceBallPin_R_Wing",
          "closed": true,
          "boundary": 0,
          "nonmanifold": 0,
          "components": 1,
          "zeroAreaTriangles": 0,
          "minArea": 8.010703841556625e-8,
          "volume": 0.0000028946475866437643,
          "passed": true
        },
        {
          "name": "BraceWingSeat_R",
          "closed": true,
          "boundary": 0,
          "nonmanifold": 0,
          "components": 1,
          "zeroAreaTriangles": 0,
          "minArea": 7.107175576128976e-8,
          "volume": 0.000012693433641661095,
          "passed": true
        },
        {
          "name": "Composite_wing_R",
          "closed": true,
          "boundary": 0,
          "nonmanifold": 0,
          "components": 1,
          "zeroAreaTriangles": 0,
          "minArea": 2.8689066135080354e-10,
          "volume": 0.1583341236450888,
          "passed": true
        },
        {
          "name": "ControlFlexureFixed_R_Inboard",
          "closed": true,
          "boundary": 0,
          "nonmanifold": 0,
          "components": 1,
          "zeroAreaTriangles": 0,
          "minArea": 1.109901801648336e-9,
          "volume": 0.000005396655044405131,
          "passed": true
        },
        {
          "name": "ControlFlexureFixed_R_Outboard",
          "closed": true,
          "boundary": 0,
          "nonmanifold": 0,
          "components": 1,
          "zeroAreaTriangles": 0,
          "minArea": 1.1104929880435694e-9,
          "volume": 0.000004722079952990099,
          "passed": true
        },
        {
          "name": "ControlHingeFixed_R_Inboard",
          "closed": true,
          "boundary": 0,
          "nonmanifold": 0,
          "components": 2,
          "zeroAreaTriangles": 0,
          "minArea": 2.3424338327790584e-8,
          "volume": 3.840651310818248e-7,
          "passed": true
        },
        {
          "name": "ControlHingeFixed_R_Outboard",
          "closed": true,
          "boundary": 0,
          "nonmanifold": 0,
          "components": 2,
          "zeroAreaTriangles": 0,
          "minArea": 2.3424303115746307e-8,
          "volume": 3.840720865516617e-7,
          "passed": true
        },
        {
          "name": "ControlFlexureMoving_R_Inboard",
          "closed": true,
          "boundary": 0,
          "nonmanifold": 0,
          "components": 1,
          "zeroAreaTriangles": 0,
          "minArea": 1.1103427503501271e-9,
          "volume": 0.000005394459475795145,
          "passed": true
        },
        {
          "name": "ControlHingeMoving_R_Inboard",
          "closed": true,
          "boundary": 0,
          "nonmanifold": 0,
          "components": 2,
          "zeroAreaTriangles": 0,
          "minArea": 1.3370878713261295e-7,
          "volume": 1.6090915179019864e-7,
          "passed": true
        },
        {
          "name": "ControlHorn_R_Inboard",
          "closed": true,
          "boundary": 0,
          "nonmanifold": 0,
          "components": 1,
          "zeroAreaTriangles": 0,
          "minArea": 0.0000011417833035848313,
          "volume": 0.000006101307109695485,
          "passed": true
        },
        {
          "name": "ControlFlexureMoving_R_Outboard",
          "closed": true,
          "boundary": 0,
          "nonmanifold": 0,
          "components": 1,
          "zeroAreaTriangles": 0,
          "minArea": 1.1103218473696632e-9,
          "volume": 0.0000047198894104257414,
          "passed": true
        },
        {
          "name": "ControlHingeMoving_R_Outboard",
          "closed": true,
          "boundary": 0,
          "nonmanifold": 0,
          "components": 2,
          "zeroAreaTriangles": 0,
          "minArea": 1.3370801661027684e-7,
          "volume": 1.609091495006375e-7,
          "passed": true
        },
        {
          "name": "ControlHorn_R_Outboard",
          "closed": true,
          "boundary": 0,
          "nonmanifold": 0,
          "components": 1,
          "zeroAreaTriangles": 0,
          "minArea": 0.0000011418012615532769,
          "volume": 0.000006064864208757728,
          "passed": true
        },
        {
          "name": "Landing_wear_tip_R_Front",
          "closed": true,
          "boundary": 0,
          "nonmanifold": 0,
          "components": 1,
          "zeroAreaTriangles": 0,
          "minArea": 1.9219477120913098e-9,
          "volume": 0.000019437115383593234,
          "passed": true
        },
        {
          "name": "Landing_wear_tip_R_Rear",
          "closed": true,
          "boundary": 0,
          "nonmanifold": 0,
          "components": 1,
          "zeroAreaTriangles": 0,
          "minArea": 1.9260539829701884e-9,
          "volume": 0.00001943615627911401,
          "passed": true
        },
        {
          "name": "Pod_wing_saddle_R_Front",
          "closed": true,
          "boundary": 0,
          "nonmanifold": 0,
          "components": 1,
          "zeroAreaTriangles": 0,
          "minArea": 0.00005731485286913023,
          "volume": 0.0003629725026836781,
          "passed": true
        },
        {
          "name": "Pod_wing_saddle_R_Rear",
          "closed": true,
          "boundary": 0,
          "nonmanifold": 0,
          "components": 1,
          "zeroAreaTriangles": 0,
          "minArea": 0.00005731485286913008,
          "volume": 0.00036297250268371224,
          "passed": true
        },
        {
          "name": "RootFairingMoving_R",
          "closed": true,
          "boundary": 0,
          "nonmanifold": 0,
          "components": 1,
          "zeroAreaTriangles": 0,
          "minArea": 7.137221499846346e-7,
          "volume": 0.000059012096116752846,
          "passed": true
        },
        {
          "name": "BraceRod_mesh_R",
          "closed": true,
          "boundary": 0,
          "nonmanifold": 0,
          "components": 1,
          "zeroAreaTriangles": 0,
          "minArea": 0.0000022700715118243653,
          "volume": 0.0012075507041998037,
          "passed": true
        },
        {
          "name": "BraceRodEye_R_Body",
          "closed": true,
          "boundary": 0,
          "nonmanifold": 0,
          "components": 1,
          "zeroAreaTriangles": 0,
          "minArea": 0.0000039617327817523075,
          "volume": 0.00001772657628076507,
          "passed": true
        },
        {
          "name": "BraceRodEye_R_Root",
          "closed": true,
          "boundary": 0,
          "nonmanifold": 0,
          "components": 1,
          "zeroAreaTriangles": 0,
          "minArea": 0.000003961601772793884,
          "volume": 0.00001772665073896292,
          "passed": true
        },
        {
          "name": "BraceRodEyeNeck_R_Body",
          "closed": true,
          "boundary": 0,
          "nonmanifold": 0,
          "components": 1,
          "zeroAreaTriangles": 0,
          "minArea": 0.000006464221465857726,
          "volume": 0.000014284868600269951,
          "passed": true
        },
        {
          "name": "BraceRodEyeNeck_R_Root",
          "closed": true,
          "boundary": 0,
          "nonmanifold": 0,
          "components": 1,
          "zeroAreaTriangles": 0,
          "minArea": 0.000006464221465857297,
          "volume": 0.000014284868600050752,
          "passed": true
        },
        {
          "name": "BraceRodFerrule_R_Body",
          "closed": true,
          "boundary": 0,
          "nonmanifold": 0,
          "components": 1,
          "zeroAreaTriangles": 0,
          "minArea": 0.000004124295036926448,
          "volume": 0.00003926814203967743,
          "passed": true
        },
        {
          "name": "BraceRodFerrule_R_Root",
          "closed": true,
          "boundary": 0,
          "nonmanifold": 0,
          "components": 1,
          "zeroAreaTriangles": 0,
          "minArea": 0.000004124296372944029,
          "volume": 0.00003926816112024222,
          "passed": true
        },
        {
          "name": "ControlFlexureMoving_Tail_L",
          "closed": true,
          "boundary": 0,
          "nonmanifold": 0,
          "components": 1,
          "zeroAreaTriangles": 0,
          "minArea": 6.525250379878048e-11,
          "volume": 0.00000835876430862172,
          "passed": true
        },
        {
          "name": "ControlHingeMoving_Tail_L",
          "closed": true,
          "boundary": 0,
          "nonmanifold": 0,
          "components": 2,
          "zeroAreaTriangles": 0,
          "minArea": 1.3368331646090732e-7,
          "volume": 1.609108676191984e-7,
          "passed": true
        },
        {
          "name": "ControlFlexureFixed_Tail_L",
          "closed": true,
          "boundary": 0,
          "nonmanifold": 0,
          "components": 1,
          "zeroAreaTriangles": 0,
          "minArea": 6.057753755111244e-11,
          "volume": 0.000008360795754930121,
          "passed": true
        },
        {
          "name": "ControlFlexureMoving_Tail_R",
          "closed": true,
          "boundary": 0,
          "nonmanifold": 0,
          "components": 1,
          "zeroAreaTriangles": 0,
          "minArea": 6.510757504055281e-11,
          "volume": 0.00000835872686895842,
          "passed": true
        },
        {
          "name": "ControlHingeMoving_Tail_R",
          "closed": true,
          "boundary": 0,
          "nonmanifold": 0,
          "components": 2,
          "zeroAreaTriangles": 0,
          "minArea": 1.3368331646090732e-7,
          "volume": 1.6091087107286737e-7,
          "passed": true
        },
        {
          "name": "ControlFlexureFixed_Tail_R",
          "closed": true,
          "boundary": 0,
          "nonmanifold": 0,
          "components": 1,
          "zeroAreaTriangles": 0,
          "minArea": 6.057753755111244e-11,
          "volume": 0.000008360809747304499,
          "passed": true
        },
        {
          "name": "CargoHingeMovingSeat_L",
          "closed": true,
          "boundary": 0,
          "nonmanifold": 0,
          "components": 1,
          "zeroAreaTriangles": 0,
          "minArea": 5.289995851514401e-7,
          "volume": 0.000008433625194862186,
          "passed": true
        },
        {
          "name": "CargoHingeMovingSeat_R",
          "closed": true,
          "boundary": 0,
          "nonmanifold": 0,
          "components": 1,
          "zeroAreaTriangles": 0,
          "minArea": 2.960783641894309e-7,
          "volume": 0.000008452144756630376,
          "passed": true
        },
        {
          "name": "CargoLatchMoving_L",
          "closed": true,
          "boundary": 0,
          "nonmanifold": 0,
          "components": 1,
          "zeroAreaTriangles": 0,
          "minArea": 5.853217074211013e-7,
          "volume": 0.00002142963468763371,
          "passed": true
        },
        {
          "name": "CargoLatchMoving_R",
          "closed": true,
          "boundary": 0,
          "nonmanifold": 0,
          "components": 1,
          "zeroAreaTriangles": 0,
          "minArea": 5.853440983618279e-7,
          "volume": 0.000021429936013324965,
          "passed": true
        },
        {
          "name": "CargoLatchFixed_R",
          "closed": true,
          "boundary": 0,
          "nonmanifold": 0,
          "components": 1,
          "zeroAreaTriangles": 0,
          "minArea": 0.0000010391350677952176,
          "volume": 0.000024954019536827053,
          "passed": true
        },
        {
          "name": "CargoLatchPin_R",
          "closed": true,
          "boundary": 0,
          "nonmanifold": 0,
          "components": 1,
          "zeroAreaTriangles": 0,
          "minArea": 2.583533290507095e-7,
          "volume": 0.0000017498234534718793,
          "passed": true
        },
        {
          "name": "CargoLatchFixed_L",
          "closed": true,
          "boundary": 0,
          "nonmanifold": 0,
          "components": 1,
          "zeroAreaTriangles": 0,
          "minArea": 0.0000010391351645717684,
          "volume": 0.00002495385010990528,
          "passed": true
        },
        {
          "name": "CargoLatchPin_L",
          "closed": true,
          "boundary": 0,
          "nonmanifold": 0,
          "components": 1,
          "zeroAreaTriangles": 0,
          "minArea": 2.583533112766842e-7,
          "volume": 0.0000017498233534251672,
          "passed": true
        },
        {
          "name": "Drive_CouplingWitness",
          "closed": true,
          "boundary": 0,
          "nonmanifold": 0,
          "components": 1,
          "zeroAreaTriangles": 0,
          "minArea": 2.8518905961588772e-8,
          "volume": 2.97872671250391e-7,
          "passed": true
        },
        {
          "name": "Drive_LeadScrewCore",
          "closed": true,
          "boundary": 0,
          "nonmanifold": 0,
          "components": 1,
          "zeroAreaTriangles": 0,
          "minArea": 3.022996742739566e-7,
          "volume": 0.00027788004886383186,
          "passed": true
        },
        {
          "name": "Drive_LeadScrewThread",
          "closed": true,
          "boundary": 0,
          "nonmanifold": 0,
          "components": 1,
          "zeroAreaTriangles": 0,
          "minArea": 0.000004042701759189194,
          "volume": 0.00003010867801966224,
          "passed": true
        },
        {
          "name": "Drive_OutputCoupling",
          "closed": true,
          "boundary": 0,
          "nonmanifold": 0,
          "components": 1,
          "zeroAreaTriangles": 0,
          "minArea": 0.000005553267254883193,
          "volume": 0.000014640156566865982,
          "passed": true
        },
        {
          "name": "Drive_PlanetCarrier",
          "closed": true,
          "boundary": 0,
          "nonmanifold": 0,
          "components": 1,
          "zeroAreaTriangles": 0,
          "minArea": 0.0000012183521983360456,
          "volume": 0.00001744733913191574,
          "passed": true
        },
        {
          "name": "Drive_PlanetPin_0",
          "closed": true,
          "boundary": 0,
          "nonmanifold": 0,
          "components": 1,
          "zeroAreaTriangles": 0,
          "minArea": 1.6041874300711247e-8,
          "volume": 3.2831999577676124e-7,
          "passed": true
        },
        {
          "name": "Drive_PlanetPin_1",
          "closed": true,
          "boundary": 0,
          "nonmanifold": 0,
          "components": 1,
          "zeroAreaTriangles": 0,
          "minArea": 1.6041874300711008e-8,
          "volume": 3.283199957767065e-7,
          "passed": true
        },
        {
          "name": "Drive_PlanetPin_2",
          "closed": true,
          "boundary": 0,
          "nonmanifold": 0,
          "components": 1,
          "zeroAreaTriangles": 0,
          "minArea": 1.604187430071144e-8,
          "volume": 3.283199957766517e-7,
          "passed": true
        },
        {
          "name": "Drive_PlanetRetainer_0_Front",
          "closed": true,
          "boundary": 0,
          "nonmanifold": 0,
          "components": 1,
          "zeroAreaTriangles": 0,
          "minArea": 1.9448558837778704e-7,
          "volume": 4.400882316770168e-8,
          "passed": true
        },
        {
          "name": "Drive_PlanetRetainer_0_Rear",
          "closed": true,
          "boundary": 0,
          "nonmanifold": 0,
          "components": 1,
          "zeroAreaTriangles": 0,
          "minArea": 1.9448558837778704e-7,
          "volume": 4.400882316722644e-8,
          "passed": true
        },
        {
          "name": "Drive_PlanetRetainer_1_Front",
          "closed": true,
          "boundary": 0,
          "nonmanifold": 0,
          "components": 1,
          "zeroAreaTriangles": 0,
          "minArea": 1.944855109511195e-7,
          "volume": 4.4008823679820935e-8,
          "passed": true
        },
        {
          "name": "Drive_PlanetRetainer_1_Rear",
          "closed": true,
          "boundary": 0,
          "nonmanifold": 0,
          "components": 1,
          "zeroAreaTriangles": 0,
          "minArea": 1.944855109511195e-7,
          "volume": 4.4008823679624343e-8,
          "passed": true
        },
        {
          "name": "Drive_PlanetRetainer_2_Front",
          "closed": true,
          "boundary": 0,
          "nonmanifold": 0,
          "components": 1,
          "zeroAreaTriangles": 0,
          "minArea": 1.9448551095112055e-7,
          "volume": 4.40088236799147e-8,
          "passed": true
        },
        {
          "name": "Drive_PlanetRetainer_2_Rear",
          "closed": true,
          "boundary": 0,
          "nonmanifold": 0,
          "components": 1,
          "zeroAreaTriangles": 0,
          "minArea": 1.9448551095112055e-7,
          "volume": 4.4008823679547985e-8,
          "passed": true
        },
        {
          "name": "Drive_PlanetGear_0",
          "closed": true,
          "boundary": 0,
          "nonmanifold": 0,
          "components": 1,
          "zeroAreaTriangles": 0,
          "minArea": 3.6022047329148733e-7,
          "volume": 0.0000014791482862544343,
          "passed": true
        },
        {
          "name": "Drive_PlanetGear_1",
          "closed": true,
          "boundary": 0,
          "nonmanifold": 0,
          "components": 1,
          "zeroAreaTriangles": 0,
          "minArea": 3.6022047329148733e-7,
          "volume": 0.000001479148286253999,
          "passed": true
        },
        {
          "name": "Drive_PlanetGear_2",
          "closed": true,
          "boundary": 0,
          "nonmanifold": 0,
          "components": 1,
          "zeroAreaTriangles": 0,
          "minArea": 3.6022047329148744e-7,
          "volume": 0.0000014791482862541272,
          "passed": true
        },
        {
          "name": "Drive_MotorRotorDisc",
          "closed": true,
          "boundary": 0,
          "nonmanifold": 0,
          "components": 1,
          "zeroAreaTriangles": 0,
          "minArea": 0.0000017544214491060952,
          "volume": 0.00004468427207084516,
          "passed": true
        },
        {
          "name": "Drive_MotorShaft",
          "closed": true,
          "boundary": 0,
          "nonmanifold": 0,
          "components": 1,
          "zeroAreaTriangles": 0,
          "minArea": 3.022708786092813e-7,
          "volume": 0.00004571314033824825,
          "passed": true
        },
        {
          "name": "Drive_MotorWitness",
          "closed": true,
          "boundary": 0,
          "nonmanifold": 0,
          "components": 1,
          "zeroAreaTriangles": 0,
          "minArea": 2.8518905961586442e-8,
          "volume": 2.3575541427660216e-7,
          "passed": true
        },
        {
          "name": "Drive_SunGear",
          "closed": true,
          "boundary": 0,
          "nonmanifold": 0,
          "components": 1,
          "zeroAreaTriangles": 0,
          "minArea": 4.832395232728981e-7,
          "volume": 0.000002748513276991492,
          "passed": true
        },
        {
          "name": "Drive_MotorHousing",
          "closed": true,
          "boundary": 0,
          "nonmanifold": 0,
          "components": 1,
          "zeroAreaTriangles": 0,
          "minArea": 0.00001719115069537258,
          "volume": 0.00018633980717491078,
          "passed": true
        },
        {
          "name": "Drive_ReductionHousing",
          "closed": true,
          "boundary": 0,
          "nonmanifold": 0,
          "components": 1,
          "zeroAreaTriangles": 0,
          "minArea": 0.000018233040645028453,
          "volume": 0.0001641850576057537,
          "passed": true
        },
        {
          "name": "Drive_MotorGearboxAdapter",
          "closed": true,
          "boundary": 0,
          "nonmanifold": 0,
          "components": 1,
          "zeroAreaTriangles": 0,
          "minArea": 0.000012550421798963248,
          "volume": 0.00007201551957961472,
          "passed": true
        },
        {
          "name": "Drive_RingGear",
          "closed": true,
          "boundary": 0,
          "nonmanifold": 0,
          "components": 1,
          "zeroAreaTriangles": 0,
          "minArea": 0.000003889408210742528,
          "volume": 0.00003882164013052403,
          "passed": true
        },
        {
          "name": "Drive_MotorMount",
          "closed": true,
          "boundary": 0,
          "nonmanifold": 0,
          "components": 1,
          "zeroAreaTriangles": 0,
          "minArea": 2.3026902715884075e-7,
          "volume": 0.00011911383557602552,
          "passed": true
        },
        {
          "name": "Drive_MotorSaddle_L",
          "closed": true,
          "boundary": 0,
          "nonmanifold": 0,
          "components": 1,
          "zeroAreaTriangles": 0,
          "minArea": 2.302708168311815e-7,
          "volume": 0.00001739802663771493,
          "passed": true
        },
        {
          "name": "Drive_MotorSaddle_R",
          "closed": true,
          "boundary": 0,
          "nonmanifold": 0,
          "components": 1,
          "zeroAreaTriangles": 0,
          "minArea": 2.302708168311815e-7,
          "volume": 0.000017398026637715025,
          "passed": true
        },
        {
          "name": "Drive_FrontSupport",
          "closed": true,
          "boundary": 0,
          "nonmanifold": 0,
          "components": 1,
          "zeroAreaTriangles": 0,
          "minArea": 3.6064292415724976e-7,
          "volume": 0.000022210000548713275,
          "passed": true
        },
        {
          "name": "Drive_FrontScrewPedestal",
          "closed": true,
          "boundary": 0,
          "nonmanifold": 0,
          "components": 1,
          "zeroAreaTriangles": 0,
          "minArea": 5.010440810663716e-7,
          "volume": 0.0000037618313858532137,
          "passed": true
        },
        {
          "name": "Drive_FrontScrewBearing",
          "closed": true,
          "boundary": 0,
          "nonmanifold": 0,
          "components": 1,
          "zeroAreaTriangles": 0,
          "minArea": 0.000010085446055706215,
          "volume": 0.00003176925180162728,
          "passed": true
        },
        {
          "name": "Drive_FrontGuidePedestal_L",
          "closed": true,
          "boundary": 0,
          "nonmanifold": 0,
          "components": 1,
          "zeroAreaTriangles": 0,
          "minArea": 3.6064298864521514e-7,
          "volume": 0.0000012083934410137041,
          "passed": true
        },
        {
          "name": "Drive_FrontGuideSeat_L",
          "closed": true,
          "boundary": 0,
          "nonmanifold": 0,
          "components": 1,
          "zeroAreaTriangles": 0,
          "minArea": 0.0000055489165491223735,
          "volume": 0.000013451406435295642,
          "passed": true
        },
        {
          "name": "Drive_FrontGuidePedestal_R",
          "closed": true,
          "boundary": 0,
          "nonmanifold": 0,
          "components": 1,
          "zeroAreaTriangles": 0,
          "minArea": 3.6064298864521514e-7,
          "volume": 0.0000012083934410152195,
          "passed": true
        },
        {
          "name": "Drive_FrontGuideSeat_R",
          "closed": true,
          "boundary": 0,
          "nonmanifold": 0,
          "components": 1,
          "zeroAreaTriangles": 0,
          "minArea": 0.0000055489165491223735,
          "volume": 0.000013451406435295601,
          "passed": true
        },
        {
          "name": "Drive_RearSupport",
          "closed": true,
          "boundary": 0,
          "nonmanifold": 0,
          "components": 1,
          "zeroAreaTriangles": 0,
          "minArea": 3.6064292415716394e-7,
          "volume": 0.00002221000054871237,
          "passed": true
        },
        {
          "name": "Drive_RearScrewPedestal",
          "closed": true,
          "boundary": 0,
          "nonmanifold": 0,
          "components": 1,
          "zeroAreaTriangles": 0,
          "minArea": 5.010440810664237e-7,
          "volume": 0.000003761831385853314,
          "passed": true
        },
        {
          "name": "Drive_RearScrewBearing",
          "closed": true,
          "boundary": 0,
          "nonmanifold": 0,
          "components": 1,
          "zeroAreaTriangles": 0,
          "minArea": 0.000010085446055706215,
          "volume": 0.0000317694032893693,
          "passed": true
        },
        {
          "name": "Drive_RearGuidePedestal_L",
          "closed": true,
          "boundary": 0,
          "nonmanifold": 0,
          "components": 1,
          "zeroAreaTriangles": 0,
          "minArea": 3.6064298864521514e-7,
          "volume": 0.0000012083934410160049,
          "passed": true
        },
        {
          "name": "Drive_RearGuideSeat_L",
          "closed": true,
          "boundary": 0,
          "nonmanifold": 0,
          "components": 1,
          "zeroAreaTriangles": 0,
          "minArea": 0.0000055489165491223735,
          "volume": 0.000013451406435295535,
          "passed": true
        },
        {
          "name": "Drive_RearGuidePedestal_R",
          "closed": true,
          "boundary": 0,
          "nonmanifold": 0,
          "components": 1,
          "zeroAreaTriangles": 0,
          "minArea": 3.6064298864521514e-7,
          "volume": 0.000001208393441015297,
          "passed": true
        },
        {
          "name": "Drive_RearGuideSeat_R",
          "closed": true,
          "boundary": 0,
          "nonmanifold": 0,
          "components": 1,
          "zeroAreaTriangles": 0,
          "minArea": 0.0000055489165491223735,
          "volume": 0.000013451406435295493,
          "passed": true
        },
        {
          "name": "Drive_GuideRail_L",
          "closed": true,
          "boundary": 0,
          "nonmanifold": 0,
          "components": 1,
          "zeroAreaTriangles": 0,
          "minArea": 2.446007058686004e-7,
          "volume": 0.00026298946218769186,
          "passed": true
        },
        {
          "name": "Drive_GuideRail_R",
          "closed": true,
          "boundary": 0,
          "nonmanifold": 0,
          "components": 1,
          "zeroAreaTriangles": 0,
          "minArea": 2.446007058686004e-7,
          "volume": 0.00026298946218769327,
          "passed": true
        },
        {
          "name": "Drive_FrontFoot_L",
          "closed": true,
          "boundary": 0,
          "nonmanifold": 0,
          "components": 1,
          "zeroAreaTriangles": 0,
          "minArea": 4.32058463006868e-7,
          "volume": 0.000016678294231185987,
          "passed": true
        },
        {
          "name": "Drive_FrontFoot_R",
          "closed": true,
          "boundary": 0,
          "nonmanifold": 0,
          "components": 1,
          "zeroAreaTriangles": 0,
          "minArea": 4.32058463006868e-7,
          "volume": 0.000016676944065817255,
          "passed": true
        },
        {
          "name": "Drive_RearFoot_L",
          "closed": true,
          "boundary": 0,
          "nonmanifold": 0,
          "components": 1,
          "zeroAreaTriangles": 0,
          "minArea": 4.320741979757514e-7,
          "volume": 0.0000034737339703763466,
          "passed": true
        },
        {
          "name": "Drive_RearFoot_R",
          "closed": true,
          "boundary": 0,
          "nonmanifold": 0,
          "components": 1,
          "zeroAreaTriangles": 0,
          "minArea": 4.320741979757514e-7,
          "volume": 0.000003474941864085883,
          "passed": true
        },
        {
          "name": "Drive_MotorFoot_L",
          "closed": true,
          "boundary": 0,
          "nonmanifold": 0,
          "components": 1,
          "zeroAreaTriangles": 0,
          "minArea": 4.321129010720348e-7,
          "volume": 0.000018525926738116195,
          "passed": true
        },
        {
          "name": "Drive_MotorFoot_R",
          "closed": true,
          "boundary": 0,
          "nonmanifold": 0,
          "components": 1,
          "zeroAreaTriangles": 0,
          "minArea": 4.321129010720348e-7,
          "volume": 0.00001852577721827761,
          "passed": true
        },
        {
          "name": "Drive_FrontTravelStop_L",
          "closed": true,
          "boundary": 0,
          "nonmanifold": 0,
          "components": 1,
          "zeroAreaTriangles": 0,
          "minArea": 0.0000033869992052265596,
          "volume": 0.0000025032900185473716,
          "passed": true
        },
        {
          "name": "Drive_FrontTravelStop_R",
          "closed": true,
          "boundary": 0,
          "nonmanifold": 0,
          "components": 1,
          "zeroAreaTriangles": 0,
          "minArea": 0.0000033869992052265596,
          "volume": 0.000002503290018547387,
          "passed": true
        },
        {
          "name": "Drive_RearTravelStop_L",
          "closed": true,
          "boundary": 0,
          "nonmanifold": 0,
          "components": 1,
          "zeroAreaTriangles": 0,
          "minArea": 0.0000033869992052265596,
          "volume": 0.0000025032527166949366,
          "passed": true
        },
        {
          "name": "Drive_RearTravelStop_R",
          "closed": true,
          "boundary": 0,
          "nonmanifold": 0,
          "components": 1,
          "zeroAreaTriangles": 0,
          "minArea": 0.0000033869992052265596,
          "volume": 0.000002503252716694905,
          "passed": true
        },
        {
          "name": "RootBearingHousing_L",
          "closed": true,
          "boundary": 0,
          "nonmanifold": 0,
          "components": 1,
          "zeroAreaTriangles": 0,
          "minArea": 0.000004255901648410931,
          "volume": 0.000041939076092111,
          "passed": true
        },
        {
          "name": "RootBearingHousing_R",
          "closed": true,
          "boundary": 0,
          "nonmanifold": 0,
          "components": 1,
          "zeroAreaTriangles": 0,
          "minArea": 0.000004255901648410931,
          "volume": 0.00004193908044481942,
          "passed": true
        },
        {
          "name": "CargoHingeFixedSeat",
          "closed": true,
          "boundary": 0,
          "nonmanifold": 0,
          "components": 1,
          "zeroAreaTriangles": 0,
          "minArea": 8.956208745459456e-7,
          "volume": 0.000018516816867441704,
          "passed": true
        },
        {
          "name": "CargoHingePin",
          "closed": true,
          "boundary": 0,
          "nonmanifold": 0,
          "components": 1,
          "zeroAreaTriangles": 0,
          "minArea": 8.55150880090631e-8,
          "volume": 0.000006917575531145005,
          "passed": true
        },
        {
          "name": "CargoHingeCap_L",
          "closed": true,
          "boundary": 0,
          "nonmanifold": 0,
          "components": 1,
          "zeroAreaTriangles": 0,
          "minArea": 1.2530377587232194e-7,
          "volume": 3.9271175430574494e-7,
          "passed": true
        },
        {
          "name": "CargoHingeCap_R",
          "closed": true,
          "boundary": 0,
          "nonmanifold": 0,
          "components": 1,
          "zeroAreaTriangles": 0,
          "minArea": 1.2530377587232194e-7,
          "volume": 3.9271151001877766e-7,
          "passed": true
        },
        {
          "name": "ControlHingeFixed_Tail_L",
          "closed": true,
          "boundary": 0,
          "nonmanifold": 0,
          "components": 2,
          "zeroAreaTriangles": 0,
          "minArea": 2.3367134639088496e-8,
          "volume": 3.840587619893638e-7,
          "passed": true
        },
        {
          "name": "ControlHingeFixed_Tail_R",
          "closed": true,
          "boundary": 0,
          "nonmanifold": 0,
          "components": 2,
          "zeroAreaTriangles": 0,
          "minArea": 2.3367134639088496e-8,
          "volume": 3.8405877920631285e-7,
          "passed": true
        },
        {
          "name": "RootFairingFixed_L",
          "closed": true,
          "boundary": 0,
          "nonmanifold": 0,
          "components": 1,
          "zeroAreaTriangles": 0,
          "minArea": 7.136719445491466e-7,
          "volume": 0.00008766663064362543,
          "passed": true
        },
        {
          "name": "RootFairingFixed_R",
          "closed": true,
          "boundary": 0,
          "nonmanifold": 0,
          "components": 1,
          "zeroAreaTriangles": 0,
          "minArea": 7.136719445491466e-7,
          "volume": 0.00008766662593333825,
          "passed": true
        }
      ],
      "decorations": [
        {
          "name": "Tail_boom_join",
          "passed": true,
          "original": {
            "weldEpsilon": 1e-12,
            "closed": true,
            "components": 1,
            "boundaryEdges": 0,
            "boundaryLoops": 0,
            "boundaryVerticesWithWrongDegree": 0,
            "nonmanifoldEdges": 0,
            "inconsistentInteriorEdges": 0,
            "zeroArea": 0,
            "minimumArea": 0.000020162409537896293,
            "skippedDegenerate": 0,
            "triangles": 384
          },
          "current": {
            "weldEpsilon": 1e-12,
            "closed": true,
            "components": 1,
            "boundaryEdges": 0,
            "boundaryLoops": 0,
            "boundaryVerticesWithWrongDegree": 0,
            "nonmanifoldEdges": 0,
            "inconsistentInteriorEdges": 0,
            "zeroArea": 0,
            "minimumArea": 0.000019304078228907097,
            "skippedDegenerate": 0,
            "triangles": 384
          },
          "meaning": "保留原开/闭合形式和边界环数，细分可增加边数；没有把开放装饰强制封成结构实体"
        },
        {
          "name": "Lower_fuselage_join",
          "passed": true,
          "original": {
            "weldEpsilon": 1e-12,
            "closed": false,
            "components": 1,
            "boundaryEdges": 8,
            "boundaryLoops": 2,
            "boundaryVerticesWithWrongDegree": 0,
            "nonmanifoldEdges": 0,
            "inconsistentInteriorEdges": 0,
            "zeroArea": 0,
            "minimumArea": 0.0006506177835808923,
            "skippedDegenerate": 0,
            "triangles": 40
          },
          "current": {
            "weldEpsilon": 1e-12,
            "closed": false,
            "components": 1,
            "boundaryEdges": 8,
            "boundaryLoops": 2,
            "boundaryVerticesWithWrongDegree": 0,
            "nonmanifoldEdges": 0,
            "inconsistentInteriorEdges": 0,
            "zeroArea": 0,
            "minimumArea": 5.910269037233762e-7,
            "skippedDegenerate": 0,
            "triangles": 104
          },
          "meaning": "保留原开/闭合形式和边界环数，细分可增加边数；没有把开放装饰强制封成结构实体"
        },
        {
          "name": "Lower_fuselage_join001",
          "passed": true,
          "original": {
            "weldEpsilon": 1e-12,
            "closed": true,
            "components": 1,
            "boundaryEdges": 0,
            "boundaryLoops": 0,
            "boundaryVerticesWithWrongDegree": 0,
            "nonmanifoldEdges": 0,
            "inconsistentInteriorEdges": 0,
            "zeroArea": 0,
            "minimumArea": 0.000008999996002014032,
            "skippedDegenerate": 0,
            "triangles": 12
          },
          "current": {
            "weldEpsilon": 1e-12,
            "closed": true,
            "components": 1,
            "boundaryEdges": 0,
            "boundaryLoops": 0,
            "boundaryVerticesWithWrongDegree": 0,
            "nonmanifoldEdges": 0,
            "inconsistentInteriorEdges": 0,
            "zeroArea": 0,
            "minimumArea": 0.00000900004111402277,
            "skippedDegenerate": 0,
            "triangles": 84
          },
          "meaning": "保留原开/闭合形式和边界环数，细分可增加边数；没有把开放装饰强制封成结构实体"
        },
        {
          "name": "Lower_fuselage_join002",
          "passed": true,
          "original": {
            "weldEpsilon": 1e-12,
            "closed": false,
            "components": 1,
            "boundaryEdges": 8,
            "boundaryLoops": 2,
            "boundaryVerticesWithWrongDegree": 0,
            "nonmanifoldEdges": 0,
            "inconsistentInteriorEdges": 0,
            "zeroArea": 0,
            "minimumArea": 0.0006506137501731361,
            "skippedDegenerate": 0,
            "triangles": 40
          },
          "current": {
            "weldEpsilon": 1e-12,
            "closed": false,
            "components": 1,
            "boundaryEdges": 8,
            "boundaryLoops": 2,
            "boundaryVerticesWithWrongDegree": 0,
            "nonmanifoldEdges": 0,
            "inconsistentInteriorEdges": 0,
            "zeroArea": 0,
            "minimumArea": 5.388928636555156e-7,
            "skippedDegenerate": 0,
            "triangles": 104
          },
          "meaning": "保留原开/闭合形式和边界环数，细分可增加边数；没有把开放装饰强制封成结构实体"
        },
        {
          "name": "Lower_fuselage_join003",
          "passed": true,
          "original": {
            "weldEpsilon": 1e-12,
            "closed": true,
            "components": 1,
            "boundaryEdges": 0,
            "boundaryLoops": 0,
            "boundaryVerticesWithWrongDegree": 0,
            "nonmanifoldEdges": 0,
            "inconsistentInteriorEdges": 0,
            "zeroArea": 0,
            "minimumArea": 0.000008999996002014032,
            "skippedDegenerate": 0,
            "triangles": 12
          },
          "current": {
            "weldEpsilon": 1e-12,
            "closed": true,
            "components": 1,
            "boundaryEdges": 0,
            "boundaryLoops": 0,
            "boundaryVerticesWithWrongDegree": 0,
            "nonmanifoldEdges": 0,
            "inconsistentInteriorEdges": 0,
            "zeroArea": 0,
            "minimumArea": 0.00000900004111402277,
            "skippedDegenerate": 0,
            "triangles": 84
          },
          "meaning": "保留原开/闭合形式和边界环数，细分可增加边数；没有把开放装饰强制封成结构实体"
        }
      ],
      "passed": true
    }
  ],
  "limitations": [
    "Actual decoded triangle area tolerance1e-18 and existing positive-volume1e-10; topology welding1e-12 unchanged",
    "Closed manifold topology/positive volume is not a proof of no self-intersections; cross-component collision audit remains separate"
  ]
}
